  0
SECTION
  2
HEADER
  9
$ACADVER
  1
AC1021
  9
$ACADMAINTVER
 70
    25
  9
$DWGCODEPAGE
  3
ANSI_1252
  9
$LASTSAVEDBY
  1
Pola
  9
$INSBASE
 10
0.0
 20
0.0
 30
0.0
  9
$EXTMIN
 10
-3157.6652
 20
-965.3234
 30
0.0
  9
$EXTMAX
 10
-2955.3121
 20
-908.6097
 30
0.0
  9
$LIMMIN
 10
0.0
 20
0.0
  9
$LIMMAX
 10
12.0
 20
9.0
  9
$ORTHOMODE
 70
     0
  9
$REGENMODE
 70
     1
  9
$FILLMODE
 70
     1
  9
$QTEXTMODE
 70
     0
  9
$MIRRTEXT
 70
     1
  9
$LTSCALE
 40
1.0
  9
$ATTMODE
 70
     1
  9
$TEXTSIZE
 40
0.2
  9
$TRACEWID
 40
0.05
  9
$TEXTSTYLE
  7
Standard
  9
$CLAYER
  8
0
  9
$CELTYPE
  6
ByLayer
  9
$CECOLOR
 62
   256
  9
$CELTSCALE
 40
1.0
  9
$DISPSILH
 70
     0
  9
$DIMSCALE
 40
1.0
  9
$DIMASZ
 40
0.18
  9
$DIMEXO
 40
0.0625
  9
$DIMDLI
 40
0.38
  9
$DIMRND
 40
0.0
  9
$DIMDLE
 40
0.0
  9
$DIMEXE
 40
0.18
  9
$DIMTP
 40
0.0
  9
$DIMTM
 40
0.0
  9
$DIMTXT
 40
0.18
  9
$DIMCEN
 40
0.09
  9
$DIMTSZ
 40
0.0
  9
$DIMTOL
 70
     0
  9
$DIMLIM
 70
     0
  9
$DIMTIH
 70
     1
  9
$DIMTOH
 70
     1
  9
$DIMSE1
 70
     0
  9
$DIMSE2
 70
     0
  9
$DIMTAD
 70
     0
  9
$DIMZIN
 70
     0
  9
$DIMBLK
  1

  9
$DIMASO
 70
     1
  9
$DIMSHO
 70
     1
  9
$DIMPOST
  1

  9
$DIMAPOST
  1

  9
$DIMALT
 70
     0
  9
$DIMALTD
 70
     2
  9
$DIMALTF
 40
25.4
  9
$DIMLFAC
 40
1.0
  9
$DIMTOFL
 70
     0
  9
$DIMTVP
 40
0.0
  9
$DIMTIX
 70
     0
  9
$DIMSOXD
 70
     0
  9
$DIMSAH
 70
     0
  9
$DIMBLK1
  1

  9
$DIMBLK2
  1

  9
$DIMSTYLE
  2
Standard
  9
$DIMCLRD
 70
     0
  9
$DIMCLRE
 70
     0
  9
$DIMCLRT
 70
     0
  9
$DIMTFAC
 40
1.0
  9
$DIMGAP
 40
0.09
  9
$DIMJUST
 70
     0
  9
$DIMSD1
 70
     0
  9
$DIMSD2
 70
     0
  9
$DIMTOLJ
 70
     1
  9
$DIMTZIN
 70
     0
  9
$DIMALTZ
 70
     0
  9
$DIMALTTZ
 70
     0
  9
$DIMUPT
 70
     0
  9
$DIMDEC
 70
     4
  9
$DIMTDEC
 70
     4
  9
$DIMALTU
 70
     2
  9
$DIMALTTD
 70
     2
  9
$DIMTXSTY
  7
Standard
  9
$DIMAUNIT
 70
     0
  9
$DIMADEC
 70
     0
  9
$DIMALTRND
 40
0.0
  9
$DIMAZIN
 70
     0
  9
$DIMDSEP
 70
    46
  9
$DIMATFIT
 70
     3
  9
$DIMFRAC
 70
     0
  9
$DIMLDRBLK
  1

  9
$DIMLUNIT
 70
     2
  9
$DIMLWD
 70
    -2
  9
$DIMLWE
 70
    -2
  9
$DIMTMOVE
 70
     0
  9
$DIMFXL
 40
1.0
  9
$DIMFXLON
 70
     0
  9
$DIMJOGANG
 40
0.7853981633974483
  9
$DIMTFILL
 70
     0
  9
$DIMTFILLCLR
 70
     0
  9
$DIMARCSYM
 70
     0
  9
$DIMLTYPE
  6

  9
$DIMLTEX1
  6

  9
$DIMLTEX2
  6

  9
$LUNITS
 70
     2
  9
$LUPREC
 70
     4
  9
$SKETCHINC
 40
0.1
  9
$FILLETRAD
 40
0.0
  9
$AUNITS
 70
     0
  9
$AUPREC
 70
     0
  9
$MENU
  1
.
  9
$ELEVATION
 40
0.0
  9
$PELEVATION
 40
0.0
  9
$THICKNESS
 40
0.0
  9
$LIMCHECK
 70
     0
  9
$CHAMFERA
 40
0.0
  9
$CHAMFERB
 40
0.0
  9
$CHAMFERC
 40
0.0
  9
$CHAMFERD
 40
0.0
  9
$SKPOLY
 70
     0
  9
$TDCREATE
 40
2461281.796699259
  9
$TDUCREATE
 40
2461281.671699259
  9
$TDUPDATE
 40
2461281.796699363
  9
$TDUUPDATE
 40
2461281.671699363
  9
$TDINDWG
 40
0.0000000116
  9
$TDUSRTIMER
 40
0.0000000116
  9
$USRTIMER
 70
     1
  9
$ANGBASE
 50
0.0
  9
$ANGDIR
 70
     0
  9
$PDMODE
 70
     0
  9
$PDSIZE
 40
0.0
  9
$PLINEWID
 40
0.0
  9
$SPLFRAME
 70
     0
  9
$SPLINETYPE
 70
     6
  9
$SPLINESEGS
 70
     8
  9
$HANDSEED
  5
D9
  9
$SURFTAB1
 70
     6
  9
$SURFTAB2
 70
     6
  9
$SURFTYPE
 70
     6
  9
$SURFU
 70
     6
  9
$SURFV
 70
     6
  9
$UCSBASE
  2

  9
$UCSNAME
  2

  9
$UCSORG
 10
0.0
 20
0.0
 30
0.0
  9
$UCSXDIR
 10
1.0
 20
0.0
 30
0.0
  9
$UCSYDIR
 10
0.0
 20
1.0
 30
0.0
  9
$UCSORTHOREF
  2

  9
$UCSORTHOVIEW
 70
     0
  9
$UCSORGTOP
 10
0.0
 20
0.0
 30
0.0
  9
$UCSORGBOTTOM
 10
0.0
 20
0.0
 30
0.0
  9
$UCSORGLEFT
 10
0.0
 20
0.0
 30
0.0
  9
$UCSORGRIGHT
 10
0.0
 20
0.0
 30
0.0
  9
$UCSORGFRONT
 10
0.0
 20
0.0
 30
0.0
  9
$UCSORGBACK
 10
0.0
 20
0.0
 30
0.0
  9
$PUCSBASE
  2

  9
$PUCSNAME
  2

  9
$PUCSORG
 10
0.0
 20
0.0
 30
0.0
  9
$PUCSXDIR
 10
1.0
 20
0.0
 30
0.0
  9
$PUCSYDIR
 10
0.0
 20
1.0
 30
0.0
  9
$PUCSORTHOREF
  2

  9
$PUCSORTHOVIEW
 70
     0
  9
$PUCSORGTOP
 10
0.0
 20
0.0
 30
0.0
  9
$PUCSORGBOTTOM
 10
0.0
 20
0.0
 30
0.0
  9
$PUCSORGLEFT
 10
0.0
 20
0.0
 30
0.0
  9
$PUCSORGRIGHT
 10
0.0
 20
0.0
 30
0.0
  9
$PUCSORGFRONT
 10
0.0
 20
0.0
 30
0.0
  9
$PUCSORGBACK
 10
0.0
 20
0.0
 30
0.0
  9
$USERI1
 70
     0
  9
$USERI2
 70
     0
  9
$USERI3
 70
     0
  9
$USERI4
 70
     0
  9
$USERI5
 70
     0
  9
$USERR1
 40
0.0
  9
$USERR2
 40
0.0
  9
$USERR3
 40
0.0
  9
$USERR4
 40
0.0
  9
$USERR5
 40
0.0
  9
$WORLDVIEW
 70
     1
  9
$SHADEDGE
 70
     3
  9
$SHADEDIF
 70
    70
  9
$TILEMODE
 70
     1
  9
$MAXACTVP
 70
    64
  9
$PINSBASE
 10
0.0
 20
0.0
 30
0.0
  9
$PLIMCHECK
 70
     0
  9
$PEXTMIN
 10
1.000000000000000E+20
 20
1.000000000000000E+20
 30
1.000000000000000E+20
  9
$PEXTMAX
 10
-1.000000000000000E+20
 20
-1.000000000000000E+20
 30
-1.000000000000000E+20
  9
$PLIMMIN
 10
0.0
 20
0.0
  9
$PLIMMAX
 10
12.0
 20
9.0
  9
$UNITMODE
 70
     0
  9
$VISRETAIN
 70
     1
  9
$PLINEGEN
 70
     0
  9
$PSLTSCALE
 70
     1
  9
$TREEDEPTH
 70
  3020
  9
$CMLSTYLE
  2
Standard
  9
$CMLJUST
 70
     0
  9
$CMLSCALE
 40
1.0
  9
$PROXYGRAPHICS
 70
     1
  9
$MEASUREMENT
 70
     0
  9
$CELWEIGHT
370
    -1
  9
$ENDCAPS
280
     0
  9
$JOINSTYLE
280
     0
  9
$LWDISPLAY
290
     0
  9
$INSUNITS
 70
     4
  9
$HYPERLINKBASE
  1

  9
$STYLESHEET
  1

  9
$XEDIT
290
     1
  9
$CEPSNTYPE
380
     0
  9
$PSTYLEMODE
290
     1
  9
$FINGERPRINTGUID
  2
{c3a1f6a1-e258-4657-9df0-4158047390e7}
  9
$VERSIONGUID
  2
{FAEB1C32-E019-11D5-929B-00C0DF256EC4}
  9
$EXTNAMES
290
     1
  9
$PSVPSCALE
 40
0.0
  9
$OLESTARTUP
290
     0
  9
$SORTENTS
280
   127
  9
$INDEXCTL
280
     0
  9
$HIDETEXT
280
     1
  9
$XCLIPFRAME
290
     0
  9
$HALOGAP
280
     0
  9
$OBSCOLOR
 70
   257
  9
$OBSLTYPE
280
     0
  9
$INTERSECTIONDISPLAY
280
     0
  9
$INTERSECTIONCOLOR
 70
   257
  9
$DIMASSOC
280
     2
  9
$PROJECTNAME
  1

  9
$CAMERADISPLAY
290
     0
  9
$LENSLENGTH
 40
50.0
  9
$CAMERAHEIGHT
 40
0.0
  9
$STEPSPERSEC
 40
2.0
  9
$STEPSIZE
 40
6.0
  9
$3DDWFPREC
 40
2.0
  9
$PSOLWIDTH
 40
0.25
  9
$PSOLHEIGHT
 40
4.0
  9
$LOFTANG1
 40
1.570796326794897
  9
$LOFTANG2
 40
1.570796326794897
  9
$LOFTMAG1
 40
0.0
  9
$LOFTMAG2
 40
0.0
  9
$LOFTPARAM
 70
     7
  9
$LOFTNORMALS
280
     1
  9
$LATITUDE
 40
37.795
  9
$LONGITUDE
 40
-122.394
  9
$NORTHDIRECTION
 40
0.0
  9
$TIMEZONE
 70
 -8000
  9
$LIGHTGLYPHDISPLAY
280
     1
  9
$TILEMODELIGHTSYNCH
280
     1
  9
$CMATERIAL
347
44
  9
$SOLIDHIST
280
     0
  9
$SHOWHIST
280
     1
  9
$DWFFRAME
280
     2
  9
$DGNFRAME
280
     2
  9
$REALWORLDSCALE
290
     1
  9
$INTERFERECOLOR
 62
   256
  9
$CSHADOW
280
     0
  9
$SHADOWPLANELOCATION
 40
0.0
  0
ENDSEC
  0
SECTION
  2
CLASSES
  0
CLASS
  1
ACDBDICTIONARYWDFLT
  2
AcDbDictionaryWithDefault
  3
ObjectDBX Classes
 90
        0
 91
        3
280
     0
281
     0
  0
CLASS
  1
VISUALSTYLE
  2
AcDbVisualStyle
  3
ObjectDBX Classes
 90
     4095
 91
        3
280
     0
281
     0
  0
CLASS
  1
MATERIAL
  2
AcDbMaterial
  3
ObjectDBX Classes
 90
     1153
 91
        3
280
     0
281
     0
  0
CLASS
  1
SCALE
  2
AcDbScale
  3
ObjectDBX Classes
 90
     1153
 91
        3
280
     0
281
     0
  0
CLASS
  1
TABLESTYLE
  2
AcDbTableStyle
  3
ObjectDBX Classes
 90
     4095
 91
        3
280
     0
281
     0
  0
CLASS
  1
MLEADERSTYLE
  2
AcDbMLeaderStyle
  3
ACDB_MLEADERSTYLE_CLASS
 90
     4095
 91
        3
280
     0
281
     0
  0
CLASS
  1
SUN
  2
AcDbSun
  3
SCENEOE
 90
     1153
 91
        3
280
     0
281
     0
  0
CLASS
  1
DICTIONARYVAR
  2
AcDbDictionaryVar
  3
ObjectDBX Classes
 90
        0
 91
        3
280
     0
281
     0
  0
CLASS
  1
CELLSTYLEMAP
  2
AcDbCellStyleMap
  3
ObjectDBX Classes
 90
     1152
 91
        3
280
     0
281
     0
  0
ENDSEC
  0
SECTION
  2
TABLES
  0
TABLE
  2
VPORT
  5
8
330
0
100
AcDbSymbolTable
 70
     1
  0
VPORT
  5
29
330
8
100
AcDbSymbolTableRecord
100
AcDbViewportTableRecord
  2
*Active
 70
     0
 10
0.0
 20
0.0
 11
1.0
 21
1.0
 12
10.42990654205607
 22
4.5
 13
0.0
 23
0.0
 14
0.5
 24
0.5
 15
0.5
 25
0.5
 16
0.0
 26
0.0
 36
1.0
 17
0.0
 27
0.0
 37
0.0
 40
9.0
 41
1.972972972850329
 42
50.0
 43
0.0
 44
0.0
 50
0.0
 51
0.0
 71
     0
 72
   100
 73
     1
 74
     3
 75
     0
 76
     0
 77
     0
 78
     0
281
     0
 65
     1
110
0.0
120
0.0
130
0.0
111
1.0
121
0.0
131
0.0
112
0.0
122
1.0
132
0.0
 79
     0
146
0.0
348
2F
 60
     3
 61
     5
292
     1
282
     1
141
0.0
142
0.0
 63
   250
361
5D
  0
ENDTAB
  0
TABLE
  2
LTYPE
  5
5
330
0
100
AcDbSymbolTable
 70
     1
  0
LTYPE
  5
14
330
5
100
AcDbSymbolTableRecord
100
AcDbLinetypeTableRecord
  2
ByBlock
 70
     0
  3

 72
    65
 73
     0
 40
0.0
  0
LTYPE
  5
15
330
5
100
AcDbSymbolTableRecord
100
AcDbLinetypeTableRecord
  2
ByLayer
 70
     0
  3

 72
    65
 73
     0
 40
0.0
  0
LTYPE
  5
16
330
5
100
AcDbSymbolTableRecord
100
AcDbLinetypeTableRecord
  2
Continuous
 70
     0
  3
Solid line
 72
    65
 73
     0
 40
0.0
  0
ENDTAB
  0
TABLE
  2
LAYER
  5
2
330
0
100
AcDbSymbolTable
 70
     2
  0
LAYER
  5
10
330
2
100
AcDbSymbolTableRecord
100
AcDbLayerTableRecord
  2
0
 70
     0
 62
     7
  6
Continuous
370
    -3
390
F
347
46
  0
LAYER
  5
5F
330
2
100
AcDbSymbolTableRecord
100
AcDbLayerTableRecord
  2
Layer 1
 70
     0
 62
     7
  6
Continuous
370
    -3
390
F
347
46
  0
ENDTAB
  0
TABLE
  2
STYLE
  5
3
330
0
100
AcDbSymbolTable
 70
     1
  0
STYLE
  5
11
330
3
100
AcDbSymbolTableRecord
100
AcDbTextStyleTableRecord
  2
Standard
 70
     0
 40
0.0
 41
1.0
 50
0.0
 71
     0
 42
0.2
  3
txt
  4

  0
ENDTAB
  0
TABLE
  2
VIEW
  5
6
330
0
100
AcDbSymbolTable
 70
     0
  0
ENDTAB
  0
TABLE
  2
UCS
  5
7
330
0
100
AcDbSymbolTable
 70
     0
  0
ENDTAB
  0
TABLE
  2
APPID
  5
9
330
0
100
AcDbSymbolTable
 70
     3
  0
APPID
  5
12
330
9
100
AcDbSymbolTableRecord
100
AcDbRegAppTableRecord
  2
ACAD
 70
     0
  0
APPID
  5
5E
330
9
100
AcDbSymbolTableRecord
100
AcDbRegAppTableRecord
  2
ODA
 70
     0
  0
APPID
  5
D1
330
9
100
AcDbSymbolTableRecord
100
AcDbRegAppTableRecord
  2
ACAD_MLEADERVER
 70
     0
  0
ENDTAB
  0
TABLE
  2
DIMSTYLE
  5
A
330
0
100
AcDbSymbolTable
 70
     1
100
AcDbDimStyleTable
  0
DIMSTYLE
105
27
330
A
100
AcDbSymbolTableRecord
100
AcDbDimStyleTableRecord
  2
Standard
 70
     0
178
     0
340
11
  0
ENDTAB
  0
TABLE
  2
BLOCK_RECORD
  5
1
330
0
100
AcDbSymbolTable
 70
     1
  0
BLOCK_RECORD
  5
1F
330
1
100
AcDbSymbolTableRecord
100
AcDbBlockTableRecord
  2
*Model_Space
340
22
 70
     0
280
     1
281
     0
  0
BLOCK_RECORD
  5
1B
330
1
100
AcDbSymbolTableRecord
100
AcDbBlockTableRecord
  2
*Paper_Space
340
1E
 70
     0
280
     1
281
     0
  0
BLOCK_RECORD
  5
23
330
1
100
AcDbSymbolTableRecord
100
AcDbBlockTableRecord
  2
*Paper_Space0
340
26
 70
     0
280
     1
281
     0
  0
ENDTAB
  0
ENDSEC
  0
SECTION
  2
BLOCKS
  0
BLOCK
  5
20
330
1F
100
AcDbEntity
  8
0
100
AcDbBlockBegin
  2
*Model_Space
 70
     0
 10
0.0
 20
0.0
 30
0.0
  3
*Model_Space
  1

  0
ENDBLK
  5
21
330
1F
100
AcDbEntity
  8
0
100
AcDbBlockEnd
  0
BLOCK
  5
1C
330
1B
100
AcDbEntity
 67
     1
  8
0
100
AcDbBlockBegin
  2
*Paper_Space
 70
     0
 10
0.0
 20
0.0
 30
0.0
  3
*Paper_Space
  1

  0
ENDBLK
  5
1D
330
1B
100
AcDbEntity
 67
     1
  8
0
100
AcDbBlockEnd
  0
BLOCK
  5
24
330
23
100
AcDbEntity
  8
0
100
AcDbBlockBegin
  2
*Paper_Space0
 70
     0
 10
0.0
 20
0.0
 30
0.0
  3
*Paper_Space0
  1

  0
ENDBLK
  5
25
330
23
100
AcDbEntity
  8
0
100
AcDbBlockEnd
  0
ENDSEC
  0
SECTION
  2
ENTITIES
  0
SPLINE
  5
60
330
1F
100
AcDbEntity
  8
Layer 1
 62
     1
370
     9
100
AcDbSpline
210
0.0
220
0.0
230
1.0
 70
    11
 71
     3
 72
  2159
 73
  2155
 74
     0
 42
0.0000000001
 43
0.0000000001
 40
0.0
 40
0.0
 40
0.0
 40
0.0
 40
0.0013927576601671
 40
0.0013927576601671
 40
0.0013927576601671
 40
0.0027855153203343
 40
0.0027855153203343
 40
0.0027855153203343
 40
0.0041782729805014
 40
0.0041782729805014
 40
0.0041782729805014
 40
0.0055710306406685
 40
0.0055710306406685
 40
0.0055710306406685
 40
0.0069637883008357
 40
0.0069637883008357
 40
0.0069637883008357
 40
0.0083565459610028
 40
0.0083565459610028
 40
0.0083565459610028
 40
0.0097493036211699
 40
0.0097493036211699
 40
0.0097493036211699
 40
0.011142061281337
 40
0.011142061281337
 40
0.011142061281337
 40
0.0125348189415042
 40
0.0125348189415042
 40
0.0125348189415042
 40
0.0139275766016713
 40
0.0139275766016713
 40
0.0139275766016713
 40
0.0153203342618384
 40
0.0153203342618384
 40
0.0153203342618384
 40
0.0167130919220056
 40
0.0167130919220056
 40
0.0167130919220056
 40
0.0181058495821727
 40
0.0181058495821727
 40
0.0181058495821727
 40
0.0194986072423398
 40
0.0194986072423398
 40
0.0194986072423398
 40
0.020891364902507
 40
0.020891364902507
 40
0.020891364902507
 40
0.0222841225626741
 40
0.0222841225626741
 40
0.0222841225626741
 40
0.0236768802228412
 40
0.0236768802228412
 40
0.0236768802228412
 40
0.0250696378830084
 40
0.0250696378830084
 40
0.0250696378830084
 40
0.0264623955431755
 40
0.0264623955431755
 40
0.0264623955431755
 40
0.0278551532033426
 40
0.0278551532033426
 40
0.0278551532033426
 40
0.0292479108635097
 40
0.0292479108635097
 40
0.0292479108635097
 40
0.0306406685236769
 40
0.0306406685236769
 40
0.0306406685236769
 40
0.032033426183844
 40
0.032033426183844
 40
0.032033426183844
 40
0.0334261838440111
 40
0.0334261838440111
 40
0.0334261838440111
 40
0.0348189415041783
 40
0.0348189415041783
 40
0.0348189415041783
 40
0.0362116991643454
 40
0.0362116991643454
 40
0.0362116991643454
 40
0.0376044568245125
 40
0.0376044568245125
 40
0.0376044568245125
 40
0.0389972144846797
 40
0.0389972144846797
 40
0.0389972144846797
 40
0.0403899721448468
 40
0.0403899721448468
 40
0.0403899721448468
 40
0.0417827298050139
 40
0.0417827298050139
 40
0.0417827298050139
 40
0.0431754874651811
 40
0.0431754874651811
 40
0.0431754874651811
 40
0.0445682451253482
 40
0.0445682451253482
 40
0.0445682451253482
 40
0.0459610027855153
 40
0.0459610027855153
 40
0.0459610027855153
 40
0.0473537604456825
 40
0.0473537604456825
 40
0.0473537604456825
 40
0.0487465181058496
 40
0.0487465181058496
 40
0.0487465181058496
 40
0.0501392757660167
 40
0.0501392757660167
 40
0.0501392757660167
 40
0.0515320334261838
 40
0.0515320334261838
 40
0.0515320334261838
 40
0.052924791086351
 40
0.052924791086351
 40
0.052924791086351
 40
0.0543175487465181
 40
0.0543175487465181
 40
0.0543175487465181
 40
0.0557103064066852
 40
0.0557103064066852
 40
0.0557103064066852
 40
0.0571030640668524
 40
0.0571030640668524
 40
0.0571030640668524
 40
0.0584958217270195
 40
0.0584958217270195
 40
0.0584958217270195
 40
0.0598885793871866
 40
0.0598885793871866
 40
0.0598885793871866
 40
0.0612813370473538
 40
0.0612813370473538
 40
0.0612813370473538
 40
0.0626740947075209
 40
0.0626740947075209
 40
0.0626740947075209
 40
0.064066852367688
 40
0.064066852367688
 40
0.064066852367688
 40
0.0654596100278552
 40
0.0654596100278552
 40
0.0654596100278552
 40
0.0668523676880223
 40
0.0668523676880223
 40
0.0668523676880223
 40
0.0682451253481894
 40
0.0682451253481894
 40
0.0682451253481894
 40
0.0696378830083565
 40
0.0696378830083565
 40
0.0696378830083565
 40
0.0710306406685237
 40
0.0710306406685237
 40
0.0710306406685237
 40
0.0724233983286908
 40
0.0724233983286908
 40
0.0724233983286908
 40
0.0738161559888579
 40
0.0738161559888579
 40
0.0738161559888579
 40
0.0752089136490251
 40
0.0752089136490251
 40
0.0752089136490251
 40
0.0766016713091922
 40
0.0766016713091922
 40
0.0766016713091922
 40
0.0779944289693593
 40
0.0779944289693593
 40
0.0779944289693593
 40
0.0793871866295265
 40
0.0793871866295265
 40
0.0793871866295265
 40
0.0807799442896936
 40
0.0807799442896936
 40
0.0807799442896936
 40
0.0821727019498607
 40
0.0821727019498607
 40
0.0821727019498607
 40
0.0835654596100279
 40
0.0835654596100279
 40
0.0835654596100279
 40
0.084958217270195
 40
0.084958217270195
 40
0.084958217270195
 40
0.0863509749303621
 40
0.0863509749303621
 40
0.0863509749303621
 40
0.0877437325905292
 40
0.0877437325905292
 40
0.0877437325905292
 40
0.0891364902506964
 40
0.0891364902506964
 40
0.0891364902506964
 40
0.0905292479108635
 40
0.0905292479108635
 40
0.0905292479108635
 40
0.0919220055710306
 40
0.0919220055710306
 40
0.0919220055710306
 40
0.0933147632311978
 40
0.0933147632311978
 40
0.0933147632311978
 40
0.0947075208913649
 40
0.0947075208913649
 40
0.0947075208913649
 40
0.096100278551532
 40
0.096100278551532
 40
0.096100278551532
 40
0.0974930362116992
 40
0.0974930362116992
 40
0.0974930362116992
 40
0.0988857938718663
 40
0.0988857938718663
 40
0.0988857938718663
 40
0.1002785515320334
 40
0.1002785515320334
 40
0.1002785515320334
 40
0.1016713091922006
 40
0.1016713091922006
 40
0.1016713091922006
 40
0.1030640668523677
 40
0.1030640668523677
 40
0.1030640668523677
 40
0.1044568245125348
 40
0.1044568245125348
 40
0.1044568245125348
 40
0.1058495821727019
 40
0.1058495821727019
 40
0.1058495821727019
 40
0.1072423398328691
 40
0.1072423398328691
 40
0.1072423398328691
 40
0.1086350974930362
 40
0.1086350974930362
 40
0.1086350974930362
 40
0.1100278551532033
 40
0.1100278551532033
 40
0.1100278551532033
 40
0.1114206128133705
 40
0.1114206128133705
 40
0.1114206128133705
 40
0.1128133704735376
 40
0.1128133704735376
 40
0.1128133704735376
 40
0.1142061281337047
 40
0.1142061281337047
 40
0.1142061281337047
 40
0.1155988857938719
 40
0.1155988857938719
 40
0.1155988857938719
 40
0.116991643454039
 40
0.116991643454039
 40
0.116991643454039
 40
0.1183844011142061
 40
0.1183844011142061
 40
0.1183844011142061
 40
0.1197771587743733
 40
0.1197771587743733
 40
0.1197771587743733
 40
0.1211699164345404
 40
0.1211699164345404
 40
0.1211699164345404
 40
0.1225626740947075
 40
0.1225626740947075
 40
0.1225626740947075
 40
0.1239554317548747
 40
0.1239554317548747
 40
0.1239554317548747
 40
0.1253481894150418
 40
0.1253481894150418
 40
0.1253481894150418
 40
0.1267409470752089
 40
0.1267409470752089
 40
0.1267409470752089
 40
0.1281337047353761
 40
0.1281337047353761
 40
0.1281337047353761
 40
0.1295264623955432
 40
0.1295264623955432
 40
0.1295264623955432
 40
0.1309192200557103
 40
0.1309192200557103
 40
0.1309192200557103
 40
0.1323119777158774
 40
0.1323119777158774
 40
0.1323119777158774
 40
0.1337047353760446
 40
0.1337047353760446
 40
0.1337047353760446
 40
0.1350974930362117
 40
0.1350974930362117
 40
0.1350974930362117
 40
0.1364902506963788
 40
0.1364902506963788
 40
0.1364902506963788
 40
0.137883008356546
 40
0.137883008356546
 40
0.137883008356546
 40
0.1392757660167131
 40
0.1392757660167131
 40
0.1392757660167131
 40
0.1406685236768802
 40
0.1406685236768802
 40
0.1406685236768802
 40
0.1420612813370473
 40
0.1420612813370473
 40
0.1420612813370473
 40
0.1434540389972145
 40
0.1434540389972145
 40
0.1434540389972145
 40
0.1448467966573816
 40
0.1448467966573816
 40
0.1448467966573816
 40
0.1462395543175488
 40
0.1462395543175488
 40
0.1462395543175488
 40
0.1476323119777159
 40
0.1476323119777159
 40
0.1476323119777159
 40
0.149025069637883
 40
0.149025069637883
 40
0.149025069637883
 40
0.1504178272980501
 40
0.1504178272980501
 40
0.1504178272980501
 40
0.1518105849582173
 40
0.1518105849582173
 40
0.1518105849582173
 40
0.1532033426183844
 40
0.1532033426183844
 40
0.1532033426183844
 40
0.1545961002785515
 40
0.1545961002785515
 40
0.1545961002785515
 40
0.1559888579387187
 40
0.1559888579387187
 40
0.1559888579387187
 40
0.1573816155988858
 40
0.1573816155988858
 40
0.1573816155988858
 40
0.1587743732590529
 40
0.1587743732590529
 40
0.1587743732590529
 40
0.1601671309192201
 40
0.1601671309192201
 40
0.1601671309192201
 40
0.1615598885793872
 40
0.1615598885793872
 40
0.1615598885793872
 40
0.1629526462395543
 40
0.1629526462395543
 40
0.1629526462395543
 40
0.1643454038997214
 40
0.1643454038997214
 40
0.1643454038997214
 40
0.1657381615598886
 40
0.1657381615598886
 40
0.1657381615598886
 40
0.1671309192200557
 40
0.1671309192200557
 40
0.1671309192200557
 40
0.1685236768802229
 40
0.1685236768802229
 40
0.1685236768802229
 40
0.16991643454039
 40
0.16991643454039
 40
0.16991643454039
 40
0.1713091922005571
 40
0.1713091922005571
 40
0.1713091922005571
 40
0.1727019498607242
 40
0.1727019498607242
 40
0.1727019498607242
 40
0.1740947075208914
 40
0.1740947075208914
 40
0.1740947075208914
 40
0.1754874651810585
 40
0.1754874651810585
 40
0.1754874651810585
 40
0.1768802228412256
 40
0.1768802228412256
 40
0.1768802228412256
 40
0.1782729805013928
 40
0.1782729805013928
 40
0.1782729805013928
 40
0.1796657381615599
 40
0.1796657381615599
 40
0.1796657381615599
 40
0.181058495821727
 40
0.181058495821727
 40
0.181058495821727
 40
0.1824512534818941
 40
0.1824512534818941
 40
0.1824512534818941
 40
0.1838440111420613
 40
0.1838440111420613
 40
0.1838440111420613
 40
0.1852367688022284
 40
0.1852367688022284
 40
0.1852367688022284
 40
0.1866295264623956
 40
0.1866295264623956
 40
0.1866295264623956
 40
0.1880222841225627
 40
0.1880222841225627
 40
0.1880222841225627
 40
0.1894150417827298
 40
0.1894150417827298
 40
0.1894150417827298
 40
0.1908077994428969
 40
0.1908077994428969
 40
0.1908077994428969
 40
0.1922005571030641
 40
0.1922005571030641
 40
0.1922005571030641
 40
0.1935933147632312
 40
0.1935933147632312
 40
0.1935933147632312
 40
0.1949860724233983
 40
0.1949860724233983
 40
0.1949860724233983
 40
0.1963788300835655
 40
0.1963788300835655
 40
0.1963788300835655
 40
0.1977715877437326
 40
0.1977715877437326
 40
0.1977715877437326
 40
0.1991643454038997
 40
0.1991643454038997
 40
0.1991643454038997
 40
0.2005571030640668
 40
0.2005571030640668
 40
0.2005571030640668
 40
0.201949860724234
 40
0.201949860724234
 40
0.201949860724234
 40
0.2033426183844011
 40
0.2033426183844011
 40
0.2033426183844011
 40
0.2047353760445682
 40
0.2047353760445682
 40
0.2047353760445682
 40
0.2061281337047354
 40
0.2061281337047354
 40
0.2061281337047354
 40
0.2075208913649025
 40
0.2075208913649025
 40
0.2075208913649025
 40
0.2089136490250696
 40
0.2089136490250696
 40
0.2089136490250696
 40
0.2103064066852368
 40
0.2103064066852368
 40
0.2103064066852368
 40
0.2116991643454039
 40
0.2116991643454039
 40
0.2116991643454039
 40
0.213091922005571
 40
0.213091922005571
 40
0.213091922005571
 40
0.2144846796657382
 40
0.2144846796657382
 40
0.2144846796657382
 40
0.2158774373259053
 40
0.2158774373259053
 40
0.2158774373259053
 40
0.2172701949860724
 40
0.2172701949860724
 40
0.2172701949860724
 40
0.2186629526462396
 40
0.2186629526462396
 40
0.2186629526462396
 40
0.2200557103064067
 40
0.2200557103064067
 40
0.2200557103064067
 40
0.2214484679665738
 40
0.2214484679665738
 40
0.2214484679665738
 40
0.2228412256267409
 40
0.2228412256267409
 40
0.2228412256267409
 40
0.2242339832869081
 40
0.2242339832869081
 40
0.2242339832869081
 40
0.2256267409470752
 40
0.2256267409470752
 40
0.2256267409470752
 40
0.2270194986072424
 40
0.2270194986072424
 40
0.2270194986072424
 40
0.2284122562674095
 40
0.2284122562674095
 40
0.2284122562674095
 40
0.2298050139275766
 40
0.2298050139275766
 40
0.2298050139275766
 40
0.2311977715877437
 40
0.2311977715877437
 40
0.2311977715877437
 40
0.2325905292479109
 40
0.2325905292479109
 40
0.2325905292479109
 40
0.233983286908078
 40
0.233983286908078
 40
0.233983286908078
 40
0.2353760445682451
 40
0.2353760445682451
 40
0.2353760445682451
 40
0.2367688022284123
 40
0.2367688022284123
 40
0.2367688022284123
 40
0.2381615598885794
 40
0.2381615598885794
 40
0.2381615598885794
 40
0.2395543175487465
 40
0.2395543175487465
 40
0.2395543175487465
 40
0.2409470752089136
 40
0.2409470752089136
 40
0.2409470752089136
 40
0.2423398328690808
 40
0.2423398328690808
 40
0.2423398328690808
 40
0.2437325905292479
 40
0.2437325905292479
 40
0.2437325905292479
 40
0.245125348189415
 40
0.245125348189415
 40
0.245125348189415
 40
0.2465181058495822
 40
0.2465181058495822
 40
0.2465181058495822
 40
0.2479108635097493
 40
0.2479108635097493
 40
0.2479108635097493
 40
0.2493036211699164
 40
0.2493036211699164
 40
0.2493036211699164
 40
0.2506963788300836
 40
0.2506963788300836
 40
0.2506963788300836
 40
0.2520891364902507
 40
0.2520891364902507
 40
0.2520891364902507
 40
0.2534818941504178
 40
0.2534818941504178
 40
0.2534818941504178
 40
0.2548746518105849
 40
0.2548746518105849
 40
0.2548746518105849
 40
0.2562674094707521
 40
0.2562674094707521
 40
0.2562674094707521
 40
0.2576601671309192
 40
0.2576601671309192
 40
0.2576601671309192
 40
0.2590529247910863
 40
0.2590529247910863
 40
0.2590529247910863
 40
0.2604456824512535
 40
0.2604456824512535
 40
0.2604456824512535
 40
0.2618384401114206
 40
0.2618384401114206
 40
0.2618384401114206
 40
0.2632311977715878
 40
0.2632311977715878
 40
0.2632311977715878
 40
0.2646239554317549
 40
0.2646239554317549
 40
0.2646239554317549
 40
0.266016713091922
 40
0.266016713091922
 40
0.266016713091922
 40
0.2674094707520892
 40
0.2674094707520892
 40
0.2674094707520892
 40
0.2688022284122563
 40
0.2688022284122563
 40
0.2688022284122563
 40
0.2701949860724234
 40
0.2701949860724234
 40
0.2701949860724234
 40
0.2715877437325905
 40
0.2715877437325905
 40
0.2715877437325905
 40
0.2729805013927576
 40
0.2729805013927576
 40
0.2729805013927576
 40
0.2743732590529248
 40
0.2743732590529248
 40
0.2743732590529248
 40
0.2757660167130919
 40
0.2757660167130919
 40
0.2757660167130919
 40
0.277158774373259
 40
0.277158774373259
 40
0.277158774373259
 40
0.2785515320334262
 40
0.2785515320334262
 40
0.2785515320334262
 40
0.2799442896935933
 40
0.2799442896935933
 40
0.2799442896935933
 40
0.2813370473537605
 40
0.2813370473537605
 40
0.2813370473537605
 40
0.2827298050139276
 40
0.2827298050139276
 40
0.2827298050139276
 40
0.2841225626740947
 40
0.2841225626740947
 40
0.2841225626740947
 40
0.2855153203342619
 40
0.2855153203342619
 40
0.2855153203342619
 40
0.286908077994429
 40
0.286908077994429
 40
0.286908077994429
 40
0.2883008356545961
 40
0.2883008356545961
 40
0.2883008356545961
 40
0.2896935933147632
 40
0.2896935933147632
 40
0.2896935933147632
 40
0.2910863509749304
 40
0.2910863509749304
 40
0.2910863509749304
 40
0.2924791086350975
 40
0.2924791086350975
 40
0.2924791086350975
 40
0.2938718662952646
 40
0.2938718662952646
 40
0.2938718662952646
 40
0.2952646239554317
 40
0.2952646239554317
 40
0.2952646239554317
 40
0.2966573816155989
 40
0.2966573816155989
 40
0.2966573816155989
 40
0.298050139275766
 40
0.298050139275766
 40
0.298050139275766
 40
0.2994428969359331
 40
0.2994428969359331
 40
0.2994428969359331
 40
0.3008356545961003
 40
0.3008356545961003
 40
0.3008356545961003
 40
0.3022284122562674
 40
0.3022284122562674
 40
0.3022284122562674
 40
0.3036211699164346
 40
0.3036211699164346
 40
0.3036211699164346
 40
0.3050139275766017
 40
0.3050139275766017
 40
0.3050139275766017
 40
0.3064066852367688
 40
0.3064066852367688
 40
0.3064066852367688
 40
0.3077994428969359
 40
0.3077994428969359
 40
0.3077994428969359
 40
0.3091922005571031
 40
0.3091922005571031
 40
0.3091922005571031
 40
0.3105849582172702
 40
0.3105849582172702
 40
0.3105849582172702
 40
0.3119777158774373
 40
0.3119777158774373
 40
0.3119777158774373
 40
0.3133704735376044
 40
0.3133704735376044
 40
0.3133704735376044
 40
0.3147632311977716
 40
0.3147632311977716
 40
0.3147632311977716
 40
0.3161559888579387
 40
0.3161559888579387
 40
0.3161559888579387
 40
0.3175487465181058
 40
0.3175487465181058
 40
0.3175487465181058
 40
0.318941504178273
 40
0.318941504178273
 40
0.318941504178273
 40
0.3203342618384401
 40
0.3203342618384401
 40
0.3203342618384401
 40
0.3217270194986073
 40
0.3217270194986073
 40
0.3217270194986073
 40
0.3231197771587744
 40
0.3231197771587744
 40
0.3231197771587744
 40
0.3245125348189415
 40
0.3245125348189415
 40
0.3245125348189415
 40
0.3259052924791087
 40
0.3259052924791087
 40
0.3259052924791087
 40
0.3272980501392758
 40
0.3272980501392758
 40
0.3272980501392758
 40
0.3286908077994429
 40
0.3286908077994429
 40
0.3286908077994429
 40
0.33008356545961
 40
0.33008356545961
 40
0.33008356545961
 40
0.3314763231197771
 40
0.3314763231197771
 40
0.3314763231197771
 40
0.3328690807799443
 40
0.3328690807799443
 40
0.3328690807799443
 40
0.3342618384401114
 40
0.3342618384401114
 40
0.3342618384401114
 40
0.3356545961002785
 40
0.3356545961002785
 40
0.3356545961002785
 40
0.3370473537604457
 40
0.3370473537604457
 40
0.3370473537604457
 40
0.3384401114206128
 40
0.3384401114206128
 40
0.3384401114206128
 40
0.3398328690807799
 40
0.3398328690807799
 40
0.3398328690807799
 40
0.3412256267409471
 40
0.3412256267409471
 40
0.3412256267409471
 40
0.3426183844011142
 40
0.3426183844011142
 40
0.3426183844011142
 40
0.3440111420612814
 40
0.3440111420612814
 40
0.3440111420612814
 40
0.3454038997214485
 40
0.3454038997214485
 40
0.3454038997214485
 40
0.3467966573816156
 40
0.3467966573816156
 40
0.3467966573816156
 40
0.3481894150417827
 40
0.3481894150417827
 40
0.3481894150417827
 40
0.3495821727019499
 40
0.3495821727019499
 40
0.3495821727019499
 40
0.350974930362117
 40
0.350974930362117
 40
0.350974930362117
 40
0.3523676880222841
 40
0.3523676880222841
 40
0.3523676880222841
 40
0.3537604456824512
 40
0.3537604456824512
 40
0.3537604456824512
 40
0.3551532033426184
 40
0.3551532033426184
 40
0.3551532033426184
 40
0.3565459610027855
 40
0.3565459610027855
 40
0.3565459610027855
 40
0.3579387186629526
 40
0.3579387186629526
 40
0.3579387186629526
 40
0.3593314763231198
 40
0.3593314763231198
 40
0.3593314763231198
 40
0.3607242339832869
 40
0.3607242339832869
 40
0.3607242339832869
 40
0.3621169916434541
 40
0.3621169916434541
 40
0.3621169916434541
 40
0.3635097493036212
 40
0.3635097493036212
 40
0.3635097493036212
 40
0.3649025069637883
 40
0.3649025069637883
 40
0.3649025069637883
 40
0.3662952646239555
 40
0.3662952646239555
 40
0.3662952646239555
 40
0.3676880222841226
 40
0.3676880222841226
 40
0.3676880222841226
 40
0.3690807799442897
 40
0.3690807799442897
 40
0.3690807799442897
 40
0.3704735376044568
 40
0.3704735376044568
 40
0.3704735376044568
 40
0.3718662952646239
 40
0.3718662952646239
 40
0.3718662952646239
 40
0.3732590529247911
 40
0.3732590529247911
 40
0.3732590529247911
 40
0.3746518105849582
 40
0.3746518105849582
 40
0.3746518105849582
 40
0.3760445682451253
 40
0.3760445682451253
 40
0.3760445682451253
 40
0.3774373259052925
 40
0.3774373259052925
 40
0.3774373259052925
 40
0.3788300835654596
 40
0.3788300835654596
 40
0.3788300835654596
 40
0.3802228412256267
 40
0.3802228412256267
 40
0.3802228412256267
 40
0.3816155988857939
 40
0.3816155988857939
 40
0.3816155988857939
 40
0.383008356545961
 40
0.383008356545961
 40
0.383008356545961
 40
0.3844011142061282
 40
0.3844011142061282
 40
0.3844011142061282
 40
0.3857938718662953
 40
0.3857938718662953
 40
0.3857938718662953
 40
0.3871866295264624
 40
0.3871866295264624
 40
0.3871866295264624
 40
0.3885793871866295
 40
0.3885793871866295
 40
0.3885793871866295
 40
0.3899721448467967
 40
0.3899721448467967
 40
0.3899721448467967
 40
0.3913649025069638
 40
0.3913649025069638
 40
0.3913649025069638
 40
0.3927576601671309
 40
0.3927576601671309
 40
0.3927576601671309
 40
0.394150417827298
 40
0.394150417827298
 40
0.394150417827298
 40
0.3955431754874652
 40
0.3955431754874652
 40
0.3955431754874652
 40
0.3969359331476323
 40
0.3969359331476323
 40
0.3969359331476323
 40
0.3983286908077994
 40
0.3983286908077994
 40
0.3983286908077994
 40
0.3997214484679666
 40
0.3997214484679666
 40
0.3997214484679666
 40
0.4011142061281337
 40
0.4011142061281337
 40
0.4011142061281337
 40
0.4025069637883009
 40
0.4025069637883009
 40
0.4025069637883009
 40
0.403899721448468
 40
0.403899721448468
 40
0.403899721448468
 40
0.4052924791086351
 40
0.4052924791086351
 40
0.4052924791086351
 40
0.4066852367688022
 40
0.4066852367688022
 40
0.4066852367688022
 40
0.4080779944289694
 40
0.4080779944289694
 40
0.4080779944289694
 40
0.4094707520891365
 40
0.4094707520891365
 40
0.4094707520891365
 40
0.4108635097493036
 40
0.4108635097493036
 40
0.4108635097493036
 40
0.4122562674094707
 40
0.4122562674094707
 40
0.4122562674094707
 40
0.4136490250696379
 40
0.4136490250696379
 40
0.4136490250696379
 40
0.415041782729805
 40
0.415041782729805
 40
0.415041782729805
 40
0.4164345403899721
 40
0.4164345403899721
 40
0.4164345403899721
 40
0.4178272980501393
 40
0.4178272980501393
 40
0.4178272980501393
 40
0.4192200557103064
 40
0.4192200557103064
 40
0.4192200557103064
 40
0.4206128133704735
 40
0.4206128133704735
 40
0.4206128133704735
 40
0.4220055710306407
 40
0.4220055710306407
 40
0.4220055710306407
 40
0.4233983286908078
 40
0.4233983286908078
 40
0.4233983286908078
 40
0.424791086350975
 40
0.424791086350975
 40
0.424791086350975
 40
0.4261838440111421
 40
0.4261838440111421
 40
0.4261838440111421
 40
0.4275766016713092
 40
0.4275766016713092
 40
0.4275766016713092
 40
0.4289693593314763
 40
0.4289693593314763
 40
0.4289693593314763
 40
0.4303621169916435
 40
0.4303621169916435
 40
0.4303621169916435
 40
0.4317548746518106
 40
0.4317548746518106
 40
0.4317548746518106
 40
0.4331476323119777
 40
0.4331476323119777
 40
0.4331476323119777
 40
0.4345403899721448
 40
0.4345403899721448
 40
0.4345403899721448
 40
0.435933147632312
 40
0.435933147632312
 40
0.435933147632312
 40
0.4373259052924791
 40
0.4373259052924791
 40
0.4373259052924791
 40
0.4387186629526462
 40
0.4387186629526462
 40
0.4387186629526462
 40
0.4401114206128134
 40
0.4401114206128134
 40
0.4401114206128134
 40
0.4415041782729805
 40
0.4415041782729805
 40
0.4415041782729805
 40
0.4428969359331476
 40
0.4428969359331476
 40
0.4428969359331476
 40
0.4442896935933148
 40
0.4442896935933148
 40
0.4442896935933148
 40
0.4456824512534819
 40
0.4456824512534819
 40
0.4456824512534819
 40
0.447075208913649
 40
0.447075208913649
 40
0.447075208913649
 40
0.4484679665738162
 40
0.4484679665738162
 40
0.4484679665738162
 40
0.4498607242339833
 40
0.4498607242339833
 40
0.4498607242339833
 40
0.4512534818941504
 40
0.4512534818941504
 40
0.4512534818941504
 40
0.4526462395543175
 40
0.4526462395543175
 40
0.4526462395543175
 40
0.4540389972144847
 40
0.4540389972144847
 40
0.4540389972144847
 40
0.4554317548746518
 40
0.4554317548746518
 40
0.4554317548746518
 40
0.4568245125348189
 40
0.4568245125348189
 40
0.4568245125348189
 40
0.4582172701949861
 40
0.4582172701949861
 40
0.4582172701949861
 40
0.4596100278551532
 40
0.4596100278551532
 40
0.4596100278551532
 40
0.4610027855153203
 40
0.4610027855153203
 40
0.4610027855153203
 40
0.4623955431754875
 40
0.4623955431754875
 40
0.4623955431754875
 40
0.4637883008356546
 40
0.4637883008356546
 40
0.4637883008356546
 40
0.4651810584958218
 40
0.4651810584958218
 40
0.4651810584958218
 40
0.4665738161559889
 40
0.4665738161559889
 40
0.4665738161559889
 40
0.467966573816156
 40
0.467966573816156
 40
0.467966573816156
 40
0.4693593314763231
 40
0.4693593314763231
 40
0.4693593314763231
 40
0.4707520891364902
 40
0.4707520891364902
 40
0.4707520891364902
 40
0.4721448467966574
 40
0.4721448467966574
 40
0.4721448467966574
 40
0.4735376044568245
 40
0.4735376044568245
 40
0.4735376044568245
 40
0.4749303621169916
 40
0.4749303621169916
 40
0.4749303621169916
 40
0.4763231197771588
 40
0.4763231197771588
 40
0.4763231197771588
 40
0.4777158774373259
 40
0.4777158774373259
 40
0.4777158774373259
 40
0.479108635097493
 40
0.479108635097493
 40
0.479108635097493
 40
0.4805013927576602
 40
0.4805013927576602
 40
0.4805013927576602
 40
0.4818941504178273
 40
0.4818941504178273
 40
0.4818941504178273
 40
0.4832869080779944
 40
0.4832869080779944
 40
0.4832869080779944
 40
0.4846796657381616
 40
0.4846796657381616
 40
0.4846796657381616
 40
0.4860724233983287
 40
0.4860724233983287
 40
0.4860724233983287
 40
0.4874651810584958
 40
0.4874651810584958
 40
0.4874651810584958
 40
0.488857938718663
 40
0.488857938718663
 40
0.488857938718663
 40
0.4902506963788301
 40
0.4902506963788301
 40
0.4902506963788301
 40
0.4916434540389972
 40
0.4916434540389972
 40
0.4916434540389972
 40
0.4930362116991643
 40
0.4930362116991643
 40
0.4930362116991643
 40
0.4944289693593315
 40
0.4944289693593315
 40
0.4944289693593315
 40
0.4958217270194986
 40
0.4958217270194986
 40
0.4958217270194986
 40
0.4972144846796657
 40
0.4972144846796657
 40
0.4972144846796657
 40
0.4986072423398329
 40
0.4986072423398329
 40
0.4986072423398329
 40
0.5
 40
0.5
 40
0.5
 40
0.5013927576601671
 40
0.5013927576601671
 40
0.5013927576601671
 40
0.5027855153203342
 40
0.5027855153203342
 40
0.5027855153203342
 40
0.5041782729805014
 40
0.5041782729805014
 40
0.5041782729805014
 40
0.5055710306406686
 40
0.5055710306406686
 40
0.5055710306406686
 40
0.5069637883008357
 40
0.5069637883008357
 40
0.5069637883008357
 40
0.5083565459610028
 40
0.5083565459610028
 40
0.5083565459610028
 40
0.5097493036211699
 40
0.5097493036211699
 40
0.5097493036211699
 40
0.5111420612813371
 40
0.5111420612813371
 40
0.5111420612813371
 40
0.5125348189415042
 40
0.5125348189415042
 40
0.5125348189415042
 40
0.5139275766016713
 40
0.5139275766016713
 40
0.5139275766016713
 40
0.5153203342618384
 40
0.5153203342618384
 40
0.5153203342618384
 40
0.5167130919220055
 40
0.5167130919220055
 40
0.5167130919220055
 40
0.5181058495821727
 40
0.5181058495821727
 40
0.5181058495821727
 40
0.5194986072423399
 40
0.5194986072423399
 40
0.5194986072423399
 40
0.520891364902507
 40
0.520891364902507
 40
0.520891364902507
 40
0.5222841225626741
 40
0.5222841225626741
 40
0.5222841225626741
 40
0.5236768802228412
 40
0.5236768802228412
 40
0.5236768802228412
 40
0.5250696378830083
 40
0.5250696378830083
 40
0.5250696378830083
 40
0.5264623955431755
 40
0.5264623955431755
 40
0.5264623955431755
 40
0.5278551532033426
 40
0.5278551532033426
 40
0.5278551532033426
 40
0.5292479108635098
 40
0.5292479108635098
 40
0.5292479108635098
 40
0.5306406685236769
 40
0.5306406685236769
 40
0.5306406685236769
 40
0.532033426183844
 40
0.532033426183844
 40
0.532033426183844
 40
0.5334261838440112
 40
0.5334261838440112
 40
0.5334261838440112
 40
0.5348189415041783
 40
0.5348189415041783
 40
0.5348189415041783
 40
0.5362116991643454
 40
0.5362116991643454
 40
0.5362116991643454
 40
0.5376044568245125
 40
0.5376044568245125
 40
0.5376044568245125
 40
0.5389972144846796
 40
0.5389972144846796
 40
0.5389972144846796
 40
0.5403899721448469
 40
0.5403899721448469
 40
0.5403899721448469
 40
0.541782729805014
 40
0.541782729805014
 40
0.541782729805014
 40
0.5431754874651811
 40
0.5431754874651811
 40
0.5431754874651811
 40
0.5445682451253482
 40
0.5445682451253482
 40
0.5445682451253482
 40
0.5459610027855153
 40
0.5459610027855153
 40
0.5459610027855153
 40
0.5473537604456824
 40
0.5473537604456824
 40
0.5473537604456824
 40
0.5487465181058496
 40
0.5487465181058496
 40
0.5487465181058496
 40
0.5501392757660167
 40
0.5501392757660167
 40
0.5501392757660167
 40
0.5515320334261838
 40
0.5515320334261838
 40
0.5515320334261838
 40
0.552924791086351
 40
0.552924791086351
 40
0.552924791086351
 40
0.5543175487465181
 40
0.5543175487465181
 40
0.5543175487465181
 40
0.5557103064066853
 40
0.5557103064066853
 40
0.5557103064066853
 40
0.5571030640668524
 40
0.5571030640668524
 40
0.5571030640668524
 40
0.5584958217270195
 40
0.5584958217270195
 40
0.5584958217270195
 40
0.5598885793871866
 40
0.5598885793871866
 40
0.5598885793871866
 40
0.5612813370473537
 40
0.5612813370473537
 40
0.5612813370473537
 40
0.5626740947075209
 40
0.5626740947075209
 40
0.5626740947075209
 40
0.564066852367688
 40
0.564066852367688
 40
0.564066852367688
 40
0.5654596100278552
 40
0.5654596100278552
 40
0.5654596100278552
 40
0.5668523676880223
 40
0.5668523676880223
 40
0.5668523676880223
 40
0.5682451253481894
 40
0.5682451253481894
 40
0.5682451253481894
 40
0.5696378830083565
 40
0.5696378830083565
 40
0.5696378830083565
 40
0.5710306406685237
 40
0.5710306406685237
 40
0.5710306406685237
 40
0.5724233983286908
 40
0.5724233983286908
 40
0.5724233983286908
 40
0.5738161559888579
 40
0.5738161559888579
 40
0.5738161559888579
 40
0.575208913649025
 40
0.575208913649025
 40
0.575208913649025
 40
0.5766016713091922
 40
0.5766016713091922
 40
0.5766016713091922
 40
0.5779944289693594
 40
0.5779944289693594
 40
0.5779944289693594
 40
0.5793871866295265
 40
0.5793871866295265
 40
0.5793871866295265
 40
0.5807799442896936
 40
0.5807799442896936
 40
0.5807799442896936
 40
0.5821727019498607
 40
0.5821727019498607
 40
0.5821727019498607
 40
0.5835654596100278
 40
0.5835654596100278
 40
0.5835654596100278
 40
0.584958217270195
 40
0.584958217270195
 40
0.584958217270195
 40
0.5863509749303621
 40
0.5863509749303621
 40
0.5863509749303621
 40
0.5877437325905293
 40
0.5877437325905293
 40
0.5877437325905293
 40
0.5891364902506964
 40
0.5891364902506964
 40
0.5891364902506964
 40
0.5905292479108635
 40
0.5905292479108635
 40
0.5905292479108635
 40
0.5919220055710307
 40
0.5919220055710307
 40
0.5919220055710307
 40
0.5933147632311978
 40
0.5933147632311978
 40
0.5933147632311978
 40
0.5947075208913649
 40
0.5947075208913649
 40
0.5947075208913649
 40
0.596100278551532
 40
0.596100278551532
 40
0.596100278551532
 40
0.5974930362116991
 40
0.5974930362116991
 40
0.5974930362116991
 40
0.5988857938718662
 40
0.5988857938718662
 40
0.5988857938718662
 40
0.6002785515320335
 40
0.6002785515320335
 40
0.6002785515320335
 40
0.6016713091922006
 40
0.6016713091922006
 40
0.6016713091922006
 40
0.6030640668523677
 40
0.6030640668523677
 40
0.6030640668523677
 40
0.6044568245125348
 40
0.6044568245125348
 40
0.6044568245125348
 40
0.6058495821727019
 40
0.6058495821727019
 40
0.6058495821727019
 40
0.6072423398328691
 40
0.6072423398328691
 40
0.6072423398328691
 40
0.6086350974930362
 40
0.6086350974930362
 40
0.6086350974930362
 40
0.6100278551532033
 40
0.6100278551532033
 40
0.6100278551532033
 40
0.6114206128133705
 40
0.6114206128133705
 40
0.6114206128133705
 40
0.6128133704735376
 40
0.6128133704735376
 40
0.6128133704735376
 40
0.6142061281337048
 40
0.6142061281337048
 40
0.6142061281337048
 40
0.6155988857938719
 40
0.6155988857938719
 40
0.6155988857938719
 40
0.616991643454039
 40
0.616991643454039
 40
0.616991643454039
 40
0.6183844011142061
 40
0.6183844011142061
 40
0.6183844011142061
 40
0.6197771587743732
 40
0.6197771587743732
 40
0.6197771587743732
 40
0.6211699164345403
 40
0.6211699164345403
 40
0.6211699164345403
 40
0.6225626740947076
 40
0.6225626740947076
 40
0.6225626740947076
 40
0.6239554317548747
 40
0.6239554317548747
 40
0.6239554317548747
 40
0.6253481894150418
 40
0.6253481894150418
 40
0.6253481894150418
 40
0.6267409470752089
 40
0.6267409470752089
 40
0.6267409470752089
 40
0.628133704735376
 40
0.628133704735376
 40
0.628133704735376
 40
0.6295264623955432
 40
0.6295264623955432
 40
0.6295264623955432
 40
0.6309192200557103
 40
0.6309192200557103
 40
0.6309192200557103
 40
0.6323119777158774
 40
0.6323119777158774
 40
0.6323119777158774
 40
0.6337047353760445
 40
0.6337047353760445
 40
0.6337047353760445
 40
0.6350974930362117
 40
0.6350974930362117
 40
0.6350974930362117
 40
0.6364902506963789
 40
0.6364902506963789
 40
0.6364902506963789
 40
0.637883008356546
 40
0.637883008356546
 40
0.637883008356546
 40
0.6392757660167131
 40
0.6392757660167131
 40
0.6392757660167131
 40
0.6406685236768802
 40
0.6406685236768802
 40
0.6406685236768802
 40
0.6420612813370473
 40
0.6420612813370473
 40
0.6420612813370473
 40
0.6434540389972145
 40
0.6434540389972145
 40
0.6434540389972145
 40
0.6448467966573816
 40
0.6448467966573816
 40
0.6448467966573816
 40
0.6462395543175488
 40
0.6462395543175488
 40
0.6462395543175488
 40
0.6476323119777159
 40
0.6476323119777159
 40
0.6476323119777159
 40
0.649025069637883
 40
0.649025069637883
 40
0.649025069637883
 40
0.6504178272980501
 40
0.6504178272980501
 40
0.6504178272980501
 40
0.6518105849582173
 40
0.6518105849582173
 40
0.6518105849582173
 40
0.6532033426183844
 40
0.6532033426183844
 40
0.6532033426183844
 40
0.6545961002785515
 40
0.6545961002785515
 40
0.6545961002785515
 40
0.6559888579387186
 40
0.6559888579387186
 40
0.6559888579387186
 40
0.6573816155988857
 40
0.6573816155988857
 40
0.6573816155988857
 40
0.658774373259053
 40
0.658774373259053
 40
0.658774373259053
 40
0.6601671309192201
 40
0.6601671309192201
 40
0.6601671309192201
 40
0.6615598885793872
 40
0.6615598885793872
 40
0.6615598885793872
 40
0.6629526462395543
 40
0.6629526462395543
 40
0.6629526462395543
 40
0.6643454038997214
 40
0.6643454038997214
 40
0.6643454038997214
 40
0.6657381615598886
 40
0.6657381615598886
 40
0.6657381615598886
 40
0.6671309192200557
 40
0.6671309192200557
 40
0.6671309192200557
 40
0.6685236768802229
 40
0.6685236768802229
 40
0.6685236768802229
 40
0.66991643454039
 40
0.66991643454039
 40
0.66991643454039
 40
0.6713091922005571
 40
0.6713091922005571
 40
0.6713091922005571
 40
0.6727019498607243
 40
0.6727019498607243
 40
0.6727019498607243
 40
0.6740947075208914
 40
0.6740947075208914
 40
0.6740947075208914
 40
0.6754874651810585
 40
0.6754874651810585
 40
0.6754874651810585
 40
0.6768802228412256
 40
0.6768802228412256
 40
0.6768802228412256
 40
0.6782729805013927
 40
0.6782729805013927
 40
0.6782729805013927
 40
0.6796657381615598
 40
0.6796657381615598
 40
0.6796657381615598
 40
0.6810584958217271
 40
0.6810584958217271
 40
0.6810584958217271
 40
0.6824512534818942
 40
0.6824512534818942
 40
0.6824512534818942
 40
0.6838440111420613
 40
0.6838440111420613
 40
0.6838440111420613
 40
0.6852367688022284
 40
0.6852367688022284
 40
0.6852367688022284
 40
0.6866295264623955
 40
0.6866295264623955
 40
0.6866295264623955
 40
0.6880222841225627
 40
0.6880222841225627
 40
0.6880222841225627
 40
0.6894150417827298
 40
0.6894150417827298
 40
0.6894150417827298
 40
0.6908077994428969
 40
0.6908077994428969
 40
0.6908077994428969
 40
0.692200557103064
 40
0.692200557103064
 40
0.692200557103064
 40
0.6935933147632312
 40
0.6935933147632312
 40
0.6935933147632312
 40
0.6949860724233984
 40
0.6949860724233984
 40
0.6949860724233984
 40
0.6963788300835655
 40
0.6963788300835655
 40
0.6963788300835655
 40
0.6977715877437326
 40
0.6977715877437326
 40
0.6977715877437326
 40
0.6991643454038997
 40
0.6991643454038997
 40
0.6991643454038997
 40
0.7005571030640668
 40
0.7005571030640668
 40
0.7005571030640668
 40
0.7019498607242339
 40
0.7019498607242339
 40
0.7019498607242339
 40
0.7033426183844012
 40
0.7033426183844012
 40
0.7033426183844012
 40
0.7047353760445683
 40
0.7047353760445683
 40
0.7047353760445683
 40
0.7061281337047354
 40
0.7061281337047354
 40
0.7061281337047354
 40
0.7075208913649025
 40
0.7075208913649025
 40
0.7075208913649025
 40
0.7089136490250696
 40
0.7089136490250696
 40
0.7089136490250696
 40
0.7103064066852368
 40
0.7103064066852368
 40
0.7103064066852368
 40
0.7116991643454039
 40
0.7116991643454039
 40
0.7116991643454039
 40
0.713091922005571
 40
0.713091922005571
 40
0.713091922005571
 40
0.7144846796657381
 40
0.7144846796657381
 40
0.7144846796657381
 40
0.7158774373259053
 40
0.7158774373259053
 40
0.7158774373259053
 40
0.7172701949860725
 40
0.7172701949860725
 40
0.7172701949860725
 40
0.7186629526462396
 40
0.7186629526462396
 40
0.7186629526462396
 40
0.7200557103064067
 40
0.7200557103064067
 40
0.7200557103064067
 40
0.7214484679665738
 40
0.7214484679665738
 40
0.7214484679665738
 40
0.7228412256267409
 40
0.7228412256267409
 40
0.7228412256267409
 40
0.7242339832869081
 40
0.7242339832869081
 40
0.7242339832869081
 40
0.7256267409470752
 40
0.7256267409470752
 40
0.7256267409470752
 40
0.7270194986072424
 40
0.7270194986072424
 40
0.7270194986072424
 40
0.7284122562674095
 40
0.7284122562674095
 40
0.7284122562674095
 40
0.7298050139275766
 40
0.7298050139275766
 40
0.7298050139275766
 40
0.7311977715877437
 40
0.7311977715877437
 40
0.7311977715877437
 40
0.7325905292479109
 40
0.7325905292479109
 40
0.7325905292479109
 40
0.733983286908078
 40
0.733983286908078
 40
0.733983286908078
 40
0.7353760445682451
 40
0.7353760445682451
 40
0.7353760445682451
 40
0.7367688022284122
 40
0.7367688022284122
 40
0.7367688022284122
 40
0.7381615598885793
 40
0.7381615598885793
 40
0.7381615598885793
 40
0.7395543175487466
 40
0.7395543175487466
 40
0.7395543175487466
 40
0.7409470752089137
 40
0.7409470752089137
 40
0.7409470752089137
 40
0.7423398328690808
 40
0.7423398328690808
 40
0.7423398328690808
 40
0.7437325905292479
 40
0.7437325905292479
 40
0.7437325905292479
 40
0.745125348189415
 40
0.745125348189415
 40
0.745125348189415
 40
0.7465181058495822
 40
0.7465181058495822
 40
0.7465181058495822
 40
0.7479108635097493
 40
0.7479108635097493
 40
0.7479108635097493
 40
0.7493036211699164
 40
0.7493036211699164
 40
0.7493036211699164
 40
0.7506963788300836
 40
0.7506963788300836
 40
0.7506963788300836
 40
0.7520891364902507
 40
0.7520891364902507
 40
0.7520891364902507
 40
0.7534818941504178
 40
0.7534818941504178
 40
0.7534818941504178
 40
0.754874651810585
 40
0.754874651810585
 40
0.754874651810585
 40
0.7562674094707521
 40
0.7562674094707521
 40
0.7562674094707521
 40
0.7576601671309192
 40
0.7576601671309192
 40
0.7576601671309192
 40
0.7590529247910863
 40
0.7590529247910863
 40
0.7590529247910863
 40
0.7604456824512534
 40
0.7604456824512534
 40
0.7604456824512534
 40
0.7618384401114207
 40
0.7618384401114207
 40
0.7618384401114207
 40
0.7632311977715878
 40
0.7632311977715878
 40
0.7632311977715878
 40
0.7646239554317549
 40
0.7646239554317549
 40
0.7646239554317549
 40
0.766016713091922
 40
0.766016713091922
 40
0.766016713091922
 40
0.7674094707520891
 40
0.7674094707520891
 40
0.7674094707520891
 40
0.7688022284122563
 40
0.7688022284122563
 40
0.7688022284122563
 40
0.7701949860724234
 40
0.7701949860724234
 40
0.7701949860724234
 40
0.7715877437325905
 40
0.7715877437325905
 40
0.7715877437325905
 40
0.7729805013927576
 40
0.7729805013927576
 40
0.7729805013927576
 40
0.7743732590529248
 40
0.7743732590529248
 40
0.7743732590529248
 40
0.775766016713092
 40
0.775766016713092
 40
0.775766016713092
 40
0.7771587743732591
 40
0.7771587743732591
 40
0.7771587743732591
 40
0.7785515320334262
 40
0.7785515320334262
 40
0.7785515320334262
 40
0.7799442896935933
 40
0.7799442896935933
 40
0.7799442896935933
 40
0.7813370473537604
 40
0.7813370473537604
 40
0.7813370473537604
 40
0.7827298050139275
 40
0.7827298050139275
 40
0.7827298050139275
 40
0.7841225626740947
 40
0.7841225626740947
 40
0.7841225626740947
 40
0.7855153203342619
 40
0.7855153203342619
 40
0.7855153203342619
 40
0.786908077994429
 40
0.786908077994429
 40
0.786908077994429
 40
0.7883008356545961
 40
0.7883008356545961
 40
0.7883008356545961
 40
0.7896935933147632
 40
0.7896935933147632
 40
0.7896935933147632
 40
0.7910863509749304
 40
0.7910863509749304
 40
0.7910863509749304
 40
0.7924791086350975
 40
0.7924791086350975
 40
0.7924791086350975
 40
0.7938718662952646
 40
0.7938718662952646
 40
0.7938718662952646
 40
0.7952646239554317
 40
0.7952646239554317
 40
0.7952646239554317
 40
0.7966573816155988
 40
0.7966573816155988
 40
0.7966573816155988
 40
0.7980501392757661
 40
0.7980501392757661
 40
0.7980501392757661
 40
0.7994428969359332
 40
0.7994428969359332
 40
0.7994428969359332
 40
0.8008356545961003
 40
0.8008356545961003
 40
0.8008356545961003
 40
0.8022284122562674
 40
0.8022284122562674
 40
0.8022284122562674
 40
0.8036211699164345
 40
0.8036211699164345
 40
0.8036211699164345
 40
0.8050139275766017
 40
0.8050139275766017
 40
0.8050139275766017
 40
0.8064066852367688
 40
0.8064066852367688
 40
0.8064066852367688
 40
0.807799442896936
 40
0.807799442896936
 40
0.807799442896936
 40
0.8091922005571031
 40
0.8091922005571031
 40
0.8091922005571031
 40
0.8105849582172702
 40
0.8105849582172702
 40
0.8105849582172702
 40
0.8119777158774373
 40
0.8119777158774373
 40
0.8119777158774373
 40
0.8133704735376045
 40
0.8133704735376045
 40
0.8133704735376045
 40
0.8147632311977716
 40
0.8147632311977716
 40
0.8147632311977716
 40
0.8161559888579387
 40
0.8161559888579387
 40
0.8161559888579387
 40
0.8175487465181058
 40
0.8175487465181058
 40
0.8175487465181058
 40
0.8189415041782729
 40
0.8189415041782729
 40
0.8189415041782729
 40
0.8203342618384402
 40
0.8203342618384402
 40
0.8203342618384402
 40
0.8217270194986073
 40
0.8217270194986073
 40
0.8217270194986073
 40
0.8231197771587744
 40
0.8231197771587744
 40
0.8231197771587744
 40
0.8245125348189415
 40
0.8245125348189415
 40
0.8245125348189415
 40
0.8259052924791086
 40
0.8259052924791086
 40
0.8259052924791086
 40
0.8272980501392758
 40
0.8272980501392758
 40
0.8272980501392758
 40
0.8286908077994429
 40
0.8286908077994429
 40
0.8286908077994429
 40
0.83008356545961
 40
0.83008356545961
 40
0.83008356545961
 40
0.8314763231197771
 40
0.8314763231197771
 40
0.8314763231197771
 40
0.8328690807799443
 40
0.8328690807799443
 40
0.8328690807799443
 40
0.8342618384401114
 40
0.8342618384401114
 40
0.8342618384401114
 40
0.8356545961002786
 40
0.8356545961002786
 40
0.8356545961002786
 40
0.8370473537604457
 40
0.8370473537604457
 40
0.8370473537604457
 40
0.8384401114206128
 40
0.8384401114206128
 40
0.8384401114206128
 40
0.8398328690807799
 40
0.8398328690807799
 40
0.8398328690807799
 40
0.841225626740947
 40
0.841225626740947
 40
0.841225626740947
 40
0.8426183844011143
 40
0.8426183844011143
 40
0.8426183844011143
 40
0.8440111420612814
 40
0.8440111420612814
 40
0.8440111420612814
 40
0.8454038997214485
 40
0.8454038997214485
 40
0.8454038997214485
 40
0.8467966573816156
 40
0.8467966573816156
 40
0.8467966573816156
 40
0.8481894150417827
 40
0.8481894150417827
 40
0.8481894150417827
 40
0.8495821727019499
 40
0.8495821727019499
 40
0.8495821727019499
 40
0.850974930362117
 40
0.850974930362117
 40
0.850974930362117
 40
0.8523676880222841
 40
0.8523676880222841
 40
0.8523676880222841
 40
0.8537604456824512
 40
0.8537604456824512
 40
0.8537604456824512
 40
0.8551532033426184
 40
0.8551532033426184
 40
0.8551532033426184
 40
0.8565459610027856
 40
0.8565459610027856
 40
0.8565459610027856
 40
0.8579387186629527
 40
0.8579387186629527
 40
0.8579387186629527
 40
0.8593314763231198
 40
0.8593314763231198
 40
0.8593314763231198
 40
0.8607242339832869
 40
0.8607242339832869
 40
0.8607242339832869
 40
0.862116991643454
 40
0.862116991643454
 40
0.862116991643454
 40
0.8635097493036211
 40
0.8635097493036211
 40
0.8635097493036211
 40
0.8649025069637883
 40
0.8649025069637883
 40
0.8649025069637883
 40
0.8662952646239555
 40
0.8662952646239555
 40
0.8662952646239555
 40
0.8676880222841226
 40
0.8676880222841226
 40
0.8676880222841226
 40
0.8690807799442897
 40
0.8690807799442897
 40
0.8690807799442897
 40
0.8704735376044568
 40
0.8704735376044568
 40
0.8704735376044568
 40
0.871866295264624
 40
0.871866295264624
 40
0.871866295264624
 40
0.8732590529247911
 40
0.8732590529247911
 40
0.8732590529247911
 40
0.8746518105849582
 40
0.8746518105849582
 40
0.8746518105849582
 40
0.8760445682451253
 40
0.8760445682451253
 40
0.8760445682451253
 40
0.8774373259052924
 40
0.8774373259052924
 40
0.8774373259052924
 40
0.8788300835654597
 40
0.8788300835654597
 40
0.8788300835654597
 40
0.8802228412256268
 40
0.8802228412256268
 40
0.8802228412256268
 40
0.8816155988857939
 40
0.8816155988857939
 40
0.8816155988857939
 40
0.883008356545961
 40
0.883008356545961
 40
0.883008356545961
 40
0.8844011142061281
 40
0.8844011142061281
 40
0.8844011142061281
 40
0.8857938718662952
 40
0.8857938718662952
 40
0.8857938718662952
 40
0.8871866295264624
 40
0.8871866295264624
 40
0.8871866295264624
 40
0.8885793871866295
 40
0.8885793871866295
 40
0.8885793871866295
 40
0.8899721448467967
 40
0.8899721448467967
 40
0.8899721448467967
 40
0.8913649025069638
 40
0.8913649025069638
 40
0.8913649025069638
 40
0.8927576601671309
 40
0.8927576601671309
 40
0.8927576601671309
 40
0.8941504178272981
 40
0.8941504178272981
 40
0.8941504178272981
 40
0.8955431754874652
 40
0.8955431754874652
 40
0.8955431754874652
 40
0.8969359331476323
 40
0.8969359331476323
 40
0.8969359331476323
 40
0.8983286908077994
 40
0.8983286908077994
 40
0.8983286908077994
 40
0.8997214484679665
 40
0.8997214484679665
 40
0.8997214484679665
 40
0.9011142061281338
 40
0.9011142061281338
 40
0.9011142061281338
 40
0.9025069637883009
 40
0.9025069637883009
 40
0.9025069637883009
 40
0.903899721448468
 40
0.903899721448468
 40
0.903899721448468
 40
0.9052924791086351
 40
0.9052924791086351
 40
0.9052924791086351
 40
0.9066852367688022
 40
0.9066852367688022
 40
0.9066852367688022
 40
0.9080779944289694
 40
0.9080779944289694
 40
0.9080779944289694
 40
0.9094707520891365
 40
0.9094707520891365
 40
0.9094707520891365
 40
0.9108635097493036
 40
0.9108635097493036
 40
0.9108635097493036
 40
0.9122562674094707
 40
0.9122562674094707
 40
0.9122562674094707
 40
0.9136490250696379
 40
0.9136490250696379
 40
0.9136490250696379
 40
0.915041782729805
 40
0.915041782729805
 40
0.915041782729805
 40
0.9164345403899722
 40
0.9164345403899722
 40
0.9164345403899722
 40
0.9178272980501393
 40
0.9178272980501393
 40
0.9178272980501393
 40
0.9192200557103064
 40
0.9192200557103064
 40
0.9192200557103064
 40
0.9206128133704735
 40
0.9206128133704735
 40
0.9206128133704735
 40
0.9220055710306406
 40
0.9220055710306406
 40
0.9220055710306406
 40
0.9233983286908078
 40
0.9233983286908078
 40
0.9233983286908078
 40
0.924791086350975
 40
0.924791086350975
 40
0.924791086350975
 40
0.9261838440111421
 40
0.9261838440111421
 40
0.9261838440111421
 40
0.9275766016713092
 40
0.9275766016713092
 40
0.9275766016713092
 40
0.9289693593314763
 40
0.9289693593314763
 40
0.9289693593314763
 40
0.9303621169916435
 40
0.9303621169916435
 40
0.9303621169916435
 40
0.9317548746518106
 40
0.9317548746518106
 40
0.9317548746518106
 40
0.9331476323119777
 40
0.9331476323119777
 40
0.9331476323119777
 40
0.9345403899721448
 40
0.9345403899721448
 40
0.9345403899721448
 40
0.935933147632312
 40
0.935933147632312
 40
0.935933147632312
 40
0.9373259052924792
 40
0.9373259052924792
 40
0.9373259052924792
 40
0.9387186629526463
 40
0.9387186629526463
 40
0.9387186629526463
 40
0.9401114206128134
 40
0.9401114206128134
 40
0.9401114206128134
 40
0.9415041782729805
 40
0.9415041782729805
 40
0.9415041782729805
 40
0.9428969359331476
 40
0.9428969359331476
 40
0.9428969359331476
 40
0.9442896935933147
 40
0.9442896935933147
 40
0.9442896935933147
 40
0.9456824512534819
 40
0.9456824512534819
 40
0.9456824512534819
 40
0.947075208913649
 40
0.947075208913649
 40
0.947075208913649
 40
0.9484679665738162
 40
0.9484679665738162
 40
0.9484679665738162
 40
0.9498607242339833
 40
0.9498607242339833
 40
0.9498607242339833
 40
0.9512534818941504
 40
0.9512534818941504
 40
0.9512534818941504
 40
0.9526462395543176
 40
0.9526462395543176
 40
0.9526462395543176
 40
0.9540389972144847
 40
0.9540389972144847
 40
0.9540389972144847
 40
0.9554317548746518
 40
0.9554317548746518
 40
0.9554317548746518
 40
0.9568245125348189
 40
0.9568245125348189
 40
0.9568245125348189
 40
0.958217270194986
 40
0.958217270194986
 40
0.958217270194986
 40
0.9596100278551533
 40
0.9596100278551533
 40
0.9596100278551533
 40
0.9610027855153204
 40
0.9610027855153204
 40
0.9610027855153204
 40
0.9623955431754875
 40
0.9623955431754875
 40
0.9623955431754875
 40
0.9637883008356546
 40
0.9637883008356546
 40
0.9637883008356546
 40
0.9651810584958217
 40
0.9651810584958217
 40
0.9651810584958217
 40
0.9665738161559888
 40
0.9665738161559888
 40
0.9665738161559888
 40
0.967966573816156
 40
0.967966573816156
 40
0.967966573816156
 40
0.9693593314763231
 40
0.9693593314763231
 40
0.9693593314763231
 40
0.9707520891364902
 40
0.9707520891364902
 40
0.9707520891364902
 40
0.9721448467966574
 40
0.9721448467966574
 40
0.9721448467966574
 40
0.9735376044568245
 40
0.9735376044568245
 40
0.9735376044568245
 40
0.9749303621169917
 40
0.9749303621169917
 40
0.9749303621169917
 40
0.9763231197771588
 40
0.9763231197771588
 40
0.9763231197771588
 40
0.9777158774373259
 40
0.9777158774373259
 40
0.9777158774373259
 40
0.979108635097493
 40
0.979108635097493
 40
0.979108635097493
 40
0.9805013927576601
 40
0.9805013927576601
 40
0.9805013927576601
 40
0.9818941504178273
 40
0.9818941504178273
 40
0.9818941504178273
 40
0.9832869080779945
 40
0.9832869080779945
 40
0.9832869080779945
 40
0.9846796657381616
 40
0.9846796657381616
 40
0.9846796657381616
 40
0.9860724233983287
 40
0.9860724233983287
 40
0.9860724233983287
 40
0.9874651810584958
 40
0.9874651810584958
 40
0.9874651810584958
 40
0.988857938718663
 40
0.988857938718663
 40
0.988857938718663
 40
0.9902506963788301
 40
0.9902506963788301
 40
0.9902506963788301
 40
0.9916434540389972
 40
0.9916434540389972
 40
0.9916434540389972
 40
0.9930362116991643
 40
0.9930362116991643
 40
0.9930362116991643
 40
0.9944289693593314
 40
0.9944289693593314
 40
0.9944289693593314
 40
0.9958217270194986
 40
0.9958217270194986
 40
0.9958217270194986
 40
0.9972144846796658
 40
0.9972144846796658
 40
0.9972144846796658
 40
0.9986072423398329
 40
0.9986072423398329
 40
0.9986072423398329
 40
1.0
 40
1.0
 40
1.0
 40
1.0
 10
-3118.7544
 20
-949.5562
 30
0.0
 10
-3119.0805
 20
-949.5998
 30
0.0
 10
-3119.4301
 20
-949.5996
 30
0.0
 10
-3119.6852
 20
-949.5647
 30
0.0
 10
-3119.9995
 20
-949.5217
 30
0.0
 10
-3120.2282
 20
-949.3097
 30
0.0
 10
-3120.2741
 20
-948.994
 30
0.0
 10
-3120.2983
 20
-948.8279
 30
0.0
 10
-3120.2676
 20
-948.659
 30
0.0
 10
-3120.2418
 20
-948.4949
 30
0.0
 10
-3120.2045
 20
-948.2572
 30
0.0
 10
-3120.1693
 20
-948.0189
 30
0.0
 10
-3120.1349
 20
-947.7806
 30
0.0
 10
-3120.1972
 20
-947.8263
 30
0.0
 10
-3120.2622
 20
-947.8669
 30
0.0
 10
-3120.3384
 20
-947.895
 30
0.0
 10
-3120.7166
 20
-948.0345
 30
0.0
 10
-3120.9851
 20
-947.808
 30
0.0
 10
-3121.2052
 20
-947.5314
 30
0.0
 10
-3121.4309
 20
-947.2477
 30
0.0
 10
-3121.6143
 20
-946.9467
 30
0.0
 10
-3121.7442
 20
-946.6069
 30
0.0
 10
-3121.8878
 20
-946.231
 30
0.0
 10
-3121.9674
 20
-945.8165
 30
0.0
 10
-3122.0399
 20
-945.4213
 30
0.0
 10
-3122.0449
 20
-945.3938
 30
0.0
 10
-3122.0476
 20
-945.3664
 30
0.0
 10
-3122.0481
 20
-945.3393
 30
0.0
 10
-3122.2168
 20
-945.3541
 30
0.0
 10
-3122.3777
 20
-945.3508
 30
0.0
 10
-3122.5218
 20
-945.3223
 30
0.0
 10
-3122.7802
 20
-945.2712
 30
0.0
 10
-3122.957
 20
-945.156
 30
0.0
 10
-3123.0779
 20
-945.0007
 30
0.0
 10
-3122.8617
 20
-945.4383
 30
0.0
 10
-3122.7276
 20
-945.9159
 30
0.0
 10
-3122.7025
 20
-946.4201
 30
0.0
 10
-3122.6347
 20
-947.7785
 30
0.0
 10
-3123.3966
 20
-948.9117
 30
0.0
 10
-3124.5878
 20
-949.5306
 30
0.0
 10
-3125.7195
 20
-950.1186
 30
0.0
 10
-3127.205
 20
-949.8191
 30
0.0
 10
-3128.1075
 20
-948.9491
 30
0.0
 10
-3128.6868
 20
-948.3905
 30
0.0
 10
-3128.9062
 20
-947.7458
 30
0.0
 10
-3128.8412
 20
-947.1082
 30
0.0
 10
-3129.3824
 20
-947.8397
 30
0.0
 10
-3129.8464
 20
-948.7996
 30
0.0
 10
-3130.4391
 20
-949.1683
 30
0.0
 10
-3130.7868
 20
-949.3847
 30
0.0
 10
-3131.126
 20
-949.4691
 30
0.0
 10
-3131.5294
 20
-949.3817
 30
0.0
 10
-3131.5789
 20
-949.3709
 30
0.0
 10
-3131.6338
 20
-949.3548
 30
0.0
 10
-3131.6904
 20
-949.3388
 30
0.0
 10
-3132.9068
 20
-953.5458
 30
0.0
 10
-3136.0964
 20
-958.3988
 30
0.0
 10
-3139.6871
 20
-960.8105
 30
0.0
 10
-3144.2145
 20
-963.8513
 30
0.0
 10
-3149.9509
 20
-961.0488
 30
0.0
 10
-3151.7853
 20
-956.2973
 30
0.0
 10
-3152.6225
 20
-954.1289
 30
0.0
 10
-3152.0322
 20
-951.5154
 30
0.0
 10
-3150.6299
 20
-949.7112
 30
0.0
 10
-3149.0221
 20
-947.6427
 30
0.0
 10
-3146.588
 20
-946.8596
 30
0.0
 10
-3144.0896
 20
-947.7959
 30
0.0
 10
-3142.9287
 20
-948.231
 30
0.0
 10
-3141.9718
 20
-949.0154
 30
0.0
 10
-3141.4198
 20
-950.0226
 30
0.0
 10
-3141.4063
 20
-949.9224
 30
0.0
 10
-3141.3758
 20
-949.8239
 30
0.0
 10
-3141.3244
 20
-949.7287
 30
0.0
 10
-3141.294
 20
-949.6723
 30
0.0
 10
-3141.2591
 20
-949.6289
 30
0.0
 10
-3141.2106
 20
-949.5871
 30
0.0
 10
-3140.4242
 20
-948.9103
 30
0.0
 10
-3139.4769
 20
-949.2511
 30
0.0
 10
-3138.7054
 20
-949.7518
 30
0.0
 10
-3138.4016
 20
-949.9489
 30
0.0
 10
-3138.1145
 20
-950.1727
 30
0.0
 10
-3137.833
 20
-950.4011
 30
0.0
 10
-3137.9766
 20
-949.1044
 30
0.0
 10
-3137.9768
 20
-947.4823
 30
0.0
 10
-3137.132
 20
-946.9274
 30
0.0
 10
-3136.6424
 20
-946.6058
 30
0.0
 10
-3136.2504
 20
-946.6847
 30
0.0
 10
-3135.8349
 20
-946.8387
 30
0.0
 10
-3135.8293
 20
-946.6649
 30
0.0
 10
-3135.8192
 20
-946.4912
 30
0.0
 10
-3135.8025
 20
-946.3178
 30
0.0
 10
-3135.7484
 20
-945.7584
 30
0.0
 10
-3135.6252
 20
-945.2237
 30
0.0
 10
-3135.3728
 20
-944.7184
 30
0.0
 10
-3135.0881
 20
-944.1487
 30
0.0
 10
-3134.6579
 20
-943.6495
 30
0.0
 10
-3134.1095
 20
-943.3201
 30
0.0
 10
-3133.6224
 20
-943.0275
 30
0.0
 10
-3132.9027
 20
-942.7994
 30
0.0
 10
-3132.3341
 20
-942.8444
 30
0.0
 10
-3131.8662
 20
-942.8813
 30
0.0
 10
-3131.4857
 20
-943.1515
 30
0.0
 10
-3131.4146
 20
-943.5673
 30
0.0
 10
-3130.9055
 20
-943.2565
 30
0.0
 10
-3130.3867
 20
-942.975
 30
0.0
 10
-3129.8289
 20
-942.7556
 30
0.0
 10
-3128.0645
 20
-942.0617
 30
0.0
 10
-3126.3424
 20
-942.1721
 30
0.0
 10
-3124.7269
 20
-943.204
 30
0.0
 10
-3124.1181
 20
-943.5929
 30
0.0
 10
-3123.589
 20
-944.1162
 30
0.0
 10
-3123.224
 20
-944.7316
 30
0.0
 10
-3123.3118
 20
-944.4934
 30
0.0
 10
-3123.3329
 20
-944.212
 30
0.0
 10
-3123.3379
 20
-943.9348
 30
0.0
 10
-3123.3495
 20
-943.2932
 30
0.0
 10
-3123.3183
 20
-942.6395
 30
0.0
 10
-3123.2932
 20
-941.9981
 30
0.0
 10
-3123.2914
 20
-941.9522
 30
0.0
 10
-3123.2842
 20
-941.9086
 30
0.0
 10
-3123.2718
 20
-941.8675
 30
0.0
 10
-3123.7202
 20
-941.7774
 30
0.0
 10
-3124.0679
 20
-941.6394
 30
0.0
 10
-3124.4576
 20
-941.3733
 30
0.0
 10
-3124.8673
 20
-941.0935
 30
0.0
 10
-3125.2063
 20
-940.7718
 30
0.0
 10
-3125.4566
 20
-940.3385
 30
0.0
 10
-3125.7301
 20
-939.8648
 30
0.0
 10
-3125.899
 20
-939.2542
 30
0.0
 10
-3125.9516
 20
-938.7106
 30
0.0
 10
-3125.9976
 20
-938.2349
 30
0.0
 10
-3125.9539
 20
-937.7888
 30
0.0
 10
-3125.8555
 20
-937.3234
 30
0.0
 10
-3125.7768
 20
-936.9515
 30
0.0
 10
-3125.6597
 20
-936.477
 30
0.0
 10
-3125.3299
 20
-936.2477
 30
0.0
 10
-3125.1805
 20
-936.1438
 30
0.0
 10
-3125.0248
 20
-936.1079
 30
0.0
 10
-3124.869
 20
-936.1151
 30
0.0
 10
-3124.9929
 20
-935.9957
 30
0.0
 10
-3125.0822
 20
-935.8433
 30
0.0
 10
-3125.1304
 20
-935.6669
 30
0.0
 10
-3125.6783
 20
-935.755
 30
0.0
 10
-3126.2217
 20
-935.8707
 30
0.0
 10
-3126.7734
 20
-935.9385
 30
0.0
 10
-3127.701
 20
-936.0525
 30
0.0
 10
-3128.7228
 20
-936.1279
 30
0.0
 10
-3129.6496
 20
-935.9895
 30
0.0
 10
-3130.322
 20
-935.8891
 30
0.0
 10
-3130.9659
 20
-935.6426
 30
0.0
 10
-3131.4611
 20
-935.1646
 30
0.0
 10
-3131.9777
 20
-934.666
 30
0.0
 10
-3132.1681
 20
-933.922
 30
0.0
 10
-3131.5523
 20
-933.4031
 30
0.0
 10
-3131.2222
 20
-933.125
 30
0.0
 10
-3130.7219
 20
-933.0254
 30
0.0
 10
-3130.3114
 20
-932.9198
 30
0.0
 10
-3129.8732
 20
-932.807
 30
0.0
 10
-3129.4374
 20
-932.6835
 30
0.0
 10
-3129.0097
 20
-932.5354
 30
0.0
 10
-3128.693
 20
-932.4258
 30
0.0
 10
-3128.3698
 20
-932.3087
 30
0.0
 10
-3128.0637
 20
-932.1649
 30
0.0
 10
-3128.0765
 20
-932.1394
 30
0.0
 10
-3128.0884
 20
-932.1139
 30
0.0
 10
-3128.0988
 20
-932.0884
 30
0.0
 10
-3128.2861
 20
-931.6344
 30
0.0
 10
-3128.3662
 20
-931.1099
 30
0.0
 10
-3128.2373
 20
-930.6297
 30
0.0
 10
-3128.0436
 20
-929.9082
 30
0.0
 10
-3127.458
 20
-929.5094
 30
0.0
 10
-3126.7737
 20
-929.309
 30
0.0
 10
-3126.038
 20
-929.0937
 30
0.0
 10
-3125.1489
 20
-929.038
 30
0.0
 10
-3124.3838
 20
-929.0623
 30
0.0
 10
-3124.3602
 20
-929.063
 30
0.0
 10
-3124.3366
 20
-929.0639
 30
0.0
 10
-3124.3131
 20
-929.065
 30
0.0
 10
-3124.4676
 20
-928.903
 30
0.0
 10
-3124.6367
 20
-928.7588
 30
0.0
 10
-3124.8295
 20
-928.63
 30
0.0
 10
-3125.2127
 20
-928.374
 30
0.0
 10
-3125.669
 20
-928.168
 30
0.0
 10
-3126.1157
 20
-928.0538
 30
0.0
 10
-3126.5646
 20
-927.939
 30
0.0
 10
-3127.0482
 20
-927.9223
 30
0.0
 10
-3127.5063
 20
-927.8485
 30
0.0
 10
-3128.0004
 20
-927.769
 30
0.0
 10
-3128.4537
 20
-927.5837
 30
0.0
 10
-3128.6957
 20
-927.1141
 30
0.0
 10
-3129.0073
 20
-926.5097
 30
0.0
 10
-3128.7613
 20
-925.8115
 30
0.0
 10
-3128.135
 20
-925.5424
 30
0.0
 10
-3127.9136
 20
-925.4473
 30
0.0
 10
-3127.6516
 20
-925.4103
 30
0.0
 10
-3127.3863
 20
-925.405
 30
0.0
 10
-3127.8186
 20
-924.9009
 30
0.0
 10
-3128.2442
 20
-924.3909
 30
0.0
 10
-3128.6535
 20
-923.8678
 30
0.0
 10
-3129.0298
 20
-923.3869
 30
0.0
 10
-3129.4031
 20
-922.8975
 30
0.0
 10
-3129.7163
 20
-922.372
 30
0.0
 10
-3129.7149
 20
-922.4765
 30
0.0
 10
-3129.7159
 20
-922.5808
 30
0.0
 10
-3129.7193
 20
-922.6847
 30
0.0
 10
-3129.8042
 20
-925.304
 30
0.0
 10
-3131.3246
 20
-927.3418
 30
0.0
 10
-3133.903
 20
-928.0239
 30
0.0
 10
-3135.1002
 20
-928.3405
 30
0.0
 10
-3136.3356
 20
-928.257
 30
0.0
 10
-3137.3748
 20
-927.7614
 30
0.0
 10
-3137.3298
 20
-927.8474
 30
0.0
 10
-3137.2985
 20
-927.9413
 30
0.0
 10
-3137.2846
 20
-928.0439
 30
0.0
 10
-3137.276
 20
-928.1079
 30
0.0
 10
-3137.2787
 20
-928.164
 30
0.0
 10
-3137.2937
 20
-928.2268
 30
0.0
 10
-3137.5344
 20
-929.2377
 30
0.0
 10
-3138.511
 20
-929.5064
 30
0.0
 10
-3139.428
 20
-929.5453
 30
0.0
 10
-3139.785
 20
-929.5604
 30
0.0
 10
-3140.1442
 20
-929.5453
 30
0.0
 10
-3140.5013
 20
-929.5231
 30
0.0
 10
-3139.6234
 20
-930.4929
 30
0.0
 10
-3138.6812
 20
-931.8151
 30
0.0
 10
-3139.0357
 20
-932.743
 30
0.0
 10
-3139.2727
 20
-933.3633
 30
0.0
 10
-3139.7137
 20
-933.4911
 30
0.0
 10
-3140.215
 20
-933.6131
 30
0.0
 10
-3139.874
 20
-934.5744
 30
0.0
 10
-3139.5646
 20
-935.5498
 30
0.0
 10
-3139.9839
 20
-936.5655
 30
0.0
 10
-3140.1337
 20
-936.9282
 30
0.0
 10
-3140.3374
 20
-937.2051
 30
0.0
 10
-3140.6751
 20
-937.4105
 30
0.0
 10
-3140.8593
 20
-937.5225
 30
0.0
 10
-3141.0636
 20
-937.5979
 30
0.0
 10
-3141.2419
 20
-937.7179
 30
0.0
 10
-3141.3552
 20
-937.8795
 30
0.0
 10
-3141.5559
 20
-938.4374
 30
0.0
 10
-3141.6286
 20
-938.6145
 30
0.0
 10
-3141.8765
 20
-939.2189
 30
0.0
 10
-3142.1496
 20
-939.8023
 30
0.0
 10
-3142.5054
 20
-940.3522
 30
0.0
 10
-3143.5369
 20
-941.9462
 30
0.0
 10
-3144.9976
 20
-942.8395
 30
0.0
 10
-3146.9127
 20
-942.9345
 30
0.0
 10
-3148.2295
 20
-942.9998
 30
0.0
 10
-3149.602
 20
-942.5456
 30
0.0
 10
-3150.4476
 20
-941.4957
 30
0.0
 10
-3151.3037
 20
-940.4327
 30
0.0
 10
-3151.361
 20
-939.0843
 30
0.0
 10
-3150.7512
 20
-937.878
 30
0.0
 10
-3150.1752
 20
-936.7385
 30
0.0
 10
-3148.7868
 20
-936.13
 30
0.0
 10
-3147.5491
 20
-936.3139
 30
0.0
 10
-3146.7515
 20
-936.4325
 30
0.0
 10
-3146.1923
 20
-936.8291
 30
0.0
 10
-3145.8692
 20
-937.387
 30
0.0
 10
-3145.8619
 20
-936.4814
 30
0.0
 10
-3146.0505
 20
-935.4344
 30
0.0
 10
-3145.7872
 20
-934.7934
 30
0.0
 10
-3145.6315
 20
-934.4143
 30
0.0
 10
-3145.4041
 20
-934.1487
 30
0.0
 10
-3145.0245
 20
-933.9865
 30
0.0
 10
-3144.9798
 20
-933.9674
 30
0.0
 10
-3144.9279
 20
-933.9494
 30
0.0
 10
-3144.8744
 20
-933.9305
 30
0.0
 10
-3146.3629
 20
-929.8258
 30
0.0
 10
-3146.6462
 20
-924.0444
 30
0.0
 10
-3145.1498
 20
-920.0007
 30
0.0
 10
-3144.2338
 20
-917.5254
 30
0.0
 10
-3142.239
 20
-915.8946
 30
0.0
 10
-3139.6873
 20
-915.352
 30
0.0
 10
-3137.3125
 20
-914.847
 30
0.0
 10
-3134.6991
 20
-915.3467
 30
0.0
 10
-3132.6657
 20
-916.6719
 30
0.0
 10
-3131.2779
 20
-917.5763
 30
0.0
 10
-3130.3343
 20
-919.0827
 30
0.0
 10
-3129.9333
 20
-920.7018
 30
0.0
 10
-3129.8586
 20
-920.5908
 30
0.0
 10
-3129.7569
 20
-920.4867
 30
0.0
 10
-3129.6236
 20
-920.392
 30
0.0
 10
-3129.1733
 20
-920.0722
 30
0.0
 10
-3128.4997
 20
-920.0238
 30
0.0
 10
-3127.9643
 20
-920.0821
 30
0.0
 10
-3127.4923
 20
-920.1335
 30
0.0
 10
-3127.0148
 20
-920.2687
 30
0.0
 10
-3126.565
 20
-920.4385
 30
0.0
 10
-3126.556
 20
-920.3989
 30
0.0
 10
-3126.5457
 20
-920.3597
 30
0.0
 10
-3126.5339
 20
-920.3208
 30
0.0
 10
-3126.3881
 20
-919.8385
 30
0.0
 10
-3126.0237
 20
-919.4541
 30
0.0
 10
-3125.5491
 20
-919.2839
 30
0.0
 10
-3125.0723
 20
-919.113
 30
0.0
 10
-3124.5146
 20
-919.1861
 30
0.0
 10
-3124.1661
 20
-919.5778
 30
0.0
 10
-3124.0696
 20
-919.6863
 30
0.0
 10
-3124.0023
 20
-919.8021
 30
0.0
 10
-3123.9564
 20
-919.9237
 30
0.0
 10
-3123.6161
 20
-919.5998
 30
0.0
 10
-3123.1041
 20
-919.527
 30
0.0
 10
-3122.6204
 20
-919.7727
 30
0.0
 10
-3122.1372
 20
-920.0182
 30
0.0
 10
-3121.7201
 20
-920.5478
 30
0.0
 10
-3121.411
 20
-920.9857
 30
0.0
 10
-3120.9677
 20
-921.6136
 30
0.0
 10
-3120.5746
 20
-922.2921
 30
0.0
 10
-3120.2646
 20
-922.9958
 30
0.0
 10
-3119.9947
 20
-923.6081
 30
0.0
 10
-3119.8155
 20
-924.2447
 30
0.0
 10
-3119.671
 20
-924.8966
 30
0.0
 10
-3119.6638
 20
-924.929
 30
0.0
 10
-3119.6566
 20
-924.9614
 30
0.0
 10
-3119.6495
 20
-924.9938
 30
0.0
 10
-3119.5855
 20
-924.8909
 30
0.0
 10
-3119.5198
 20
-924.7889
 30
0.0
 10
-3119.4529
 20
-924.6878
 30
0.0
 10
-3119.3323
 20
-924.5053
 30
0.0
 10
-3119.2004
 20
-924.321
 30
0.0
 10
-3119.1031
 20
-924.1249
 30
0.0
 10
-3119.0206
 20
-923.9587
 30
0.0
 10
-3118.9965
 20
-923.8356
 30
0.0
 10
-3119.0121
 20
-923.6507
 30
0.0
 10
-3119.0526
 20
-923.1706
 30
0.0
 10
-3119.2205
 20
-922.6803
 30
0.0
 10
-3119.3169
 20
-922.2063
 30
0.0
 10
-3119.452
 20
-921.5416
 30
0.0
 10
-3119.5
 20
-920.9003
 30
0.0
 10
-3119.3851
 20
-920.2279
 30
0.0
 10
-3119.2777
 20
-919.5999
 30
0.0
 10
-3119.0266
 20
-918.8618
 30
0.0
 10
-3118.6832
 20
-918.324
 30
0.0
 10
-3118.3493
 20
-917.8008
 30
0.0
 10
-3117.7852
 20
-917.3979
 30
0.0
 10
-3117.1386
 20
-917.5959
 30
0.0
 10
-3117.0063
 20
-917.6364
 30
0.0
 10
-3116.8879
 20
-917.6975
 30
0.0
 10
-3116.7847
 20
-917.7747
 30
0.0
 10
-3116.7435
 20
-917.337
 30
0.0
 10
-3116.6852
 20
-916.9002
 30
0.0
 10
-3116.5716
 20
-916.4748
 30
0.0
 10
-3116.4628
 20
-916.0673
 30
0.0
 10
-3116.2859
 20
-915.6302
 30
0.0
 10
-3115.9982
 20
-915.316
 30
0.0
 10
-3115.6682
 20
-914.9555
 30
0.0
 10
-3115.2062
 20
-914.8003
 30
0.0
 10
-3114.7292
 20
-914.93
 30
0.0
 10
-3114.299
 20
-915.0471
 30
0.0
 10
-3113.9845
 20
-915.3514
 30
0.0
 10
-3113.7802
 20
-915.7387
 30
0.0
 10
-3113.695
 20
-915.9002
 30
0.0
 10
-3113.6267
 20
-916.0761
 30
0.0
 10
-3113.5735
 20
-916.2582
 30
0.0
 10
-3113.2619
 20
-915.793
 30
0.0
 10
-3112.958
 20
-915.3225
 30
0.0
 10
-3112.6658
 20
-914.8449
 30
0.0
 10
-3112.2841
 20
-914.2209
 30
0.0
 10
-3111.9201
 20
-913.5822
 30
0.0
 10
-3111.6233
 20
-912.9128
 30
0.0
 10
-3111.3747
 20
-912.3523
 30
0.0
 10
-3111.1793
 20
-911.7692
 30
0.0
 10
-3110.9837
 20
-911.1887
 30
0.0
 10
-3110.8579
 20
-910.8151
 30
0.0
 10
-3110.7312
 20
-910.3794
 30
0.0
 10
-3110.4926
 20
-910.0627
 30
0.0
 10
-3109.9784
 20
-909.3802
 30
0.0
 10
-3109.1597
 20
-909.5538
 30
0.0
 10
-3108.7388
 20
-910.2245
 30
0.0
 10
-3108.4547
 20
-910.6772
 30
0.0
 10
-3108.2745
 20
-911.2638
 30
0.0
 10
-3108.1544
 20
-911.783
 30
0.0
 10
-3107.9471
 20
-912.6799
 30
0.0
 10
-3107.9263
 20
-913.584
 30
0.0
 10
-3108.0027
 20
-914.4981
 30
0.0
 10
-3108.0922
 20
-915.567
 30
0.0
 10
-3108.2767
 20
-916.6741
 30
0.0
 10
-3108.5754
 20
-917.7204
 30
0.0
 10
-3108.4199
 20
-917.5759
 30
0.0
 10
-3108.2524
 20
-917.445
 30
0.0
 10
-3108.0698
 20
-917.3341
 30
0.0
 10
-3107.5371
 20
-917.0109
 30
0.0
 10
-3106.8231
 20
-916.8389
 30
0.0
 10
-3106.2722
 20
-917.2252
 30
0.0
 10
-3105.6305
 20
-917.6752
 30
0.0
 10
-3105.6583
 20
-918.5167
 30
0.0
 10
-3105.874
 20
-919.1843
 30
0.0
 10
-3106.1087
 20
-919.9105
 30
0.0
 10
-3106.5862
 20
-920.6357
 30
0.0
 10
-3107.148
 20
-921.1512
 30
0.0
 10
-3107.7474
 20
-921.7012
 30
0.0
 10
-3108.47
 20
-922.0445
 30
0.0
 10
-3109.1946
 20
-922.394
 30
0.0
 10
-3109.7932
 20
-922.6826
 30
0.0
 10
-3110.3968
 20
-922.9706
 30
0.0
 10
-3110.9629
 20
-923.32
 30
0.0
 10
-3111.3178
 20
-923.539
 30
0.0
 10
-3111.6518
 20
-923.7845
 30
0.0
 10
-3111.8901
 20
-924.1327
 30
0.0
 10
-3112.1367
 20
-924.493
 30
0.0
 10
-3112.2933
 20
-924.944
 30
0.0
 10
-3112.3934
 20
-925.3663
 30
0.0
 10
-3112.427
 20
-925.5084
 30
0.0
 10
-3112.464
 20
-925.6831
 30
0.0
 10
-3112.4921
 20
-925.8629
 30
0.0
 10
-3112.4883
 20
-925.8613
 30
0.0
 10
-3112.4845
 20
-925.8597
 30
0.0
 10
-3112.4807
 20
-925.8581
 30
0.0
 10
-3112.1152
 20
-925.7051
 30
0.0
 10
-3111.7225
 20
-925.5844
 30
0.0
 10
-3111.3728
 20
-925.3994
 30
0.0
 10
-3111.1687
 20
-925.2914
 30
0.0
 10
-3111.0642
 20
-925.1631
 30
0.0
 10
-3110.925
 20
-924.9832
 30
0.0
 10
-3110.6605
 20
-924.6413
 30
0.0
 10
-3110.4152
 20
-924.2853
 30
0.0
 10
-3110.1486
 20
-923.945
 30
0.0
 10
-3109.8826
 20
-923.6054
 30
0.0
 10
-3109.5617
 20
-923.223
 30
0.0
 10
-3109.1618
 20
-923.0423
 30
0.0
 10
-3108.4979
 20
-922.7424
 30
0.0
 10
-3107.7914
 20
-923.0794
 30
0.0
 10
-3107.5862
 20
-923.7733
 30
0.0
 10
-3107.4616
 20
-924.1949
 30
0.0
 10
-3107.5218
 20
-924.7171
 30
0.0
 10
-3107.6296
 20
-925.1385
 30
0.0
 10
-3107.6344
 20
-925.1572
 30
0.0
 10
-3107.6393
 20
-925.1757
 30
0.0
 10
-3107.6444
 20
-925.1942
 30
0.0
 10
-3107.2069
 20
-925.1446
 30
0.0
 10
-3106.77
 20
-925.0884
 30
0.0
 10
-3106.3361
 20
-925.0131
 30
0.0
 10
-3106.1341
 20
-924.978
 30
0.0
 10
-3105.9261
 20
-924.9391
 30
0.0
 10
-3105.7226
 20
-924.8872
 30
0.0
 10
-3105.8792
 20
-924.7926
 30
0.0
 10
-3106.0027
 20
-924.6855
 30
0.0
 10
-3106.1294
 20
-924.5494
 30
0.0
 10
-3106.1701
 20
-924.5057
 30
0.0
 10
-3106.1985
 20
-924.4624
 30
0.0
 10
-3106.2223
 20
-924.4075
 30
0.0
 10
-3106.7185
 20
-923.2627
 30
0.0
 10
-3106.9331
 20
-922.5722
 30
0.0
 10
-3106.565
 20
-921.3158
 30
0.0
 10
-3106.2779
 20
-920.3355
 30
0.0
 10
-3105.7126
 20
-919.6368
 30
0.0
 10
-3104.9162
 20
-919.0207
 30
0.0
 10
-3104.2945
 20
-918.5399
 30
0.0
 10
-3103.5805
 20
-918.1573
 30
0.0
 10
-3102.9897
 20
-917.6455
 30
0.0
 10
-3102.7413
 20
-917.4303
 30
0.0
 10
-3102.5369
 20
-917.1727
 30
0.0
 10
-3102.4176
 20
-916.864
 30
0.0
 10
-3102.3422
 20
-916.6688
 30
0.0
 10
-3102.2204
 20
-916.2656
 30
0.0
 10
-3102.1081
 20
-916.0997
 30
0.0
 10
-3102.0867
 20
-916.0682
 30
0.0
 10
-3102.0629
 20
-916.0399
 30
0.0
 10
-3102.0369
 20
-916.0149
 30
0.0
 10
-3102.5936
 20
-915.3235
 30
0.0
 10
-3103.0207
 20
-914.4284
 30
0.0
 10
-3103.1163
 20
-913.5758
 30
0.0
 10
-3103.1813
 20
-912.9961
 30
0.0
 10
-3103.2361
 20
-912.3096
 30
0.0
 10
-3102.9532
 20
-911.7757
 30
0.0
 10
-3102.8783
 20
-911.6345
 30
0.0
 10
-3102.7833
 20
-911.5049
 30
0.0
 10
-3102.6835
 20
-911.3766
 30
0.0
 10
-3102.7321
 20
-911.3693
 30
0.0
 10
-3102.7783
 20
-911.3626
 30
0.0
 10
-3102.8206
 20
-911.356
 30
0.0
 10
-3103.1628
 20
-911.3029
 30
0.0
 10
-3103.5458
 20
-911.2411
 30
0.0
 10
-3103.8395
 20
-911.047
 30
0.0
 10
-3104.1384
 20
-910.8493
 30
0.0
 10
-3104.3071
 20
-910.5156
 30
0.0
 10
-3104.2867
 20
-910.1576
 30
0.0
 10
-3104.2662
 20
-909.7975
 30
0.0
 10
-3104.0627
 20
-909.4882
 30
0.0
 10
-3103.7417
 20
-909.3244
 30
0.0
 10
-3102.7385
 20
-908.8127
 30
0.0
 10
-3101.1466
 20
-908.5686
 30
0.0
 10
-3100.0233
 20
-908.6904
 30
0.0
 10
-3098.5293
 20
-908.8524
 30
0.0
 10
-3097.5307
 20
-909.7313
 30
0.0
 10
-3098.1994
 20
-911.2966
 30
0.0
 10
-3098.2029
 20
-911.3049
 30
0.0
 10
-3098.2061
 20
-911.3119
 30
0.0
 10
-3098.2101
 20
-911.32
 30
0.0
 10
-3098.4743
 20
-911.8597
 30
0.0
 10
-3098.9056
 20
-912.1285
 30
0.0
 10
-3099.4959
 20
-912.1416
 30
0.0
 10
-3099.72
 20
-912.1466
 30
0.0
 10
-3099.9742
 20
-912.1012
 30
0.0
 10
-3100.2064
 20
-912.087
 30
0.0
 10
-3100.6362
 20
-913.288
 30
0.0
 10
-3098.6274
 20
-914.482
 30
0.0
 10
-3097.8191
 20
-914.9666
 30
0.0
 10
-3096.4098
 20
-915.8114
 30
0.0
 10
-3094.8029
 20
-916.7048
 30
0.0
 10
-3093.8039
 20
-918.0423
 30
0.0
 10
-3093.1865
 20
-918.8689
 30
0.0
 10
-3092.8018
 20
-919.7836
 30
0.0
 10
-3092.6754
 20
-920.7311
 30
0.0
 10
-3092.3752
 20
-919.8333
 30
0.0
 10
-3092.0112
 20
-918.9691
 30
0.0
 10
-3091.5861
 20
-918.114
 30
0.0
 10
-3091.0209
 20
-916.9767
 30
0.0
 10
-3090.3643
 20
-915.8736
 30
0.0
 10
-3089.5817
 20
-914.8717
 30
0.0
 10
-3088.7928
 20
-913.8616
 30
0.0
 10
-3087.8614
 20
-912.9349
 30
0.0
 10
-3086.8404
 20
-912.1595
 30
0.0
 10
-3085.9676
 20
-911.4967
 30
0.0
 10
-3085.0022
 20
-910.7579
 30
0.0
 10
-3083.9893
 20
-910.3302
 30
0.0
 10
-3083.28
 20
-910.0307
 30
0.0
 10
-3082.544
 20
-909.8027
 30
0.0
 10
-3081.7906
 20
-909.6449
 30
0.0
 10
-3081.5353
 20
-909.5915
 30
0.0
 10
-3081.0966
 20
-909.6268
 30
0.0
 10
-3080.8421
 20
-909.6937
 30
0.0
 10
-3080.1391
 20
-909.8783
 30
0.0
 10
-3079.9565
 20
-910.5242
 30
0.0
 10
-3080.5183
 20
-911.0225
 30
0.0
 10
-3080.6637
 20
-911.1514
 30
0.0
 10
-3080.8066
 20
-911.2687
 30
0.0
 10
-3080.9424
 20
-911.4097
 30
0.0
 10
-3081.1694
 20
-911.6454
 30
0.0
 10
-3081.3816
 20
-911.9141
 30
0.0
 10
-3081.5916
 20
-912.1657
 30
0.0
 10
-3081.8554
 20
-912.4819
 30
0.0
 10
-3082.1221
 20
-912.8035
 30
0.0
 10
-3082.3982
 20
-913.1101
 30
0.0
 10
-3082.2134
 20
-913.2104
 30
0.0
 10
-3082.0554
 20
-913.3614
 30
0.0
 10
-3081.9466
 20
-913.5408
 30
0.0
 10
-3081.7966
 20
-913.7879
 30
0.0
 10
-3081.7593
 20
-914.0558
 30
0.0
 10
-3081.7678
 20
-914.3405
 30
0.0
 10
-3081.7788
 20
-914.7064
 30
0.0
 10
-3081.9589
 20
-914.8624
 30
0.0
 10
-3082.0949
 20
-915.161
 30
0.0
 10
-3082.228
 20
-915.4534
 30
0.0
 10
-3082.4293
 20
-915.7234
 30
0.0
 10
-3082.6537
 20
-915.9565
 30
0.0
 10
-3082.6166
 20
-915.9632
 30
0.0
 10
-3082.5797
 20
-915.9729
 30
0.0
 10
-3082.543
 20
-915.9862
 30
0.0
 10
-3082.1824
 20
-916.1168
 30
0.0
 10
-3082.0759
 20
-916.472
 30
0.0
 10
-3082.099
 20
-916.822
 30
0.0
 10
-3082.1104
 20
-916.9949
 30
0.0
 10
-3082.1464
 20
-917.1768
 30
0.0
 10
-3082.1947
 20
-917.3511
 30
0.0
 10
-3081.6121
 20
-916.8585
 30
0.0
 10
-3080.9588
 20
-916.4649
 30
0.0
 10
-3080.2173
 20
-916.3314
 30
0.0
 10
-3079.3852
 20
-916.1816
 30
0.0
 10
-3078.4377
 20
-916.2478
 30
0.0
 10
-3077.63
 20
-916.4865
 30
0.0
 10
-3077.3921
 20
-916.5568
 30
0.0
 10
-3077.258
 20
-916.7532
 30
0.0
 10
-3077.1584
 20
-916.9648
 30
0.0
 10
-3077.0122
 20
-917.2755
 30
0.0
 10
-3077.0329
 20
-917.6285
 30
0.0
 10
-3077.2146
 20
-917.9199
 30
0.0
 10
-3077.2215
 20
-917.931
 30
0.0
 10
-3077.2286
 20
-917.9419
 30
0.0
 10
-3077.2359
 20
-917.9526
 30
0.0
 10
-3075.7397
 20
-917.944
 30
0.0
 10
-3074.2434
 20
-917.9511
 30
0.0
 10
-3072.7472
 20
-917.9507
 30
0.0
 10
-3071.9574
 20
-917.9505
 30
0.0
 10
-3071.1677
 20
-917.9279
 30
0.0
 10
-3070.378
 20
-917.9132
 30
0.0
 10
-3069.8656
 20
-917.9036
 30
0.0
 10
-3069.3411
 20
-917.8909
 30
0.0
 10
-3068.8341
 20
-917.9768
 30
0.0
 10
-3067.7457
 20
-918.1612
 30
0.0
 10
-3067.2015
 20
-918.8163
 30
0.0
 10
-3066.5805
 20
-919.6535
 30
0.0
 10
-3065.1267
 20
-921.6135
 30
0.0
 10
-3063.4347
 20
-923.3806
 30
0.0
 10
-3061.8821
 20
-925.2613
 30
0.0
 10
-3061.8222
 20
-924.4253
 30
0.0
 10
-3061.7752
 20
-923.5882
 30
0.0
 10
-3061.7341
 20
-922.7511
 30
0.0
 10
-3061.6635
 20
-921.3142
 30
0.0
 10
-3061.8779
 20
-918.9085
 30
0.0
 10
-3060.4073
 20
-918.0851
 30
0.0
 10
-3059.5381
 20
-917.5985
 30
0.0
 10
-3055.9785
 20
-917.822
 30
0.0
 10
-3054.828
 20
-917.8308
 30
0.0
 10
-3053.0606
 20
-917.8443
 30
0.0
 10
-3050.8497
 20
-918.1238
 30
0.0
 10
-3050.5842
 20
-920.3122
 30
0.0
 10
-3050.5561
 20
-920.5445
 30
0.0
 10
-3050.622
 20
-920.7718
 30
0.0
 10
-3050.7715
 20
-920.952
 30
0.0
 10
-3050.9239
 20
-921.1358
 30
0.0
 10
-3051.1382
 20
-921.242
 30
0.0
 10
-3051.377
 20
-921.25
 30
0.0
 10
-3051.8803
 20
-921.2668
 30
0.0
 10
-3052.5708
 20
-921.3192
 30
0.0
 10
-3053.0106
 20
-921.5822
 30
0.0
 10
-3053.4505
 20
-921.8452
 30
0.0
 10
-3053.5149
 20
-922.2807
 30
0.0
 10
-3053.457
 20
-922.763
 30
0.0
 10
-3053.3814
 20
-923.392
 30
0.0
 10
-3052.8723
 20
-924.5764
 30
0.0
 10
-3052.4386
 20
-925.3393
 30
0.0
 10
-3052.4285
 20
-925.3311
 30
0.0
 10
-3052.4184
 20
-925.3229
 30
0.0
 10
-3052.4083
 20
-925.3147
 30
0.0
 10
-3052.0548
 20
-925.0281
 30
0.0
 10
-3051.7108
 20
-924.7298
 30
0.0
 10
-3051.37
 20
-924.4281
 30
0.0
 10
-3050.7792
 20
-923.905
 30
0.0
 10
-3050.1847
 20
-923.3787
 30
0.0
 10
-3049.6344
 20
-922.8127
 30
0.0
 10
-3048.5599
 20
-921.7078
 30
0.0
 10
-3047.6521
 20
-920.4675
 30
0.0
 10
-3046.7479
 20
-919.2238
 30
0.0
 10
-3046.4005
 20
-918.746
 30
0.0
 10
-3046.0745
 20
-918.2535
 30
0.0
 10
-3045.4854
 20
-918.0485
 30
0.0
 10
-3044.9452
 20
-917.8605
 30
0.0
 10
-3044.1757
 20
-917.9413
 30
0.0
 10
-3043.6025
 20
-917.9562
 30
0.0
 10
-3040.9848
 20
-918.0239
 30
0.0
 10
-3038.366
 20
-917.9281
 30
0.0
 10
-3035.7481
 20
-917.9426
 30
0.0
 10
-3035.753
 20
-917.9351
 30
0.0
 10
-3035.7578
 20
-917.9275
 30
0.0
 10
-3035.7626
 20
-917.9199
 30
0.0
 10
-3035.9443
 20
-917.6285
 30
0.0
 10
-3035.965
 20
-917.2755
 30
0.0
 10
-3035.8188
 20
-916.9648
 30
0.0
 10
-3035.7192
 20
-916.7532
 30
0.0
 10
-3035.5851
 20
-916.5568
 30
0.0
 10
-3035.3472
 20
-916.4865
 30
0.0
 10
-3034.5395
 20
-916.2478
 30
0.0
 10
-3033.592
 20
-916.1816
 30
0.0
 10
-3032.7599
 20
-916.3314
 30
0.0
 10
-3032.0184
 20
-916.4649
 30
0.0
 10
-3031.3651
 20
-916.8585
 30
0.0
 10
-3030.7825
 20
-917.3511
 30
0.0
 10
-3030.8308
 20
-917.1768
 30
0.0
 10
-3030.8668
 20
-916.9949
 30
0.0
 10
-3030.8782
 20
-916.822
 30
0.0
 10
-3030.9013
 20
-916.472
 30
0.0
 10
-3030.7948
 20
-916.1168
 30
0.0
 10
-3030.4342
 20
-915.9862
 30
0.0
 10
-3030.3975
 20
-915.9729
 30
0.0
 10
-3030.3606
 20
-915.9632
 30
0.0
 10
-3030.3235
 20
-915.9565
 30
0.0
 10
-3030.5479
 20
-915.7234
 30
0.0
 10
-3030.7492
 20
-915.4534
 30
0.0
 10
-3030.8823
 20
-915.161
 30
0.0
 10
-3031.0183
 20
-914.8624
 30
0.0
 10
-3031.1984
 20
-914.7064
 30
0.0
 10
-3031.2094
 20
-914.3405
 30
0.0
 10
-3031.2179
 20
-914.0558
 30
0.0
 10
-3031.1806
 20
-913.7879
 30
0.0
 10
-3031.0306
 20
-913.5408
 30
0.0
 10
-3030.9218
 20
-913.3614
 30
0.0
 10
-3030.7638
 20
-913.2104
 30
0.0
 10
-3030.579
 20
-913.1101
 30
0.0
 10
-3030.8551
 20
-912.8035
 30
0.0
 10
-3031.1218
 20
-912.4819
 30
0.0
 10
-3031.3856
 20
-912.1657
 30
0.0
 10
-3031.5956
 20
-911.9141
 30
0.0
 10
-3031.8078
 20
-911.6454
 30
0.0
 10
-3032.0348
 20
-911.4097
 30
0.0
 10
-3032.1706
 20
-911.2687
 30
0.0
 10
-3032.3135
 20
-911.1514
 30
0.0
 10
-3032.4589
 20
-911.0225
 30
0.0
 10
-3033.0207
 20
-910.5242
 30
0.0
 10
-3032.8381
 20
-909.8783
 30
0.0
 10
-3032.1351
 20
-909.6937
 30
0.0
 10
-3031.8806
 20
-909.6268
 30
0.0
 10
-3031.4419
 20
-909.5915
 30
0.0
 10
-3031.1866
 20
-909.6449
 30
0.0
 10
-3030.4332
 20
-909.8027
 30
0.0
 10
-3029.6972
 20
-910.0307
 30
0.0
 10
-3028.9879
 20
-910.3302
 30
0.0
 10
-3027.975
 20
-910.7579
 30
0.0
 10
-3027.0096
 20
-911.4967
 30
0.0
 10
-3026.1368
 20
-912.1595
 30
0.0
 10
-3025.1158
 20
-912.9349
 30
0.0
 10
-3024.1844
 20
-913.8616
 30
0.0
 10
-3023.3955
 20
-914.8717
 30
0.0
 10
-3022.6129
 20
-915.8736
 30
0.0
 10
-3021.9563
 20
-916.9767
 30
0.0
 10
-3021.3911
 20
-918.114
 30
0.0
 10
-3020.966
 20
-918.9691
 30
0.0
 10
-3020.602
 20
-919.8333
 30
0.0
 10
-3020.3018
 20
-920.7311
 30
0.0
 10
-3020.1754
 20
-919.7836
 30
0.0
 10
-3019.7907
 20
-918.8689
 30
0.0
 10
-3019.1733
 20
-918.0423
 30
0.0
 10
-3018.1743
 20
-916.7048
 30
0.0
 10
-3016.5675
 20
-915.8114
 30
0.0
 10
-3015.1582
 20
-914.9666
 30
0.0
 10
-3014.3499
 20
-914.482
 30
0.0
 10
-3012.3409
 20
-913.288
 30
0.0
 10
-3012.7708
 20
-912.087
 30
0.0
 10
-3013.0031
 20
-912.1012
 30
0.0
 10
-3013.2572
 20
-912.1466
 30
0.0
 10
-3013.4814
 20
-912.1416
 30
0.0
 10
-3014.0716
 20
-912.1285
 30
0.0
 10
-3014.5029
 20
-911.8597
 30
0.0
 10
-3014.7671
 20
-911.32
 30
0.0
 10
-3014.7711
 20
-911.3119
 30
0.0
 10
-3014.7743
 20
-911.3049
 30
0.0
 10
-3014.7778
 20
-911.2966
 30
0.0
 10
-3015.4465
 20
-909.7313
 30
0.0
 10
-3014.4479
 20
-908.8524
 30
0.0
 10
-3012.9539
 20
-908.6904
 30
0.0
 10
-3011.8306
 20
-908.5686
 30
0.0
 10
-3010.2387
 20
-908.8127
 30
0.0
 10
-3009.2355
 20
-909.3244
 30
0.0
 10
-3008.9145
 20
-909.4882
 30
0.0
 10
-3008.711
 20
-909.7975
 30
0.0
 10
-3008.6905
 20
-910.1576
 30
0.0
 10
-3008.6701
 20
-910.5157
 30
0.0
 10
-3008.8388
 20
-910.8493
 30
0.0
 10
-3009.1379
 20
-911.047
 30
0.0
 10
-3009.4315
 20
-911.2411
 30
0.0
 10
-3009.8144
 20
-911.3028
 30
0.0
 10
-3010.1566
 20
-911.356
 30
0.0
 10
-3010.1989
 20
-911.3625
 30
0.0
 10
-3010.2451
 20
-911.3693
 30
0.0
 10
-3010.2936
 20
-911.3765
 30
0.0
 10
-3010.1939
 20
-911.5049
 30
0.0
 10
-3010.0988
 20
-911.6345
 30
0.0
 10
-3010.024
 20
-911.7757
 30
0.0
 10
-3009.7411
 20
-912.3096
 30
0.0
 10
-3009.7959
 20
-912.9961
 30
0.0
 10
-3009.8609
 20
-913.5758
 30
0.0
 10
-3009.9565
 20
-914.4284
 30
0.0
 10
-3010.3836
 20
-915.3235
 30
0.0
 10
-3010.9403
 20
-916.0149
 30
0.0
 10
-3010.9144
 20
-916.0398
 30
0.0
 10
-3010.8907
 20
-916.0679
 30
0.0
 10
-3010.8695
 20
-916.0992
 30
0.0
 10
-3010.7569
 20
-916.2649
 30
0.0
 10
-3010.635
 20
-916.6688
 30
0.0
 10
-3010.5596
 20
-916.864
 30
0.0
 10
-3010.4403
 20
-917.1727
 30
0.0
 10
-3010.2359
 20
-917.4303
 30
0.0
 10
-3009.9875
 20
-917.6455
 30
0.0
 10
-3009.3967
 20
-918.1573
 30
0.0
 10
-3008.6827
 20
-918.5399
 30
0.0
 10
-3008.061
 20
-919.0207
 30
0.0
 10
-3007.2646
 20
-919.6368
 30
0.0
 10
-3006.6993
 20
-920.3355
 30
0.0
 10
-3006.4122
 20
-921.3158
 30
0.0
 10
-3006.0441
 20
-922.5722
 30
0.0
 10
-3006.2587
 20
-923.2627
 30
0.0
 10
-3006.7549
 20
-924.4075
 30
0.0
 10
-3006.7787
 20
-924.4624
 30
0.0
 10
-3006.8071
 20
-924.5057
 30
0.0
 10
-3006.8478
 20
-924.5494
 30
0.0
 10
-3006.9744
 20
-924.6855
 30
0.0
 10
-3007.0981
 20
-924.7926
 30
0.0
 10
-3007.2545
 20
-924.8872
 30
0.0
 10
-3007.051
 20
-924.9391
 30
0.0
 10
-3006.843
 20
-924.978
 30
0.0
 10
-3006.6411
 20
-925.0131
 30
0.0
 10
-3006.2072
 20
-925.0884
 30
0.0
 10
-3005.7703
 20
-925.1447
 30
0.0
 10
-3005.3327
 20
-925.1942
 30
0.0
 10
-3005.3379
 20
-925.1758
 30
0.0
 10
-3005.3428
 20
-925.1572
 30
0.0
 10
-3005.3476
 20
-925.1385
 30
0.0
 10
-3005.4554
 20
-924.7172
 30
0.0
 10
-3005.5156
 20
-924.1949
 30
0.0
 10
-3005.391
 20
-923.7733
 30
0.0
 10
-3005.1858
 20
-923.0794
 30
0.0
 10
-3004.4793
 20
-922.7424
 30
0.0
 10
-3003.8154
 20
-923.0423
 30
0.0
 10
-3003.4155
 20
-923.223
 30
0.0
 10
-3003.0946
 20
-923.6054
 30
0.0
 10
-3002.8286
 20
-923.945
 30
0.0
 10
-3002.562
 20
-924.2853
 30
0.0
 10
-3002.3166
 20
-924.6413
 30
0.0
 10
-3002.0521
 20
-924.9832
 30
0.0
 10
-3001.913
 20
-925.163
 30
0.0
 10
-3001.8084
 20
-925.2914
 30
0.0
 10
-3001.6045
 20
-925.3994
 30
0.0
 10
-3001.2548
 20
-925.5845
 30
0.0
 10
-3000.862
 20
-925.705
 30
0.0
 10
-3000.4965
 20
-925.8581
 30
0.0
 10
-3000.4927
 20
-925.8597
 30
0.0
 10
-3000.4889
 20
-925.8613
 30
0.0
 10
-3000.4851
 20
-925.8629
 30
0.0
 10
-3000.5132
 20
-925.6832
 30
0.0
 10
-3000.5501
 20
-925.5084
 30
0.0
 10
-3000.5837
 20
-925.3663
 30
0.0
 10
-3000.6838
 20
-924.944
 30
0.0
 10
-3000.8404
 20
-924.493
 30
0.0
 10
-3001.087
 20
-924.1327
 30
0.0
 10
-3001.3254
 20
-923.7845
 30
0.0
 10
-3001.6593
 20
-923.539
 30
0.0
 10
-3002.0142
 20
-923.32
 30
0.0
 10
-3002.5803
 20
-922.9705
 30
0.0
 10
-3003.1841
 20
-922.6826
 30
0.0
 10
-3003.7827
 20
-922.394
 30
0.0
 10
-3004.5073
 20
-922.0445
 30
0.0
 10
-3005.2299
 20
-921.7012
 30
0.0
 10
-3005.8292
 20
-921.1512
 30
0.0
 10
-3006.391
 20
-920.6357
 30
0.0
 10
-3006.8685
 20
-919.9105
 30
0.0
 10
-3007.1032
 20
-919.1843
 30
0.0
 10
-3007.3189
 20
-918.5167
 30
0.0
 10
-3007.3467
 20
-917.6752
 30
0.0
 10
-3006.705
 20
-917.2252
 30
0.0
 10
-3006.1541
 20
-916.8389
 30
0.0
 10
-3005.4401
 20
-917.0109
 30
0.0
 10
-3004.9074
 20
-917.3341
 30
0.0
 10
-3004.7247
 20
-917.445
 30
0.0
 10
-3004.5572
 20
-917.576
 30
0.0
 10
-3004.4017
 20
-917.7205
 30
0.0
 10
-3004.7004
 20
-916.6742
 30
0.0
 10
-3004.885
 20
-915.567
 30
0.0
 10
-3004.9745
 20
-914.4981
 30
0.0
 10
-3005.051
 20
-913.5841
 30
0.0
 10
-3005.0302
 20
-912.6799
 30
0.0
 10
-3004.8229
 20
-911.783
 30
0.0
 10
-3004.7029
 20
-911.2638
 30
0.0
 10
-3004.5225
 20
-910.6772
 30
0.0
 10
-3004.2384
 20
-910.2246
 30
0.0
 10
-3003.8175
 20
-909.5537
 30
0.0
 10
-3002.9987
 20
-909.3802
 30
0.0
 10
-3002.4845
 20
-910.0627
 30
0.0
 10
-3002.2459
 20
-910.3794
 30
0.0
 10
-3002.1194
 20
-910.8151
 30
0.0
 10
-3001.9936
 20
-911.1887
 30
0.0
 10
-3001.798
 20
-911.7692
 30
0.0
 10
-3001.6025
 20
-912.3523
 30
0.0
 10
-3001.3539
 20
-912.9128
 30
0.0
 10
-3001.0571
 20
-913.5822
 30
0.0
 10
-3000.6932
 20
-914.2209
 30
0.0
 10
-3000.3114
 20
-914.8449
 30
0.0
 10
-3000.0192
 20
-915.3225
 30
0.0
 10
-2999.7153
 20
-915.793
 30
0.0
 10
-2999.4037
 20
-916.2583
 30
0.0
 10
-2999.3506
 20
-916.0762
 30
0.0
 10
-2999.2824
 20
-915.9003
 30
0.0
 10
-2999.1971
 20
-915.7387
 30
0.0
 10
-2998.9928
 20
-915.3514
 30
0.0
 10
-2998.6782
 20
-915.0471
 30
0.0
 10
-2998.248
 20
-914.93
 30
0.0
 10
-2997.7709
 20
-914.8002
 30
0.0
 10
-2997.309
 20
-914.9555
 30
0.0
 10
-2996.9789
 20
-915.316
 30
0.0
 10
-2996.6912
 20
-915.6302
 30
0.0
 10
-2996.5145
 20
-916.0673
 30
0.0
 10
-2996.4057
 20
-916.4748
 30
0.0
 10
-2996.2922
 20
-916.9002
 30
0.0
 10
-2996.2337
 20
-917.3369
 30
0.0
 10
-2996.1924
 20
-917.7746
 30
0.0
 10
-2996.0892
 20
-917.6975
 30
0.0
 10
-2995.9709
 20
-917.6364
 30
0.0
 10
-2995.8386
 20
-917.5959
 30
0.0
 10
-2995.192
 20
-917.3979
 30
0.0
 10
-2994.6278
 20
-917.8007
 30
0.0
 10
-2994.2938
 20
-918.324
 30
0.0
 10
-2993.9506
 20
-918.8618
 30
0.0
 10
-2993.6996
 20
-919.5999
 30
0.0
 10
-2993.5922
 20
-920.2279
 30
0.0
 10
-2993.4772
 20
-920.9003
 30
0.0
 10
-2993.5253
 20
-921.5415
 30
0.0
 10
-2993.6603
 20
-922.2062
 30
0.0
 10
-2993.7566
 20
-922.6803
 30
0.0
 10
-2993.9246
 20
-923.1706
 30
0.0
 10
-2993.9651
 20
-923.6507
 30
0.0
 10
-2993.9807
 20
-923.8357
 30
0.0
 10
-2993.9565
 20
-923.9587
 30
0.0
 10
-2993.874
 20
-924.125
 30
0.0
 10
-2993.7767
 20
-924.321
 30
0.0
 10
-2993.6449
 20
-924.5054
 30
0.0
 10
-2993.5243
 20
-924.6878
 30
0.0
 10
-2993.4574
 20
-924.7889
 30
0.0
 10
-2993.3917
 20
-924.8908
 30
0.0
 10
-2993.3277
 20
-924.9938
 30
0.0
 10
-2993.3206
 20
-924.9613
 30
0.0
 10
-2993.3134
 20
-924.9289
 30
0.0
 10
-2993.3062
 20
-924.8966
 30
0.0
 10
-2993.1617
 20
-924.2447
 30
0.0
 10
-2992.9824
 20
-923.6081
 30
0.0
 10
-2992.7125
 20
-922.9958
 30
0.0
 10
-2992.4025
 20
-922.2921
 30
0.0
 10
-2992.0095
 20
-921.6136
 30
0.0
 10
-2991.5662
 20
-920.9857
 30
0.0
 10
-2991.2571
 20
-920.5478
 30
0.0
 10
-2990.84
 20
-920.0182
 30
0.0
 10
-2990.3569
 20
-919.7727
 30
0.0
 10
-2989.8731
 20
-919.527
 30
0.0
 10
-2989.3611
 20
-919.5997
 30
0.0
 10
-2989.0208
 20
-919.9237
 30
0.0
 10
-2988.9749
 20
-919.8021
 30
0.0
 10
-2988.9076
 20
-919.6863
 30
0.0
 10
-2988.8111
 20
-919.5778
 30
0.0
 10
-2988.4627
 20
-919.1861
 30
0.0
 10
-2987.9049
 20
-919.113
 30
0.0
 10
-2987.4282
 20
-919.2839
 30
0.0
 10
-2986.9535
 20
-919.4541
 30
0.0
 10
-2986.5891
 20
-919.8385
 30
0.0
 10
-2986.4433
 20
-920.3208
 30
0.0
 10
-2986.4315
 20
-920.3597
 30
0.0
 10
-2986.4212
 20
-920.3989
 30
0.0
 10
-2986.4122
 20
-920.4385
 30
0.0
 10
-2985.9624
 20
-920.2687
 30
0.0
 10
-2985.4849
 20
-920.1335
 30
0.0
 10
-2985.0128
 20
-920.0821
 30
0.0
 10
-2984.4775
 20
-920.0238
 30
0.0
 10
-2983.8038
 20
-920.0723
 30
0.0
 10
-2983.3536
 20
-920.3921
 30
0.0
 10
-2983.2202
 20
-920.4868
 30
0.0
 10
-2983.1185
 20
-920.591
 30
0.0
 10
-2983.0439
 20
-920.702
 30
0.0
 10
-2982.6429
 20
-919.0828
 30
0.0
 10
-2981.6992
 20
-917.5764
 30
0.0
 10
-2980.3114
 20
-916.6719
 30
0.0
 10
-2978.278
 20
-915.3467
 30
0.0
 10
-2975.6646
 20
-914.847
 30
0.0
 10
-2973.2898
 20
-915.352
 30
0.0
 10
-2970.7382
 20
-915.8946
 30
0.0
 10
-2968.7433
 20
-917.5253
 30
0.0
 10
-2967.8273
 20
-920.0006
 30
0.0
 10
-2966.3309
 20
-924.0443
 30
0.0
 10
-2966.6142
 20
-929.8259
 30
0.0
 10
-2968.1027
 20
-933.9305
 30
0.0
 10
-2968.0492
 20
-933.9494
 30
0.0
 10
-2967.9973
 20
-933.9674
 30
0.0
 10
-2967.9527
 20
-933.9865
 30
0.0
 10
-2967.573
 20
-934.1487
 30
0.0
 10
-2967.3457
 20
-934.4143
 30
0.0
 10
-2967.19
 20
-934.7934
 30
0.0
 10
-2966.9267
 20
-935.4344
 30
0.0
 10
-2967.1152
 20
-936.4814
 30
0.0
 10
-2967.1079
 20
-937.3871
 30
0.0
 10
-2966.7848
 20
-936.8292
 30
0.0
 10
-2966.2256
 20
-936.4325
 30
0.0
 10
-2965.4281
 20
-936.314
 30
0.0
 10
-2964.1905
 20
-936.1301
 30
0.0
 10
-2962.8021
 20
-936.7386
 30
0.0
 10
-2962.2261
 20
-937.878
 30
0.0
 10
-2961.6163
 20
-939.0842
 30
0.0
 10
-2961.6735
 20
-940.4327
 30
0.0
 10
-2962.5296
 20
-941.4957
 30
0.0
 10
-2963.3753
 20
-942.5456
 30
0.0
 10
-2964.7478
 20
-942.9997
 30
0.0
 10
-2966.0645
 20
-942.9344
 30
0.0
 10
-2967.9796
 20
-942.8394
 30
0.0
 10
-2969.4403
 20
-941.9461
 30
0.0
 10
-2970.4717
 20
-940.3522
 30
0.0
 10
-2970.8275
 20
-939.8024
 30
0.0
 10
-2971.1006
 20
-939.2189
 30
0.0
 10
-2971.3486
 20
-938.6146
 30
0.0
 10
-2971.4213
 20
-938.4374
 30
0.0
 10
-2971.622
 20
-937.8796
 30
0.0
 10
-2971.7352
 20
-937.718
 30
0.0
 10
-2971.9137
 20
-937.598
 30
0.0
 10
-2972.118
 20
-937.5226
 30
0.0
 10
-2972.3022
 20
-937.4105
 30
0.0
 10
-2972.6399
 20
-937.205
 30
0.0
 10
-2972.8435
 20
-936.9281
 30
0.0
 10
-2972.9933
 20
-936.5654
 30
0.0
 10
-2973.4125
 20
-935.5498
 30
0.0
 10
-2973.1031
 20
-934.5744
 30
0.0
 10
-2972.7622
 20
-933.6131
 30
0.0
 10
-2973.2636
 20
-933.4911
 30
0.0
 10
-2973.7046
 20
-933.3633
 30
0.0
 10
-2973.9416
 20
-932.7429
 30
0.0
 10
-2974.296
 20
-931.815
 30
0.0
 10
-2973.3538
 20
-930.4929
 30
0.0
 10
-2972.4759
 20
-929.5231
 30
0.0
 10
-2972.833
 20
-929.5453
 30
0.0
 10
-2973.1922
 20
-929.5604
 30
0.0
 10
-2973.5491
 20
-929.5453
 30
0.0
 10
-2974.4661
 20
-929.5064
 30
0.0
 10
-2975.4428
 20
-929.2377
 30
0.0
 10
-2975.6835
 20
-928.2268
 30
0.0
 10
-2975.6985
 20
-928.164
 30
0.0
 10
-2975.7012
 20
-928.1079
 30
0.0
 10
-2975.6926
 20
-928.0439
 30
0.0
 10
-2975.6787
 20
-927.9413
 30
0.0
 10
-2975.6474
 20
-927.8474
 30
0.0
 10
-2975.6024
 20
-927.7613
 30
0.0
 10
-2976.6416
 20
-928.257
 30
0.0
 10
-2977.877
 20
-928.3406
 30
0.0
 10
-2979.0742
 20
-928.0239
 30
0.0
 10
-2981.6526
 20
-927.3418
 30
0.0
 10
-2983.173
 20
-925.304
 30
0.0
 10
-2983.2579
 20
-922.6848
 30
0.0
 10
-2983.2613
 20
-922.5809
 30
0.0
 10
-2983.2623
 20
-922.4766
 30
0.0
 10
-2983.2609
 20
-922.3721
 30
0.0
 10
-2983.5741
 20
-922.8975
 30
0.0
 10
-2983.9474
 20
-923.3868
 30
0.0
 10
-2984.3237
 20
-923.8678
 30
0.0
 10
-2984.733
 20
-924.3909
 30
0.0
 10
-2985.1586
 20
-924.9009
 30
0.0
 10
-2985.591
 20
-925.405
 30
0.0
 10
-2985.3256
 20
-925.4103
 30
0.0
 10
-2985.0635
 20
-925.4473
 30
0.0
 10
-2984.8422
 20
-925.5424
 30
0.0
 10
-2984.2159
 20
-925.8115
 30
0.0
 10
-2983.9698
 20
-926.5098
 30
0.0
 10
-2984.2814
 20
-927.1141
 30
0.0
 10
-2984.5236
 20
-927.5838
 30
0.0
 10
-2984.9767
 20
-927.769
 30
0.0
 10
-2985.4709
 20
-927.8485
 30
0.0
 10
-2985.929
 20
-927.9223
 30
0.0
 10
-2986.4126
 20
-927.939
 30
0.0
 10
-2986.8615
 20
-928.0538
 30
0.0
 10
-2987.3082
 20
-928.168
 30
0.0
 10
-2987.7645
 20
-928.374
 30
0.0
 10
-2988.1478
 20
-928.63
 30
0.0
 10
-2988.3406
 20
-928.7588
 30
0.0
 10
-2988.5097
 20
-928.903
 30
0.0
 10
-2988.6641
 20
-929.065
 30
0.0
 10
-2988.6406
 20
-929.0639
 30
0.0
 10
-2988.617
 20
-929.063
 30
0.0
 10
-2988.5934
 20
-929.0623
 30
0.0
 10
-2987.8283
 20
-929.038
 30
0.0
 10
-2986.9392
 20
-929.0937
 30
0.0
 10
-2986.2035
 20
-929.309
 30
0.0
 10
-2985.5192
 20
-929.5094
 30
0.0
 10
-2984.9336
 20
-929.9082
 30
0.0
 10
-2984.7399
 20
-930.6296
 30
0.0
 10
-2984.6109
 20
-931.1099
 30
0.0
 10
-2984.6911
 20
-931.6345
 30
0.0
 10
-2984.8784
 20
-932.0885
 30
0.0
 10
-2984.8889
 20
-932.1139
 30
0.0
 10
-2984.9008
 20
-932.1394
 30
0.0
 10
-2984.9135
 20
-932.1648
 30
0.0
 10
-2984.6074
 20
-932.3086
 30
0.0
 10
-2984.2842
 20
-932.4257
 30
0.0
 10
-2983.9675
 20
-932.5354
 30
0.0
 10
-2983.5398
 20
-932.6835
 30
0.0
 10
-2983.104
 20
-932.807
 30
0.0
 10
-2982.6658
 20
-932.9198
 30
0.0
 10
-2982.2553
 20
-933.0254
 30
0.0
 10
-2981.7549
 20
-933.125
 30
0.0
 10
-2981.4249
 20
-933.4032
 30
0.0
 10
-2980.8091
 20
-933.9221
 30
0.0
 10
-2980.9995
 20
-934.666
 30
0.0
 10
-2981.5161
 20
-935.1646
 30
0.0
 10
-2982.0114
 20
-935.6426
 30
0.0
 10
-2982.6552
 20
-935.8891
 30
0.0
 10
-2983.3276
 20
-935.9895
 30
0.0
 10
-2984.2543
 20
-936.1279
 30
0.0
 10
-2985.2761
 20
-936.0525
 30
0.0
 10
-2986.2037
 20
-935.9385
 30
0.0
 10
-2986.7554
 20
-935.8707
 30
0.0
 10
-2987.2989
 20
-935.755
 30
0.0
 10
-2987.8467
 20
-935.6669
 30
0.0
 10
-2987.895
 20
-935.8433
 30
0.0
 10
-2987.9842
 20
-935.9957
 30
0.0
 10
-2988.1082
 20
-936.1151
 30
0.0
 10
-2987.9523
 20
-936.1079
 30
0.0
 10
-2987.7966
 20
-936.1438
 30
0.0
 10
-2987.6472
 20
-936.2477
 30
0.0
 10
-2987.3175
 20
-936.477
 30
0.0
 10
-2987.2004
 20
-936.9516
 30
0.0
 10
-2987.1217
 20
-937.3234
 30
0.0
 10
-2987.0233
 20
-937.7888
 30
0.0
 10
-2986.9797
 20
-938.2349
 30
0.0
 10
-2987.0257
 20
-938.7106
 30
0.0
 10
-2987.0783
 20
-939.2542
 30
0.0
 10
-2987.2471
 20
-939.8647
 30
0.0
 10
-2987.5206
 20
-940.3384
 30
0.0
 10
-2987.7708
 20
-940.7718
 30
0.0
 10
-2988.1099
 20
-941.0934
 30
0.0
 10
-2988.5196
 20
-941.3733
 30
0.0
 10
-2988.9092
 20
-941.6395
 30
0.0
 10
-2989.257
 20
-941.7774
 30
0.0
 10
-2989.7055
 20
-941.8674
 30
0.0
 10
-2989.693
 20
-941.9086
 30
0.0
 10
-2989.6858
 20
-941.9522
 30
0.0
 10
-2989.684
 20
-941.9981
 30
0.0
 10
-2989.6589
 20
-942.6395
 30
0.0
 10
-2989.6277
 20
-943.2932
 30
0.0
 10
-2989.6393
 20
-943.9348
 30
0.0
 10
-2989.6443
 20
-944.2119
 30
0.0
 10
-2989.6654
 20
-944.4932
 30
0.0
 10
-2989.7531
 20
-944.7313
 30
0.0
 10
-2989.3881
 20
-944.1161
 30
0.0
 10
-2988.8592
 20
-943.5928
 30
0.0
 10
-2988.2504
 20
-943.204
 30
0.0
 10
-2986.6349
 20
-942.1721
 30
0.0
 10
-2984.9127
 20
-942.0617
 30
0.0
 10
-2983.1484
 20
-942.7556
 30
0.0
 10
-2982.5905
 20
-942.975
 30
0.0
 10
-2982.0717
 20
-943.2566
 30
0.0
 10
-2981.5625
 20
-943.5673
 30
0.0
 10
-2981.4915
 20
-943.1516
 30
0.0
 10
-2981.111
 20
-942.8813
 30
0.0
 10
-2980.6431
 20
-942.8444
 30
0.0
 10
-2980.0745
 20
-942.7995
 30
0.0
 10
-2979.3549
 20
-943.0275
 30
0.0
 10
-2978.8679
 20
-943.3201
 30
0.0
 10
-2978.3193
 20
-943.6496
 30
0.0
 10
-2977.8892
 20
-944.1486
 30
0.0
 10
-2977.6044
 20
-944.7184
 30
0.0
 10
-2977.3519
 20
-945.2237
 30
0.0
 10
-2977.2288
 20
-945.7584
 30
0.0
 10
-2977.1747
 20
-946.3178
 30
0.0
 10
-2977.158
 20
-946.4912
 30
0.0
 10
-2977.1479
 20
-946.6649
 30
0.0
 10
-2977.1423
 20
-946.8387
 30
0.0
 10
-2976.7268
 20
-946.6847
 30
0.0
 10
-2976.3348
 20
-946.6058
 30
0.0
 10
-2975.8452
 20
-946.9274
 30
0.0
 10
-2975.0004
 20
-947.4823
 30
0.0
 10
-2975.0006
 20
-949.1044
 30
0.0
 10
-2975.1442
 20
-950.4011
 30
0.0
 10
-2974.8627
 20
-950.1727
 30
0.0
 10
-2974.5756
 20
-949.9489
 30
0.0
 10
-2974.2718
 20
-949.7518
 30
0.0
 10
-2973.5003
 20
-949.2511
 30
0.0
 10
-2972.553
 20
-948.9103
 30
0.0
 10
-2971.7666
 20
-949.5871
 30
0.0
 10
-2971.7181
 20
-949.6289
 30
0.0
 10
-2971.6832
 20
-949.6723
 30
0.0
 10
-2971.6528
 20
-949.7287
 30
0.0
 10
-2971.6014
 20
-949.8239
 30
0.0
 10
-2971.5709
 20
-949.9224
 30
0.0
 10
-2971.5574
 20
-950.0226
 30
0.0
 10
-2971.0054
 20
-949.0154
 30
0.0
 10
-2970.0485
 20
-948.231
 30
0.0
 10
-2968.8876
 20
-947.7959
 30
0.0
 10
-2966.3892
 20
-946.8596
 30
0.0
 10
-2963.9551
 20
-947.6427
 30
0.0
 10
-2962.3473
 20
-949.7112
 30
0.0
 10
-2960.945
 20
-951.5154
 30
0.0
 10
-2960.3547
 20
-954.1289
 30
0.0
 10
-2961.1919
 20
-956.2973
 30
0.0
 10
-2963.0263
 20
-961.0488
 30
0.0
 10
-2968.7627
 20
-963.8513
 30
0.0
 10
-2973.2901
 20
-960.8105
 30
0.0
 10
-2976.8808
 20
-958.3988
 30
0.0
 10
-2980.0704
 20
-953.5458
 30
0.0
 10
-2981.2868
 20
-949.3388
 30
0.0
 10
-2981.3434
 20
-949.3548
 30
0.0
 10
-2981.3983
 20
-949.3709
 30
0.0
 10
-2981.4478
 20
-949.3817
 30
0.0
 10
-2981.8512
 20
-949.4691
 30
0.0
 10
-2982.1903
 20
-949.3847
 30
0.0
 10
-2982.5381
 20
-949.1683
 30
0.0
 10
-2983.1308
 20
-948.7996
 30
0.0
 10
-2983.5948
 20
-947.8397
 30
0.0
 10
-2984.136
 20
-947.1082
 30
0.0
 10
-2984.071
 20
-947.7458
 30
0.0
 10
-2984.2904
 20
-948.3905
 30
0.0
 10
-2984.8697
 20
-948.9491
 30
0.0
 10
-2985.7721
 20
-949.8191
 30
0.0
 10
-2987.2577
 20
-950.1186
 30
0.0
 10
-2988.3894
 20
-949.5306
 30
0.0
 10
-2989.5806
 20
-948.9117
 30
0.0
 10
-2990.3425
 20
-947.7785
 30
0.0
 10
-2990.2748
 20
-946.4201
 30
0.0
 10
-2990.2496
 20
-945.916
 30
0.0
 10
-2990.1156
 20
-945.4384
 30
0.0
 10
-2989.8995
 20
-945.0009
 30
0.0
 10
-2990.0204
 20
-945.1561
 30
0.0
 10
-2990.1971
 20
-945.2712
 30
0.0
 10
-2990.4554
 20
-945.3223
 30
0.0
 10
-2990.5995
 20
-945.3508
 30
0.0
 10
-2990.7604
 20
-945.3541
 30
0.0
 10
-2990.9291
 20
-945.3393
 30
0.0
 10
-2990.9296
 20
-945.3664
 30
0.0
 10
-2990.9323
 20
-945.3938
 30
0.0
 10
-2990.9373
 20
-945.4213
 30
0.0
 10
-2991.0098
 20
-945.8165
 30
0.0
 10
-2991.0894
 20
-946.2309
 30
0.0
 10
-2991.233
 20
-946.6068
 30
0.0
 10
-2991.3629
 20
-946.9467
 30
0.0
 10
-2991.5463
 20
-947.2476
 30
0.0
 10
-2991.772
 20
-947.5314
 30
0.0
 10
-2991.9921
 20
-947.808
 30
0.0
 10
-2992.2606
 20
-948.0345
 30
0.0
 10
-2992.6388
 20
-947.895
 30
0.0
 10
-2992.715
 20
-947.8669
 30
0.0
 10
-2992.78
 20
-947.8263
 30
0.0
 10
-2992.8423
 20
-947.7806
 30
0.0
 10
-2992.8079
 20
-948.0189
 30
0.0
 10
-2992.7727
 20
-948.2572
 30
0.0
 10
-2992.7354
 20
-948.4949
 30
0.0
 10
-2992.7096
 20
-948.659
 30
0.0
 10
-2992.6789
 20
-948.8279
 30
0.0
 10
-2992.7031
 20
-948.994
 30
0.0
 10
-2992.749
 20
-949.3097
 30
0.0
 10
-2992.9777
 20
-949.5217
 30
0.0
 10
-2993.292
 20
-949.5647
 30
0.0
 10
-2993.7428
 20
-949.6263
 30
0.0
 10
-2994.3859
 20
-949.362
 30
0.0
 10
-2994.7766
 20
-949.1563
 30
0.0
 10
-2995.4141
 20
-948.8207
 30
0.0
 10
-2996.0619
 20
-948.5381
 30
0.0
 10
-2996.684
 20
-948.1661
 30
0.0
 10
-2997.3713
 20
-947.7552
 30
0.0
 10
-2998.1013
 20
-947.4169
 30
0.0
 10
-2998.8471
 20
-947.1269
 30
0.0
 10
-2999.6836
 20
-946.8017
 30
0.0
 10
-3000.5588
 20
-946.5239
 30
0.0
 10
-3001.4284
 20
-946.3027
 30
0.0
 10
-3001.4701
 20
-946.2921
 30
0.0
 10
-3001.512
 20
-946.2818
 30
0.0
 10
-3001.5539
 20
-946.2718
 30
0.0
 10
-3000.9237
 20
-946.5488
 30
0.0
 10
-3000.2936
 20
-946.8259
 30
0.0
 10
-2999.6635
 20
-947.1029
 30
0.0
 10
-2999.4713
 20
-947.1874
 30
0.0
 10
-2999.3566
 20
-947.3711
 30
0.0
 10
-2999.3651
 20
-947.5808
 30
0.0
 10
-2999.3674
 20
-947.6376
 30
0.0
 10
-2999.3732
 20
-947.6937
 30
0.0
 10
-2999.3819
 20
-947.7492
 30
0.0
 10
-2999.3138
 20
-947.6781
 30
0.0
 10
-2999.237
 20
-947.615
 30
0.0
 10
-2999.1507
 20
-947.5623
 30
0.0
 10
-2999.0067
 20
-947.4744
 30
0.0
 10
-2998.8433
 20
-947.4635
 30
0.0
 10
-2998.6889
 20
-947.5314
 30
0.0
 10
-2998.0665
 20
-947.8051
 30
0.0
 10
-2997.444
 20
-948.0787
 30
0.0
 10
-2996.8216
 20
-948.3524
 30
0.0
 10
-2996.7109
 20
-948.401
 30
0.0
 10
-2996.6268
 20
-948.4806
 30
0.0
 10
-2996.5762
 20
-948.5825
 30
0.0
 10
-2996.4667
 20
-948.5508
 30
0.0
 10
-2996.3519
 20
-948.559
 30
0.0
 10
-2996.2413
 20
-948.6076
 30
0.0
 10
-2995.6321
 20
-948.8753
 30
0.0
 10
-2995.023
 20
-949.143
 30
0.0
 10
-2994.414
 20
-949.4109
 30
0.0
 10
-2994.274
 20
-949.4725
 30
0.0
 10
-2994.1782
 20
-949.5816
 30
0.0
 10
-2994.1354
 20
-949.7284
 30
0.0
 10
-2994.0218
 20
-950.1171
 30
0.0
 10
-2994.2356
 20
-950.4883
 30
0.0
 10
-2994.4139
 20
-950.8189
 30
0.0
 10
-2994.5578
 20
-951.0855
 30
0.0
 10
-2994.6871
 20
-951.3605
 30
0.0
 10
-2994.8295
 20
-951.6285
 30
0.0
 10
-2995.0413
 20
-952.0273
 30
0.0
 10
-2995.2741
 20
-952.409
 30
0.0
 10
-2995.5298
 20
-952.7814
 30
0.0
 10
-2996.8419
 20
-954.6927
 30
0.0
 10
-2998.6653
 20
-956.8075
 30
0.0
 10
-3000.5244
 20
-958.1972
 30
0.0
 10
-3001.1357
 20
-958.6541
 30
0.0
 10
-3002.0766
 20
-959.2569
 30
0.0
 10
-3002.8411
 20
-959.3845
 30
0.0
 10
-3003.2194
 20
-959.4476
 30
0.0
 10
-3003.4346
 20
-959.4198
 30
0.0
 10
-3003.6395
 20
-959.3081
 30
0.0
 10
-3003.6171
 20
-959.3347
 30
0.0
 10
-3003.5954
 20
-959.3615
 30
0.0
 10
-3003.5744
 20
-959.3886
 30
0.0
 10
-3003.1863
 20
-959.8889
 30
0.0
 10
-3003.0548
 20
-960.5577
 30
0.0
 10
-3003.5728
 20
-961.0315
 30
0.0
 10
-3004.0156
 20
-961.4365
 30
0.0
 10
-3004.745
 20
-961.4825
 30
0.0
 10
-3005.2662
 20
-961.2085
 30
0.0
 10
-3005.3765
 20
-961.1506
 30
0.0
 10
-3005.474
 20
-961.0827
 30
0.0
 10
-3005.5644
 20
-961.0067
 30
0.0
 10
-3005.6055
 20
-961.0622
 30
0.0
 10
-3005.6591
 20
-961.1087
 30
0.0
 10
-3005.724
 20
-961.1449
 30
0.0
 10
-3006.4057
 20
-961.525
 30
0.0
 10
-3007.0566
 20
-961.8406
 30
0.0
 10
-3007.8028
 20
-962.081
 30
0.0
 10
-3008.9765
 20
-962.4592
 30
0.0
 10
-3010.2659
 20
-962.6507
 30
0.0
 10
-3011.4919
 20
-962.7528
 30
0.0
 10
-3013.0497
 20
-962.8825
 30
0.0
 10
-3014.6951
 20
-962.888
 30
0.0
 10
-3016.253
 20
-962.7458
 30
0.0
 10
-3017.6234
 20
-962.6208
 30
0.0
 10
-3018.9651
 20
-962.3635
 30
0.0
 10
-3020.2943
 20
-962.0115
 30
0.0
 10
-3021.305
 20
-961.744
 30
0.0
 10
-3022.3701
 20
-961.5109
 30
0.0
 10
-3023.3136
 20
-961.0508
 30
0.0
 10
-3024.5378
 20
-960.4538
 30
0.0
 10
-3026.6144
 20
-959.189
 30
0.0
 10
-3027.1729
 20
-957.915
 30
0.0
 10
-3027.4396
 20
-957.3067
 30
0.0
 10
-3027.6582
 20
-956.5721
 30
0.0
 10
-3027.6236
 20
-955.905
 30
0.0
 10
-3027.5927
 20
-955.3075
 30
0.0
 10
-3027.3927
 20
-954.7637
 30
0.0
 10
-3027.0408
 20
-954.2817
 30
0.0
 10
-3026.7228
 20
-953.8461
 30
0.0
 10
-3026.3425
 20
-953.55
 30
0.0
 10
-3025.8579
 20
-953.3129
 30
0.0
 10
-3025.2977
 20
-953.0388
 30
0.0
 10
-3024.6442
 20
-952.8609
 30
0.0
 10
-3024.0178
 20
-952.8766
 30
0.0
 10
-3023.3676
 20
-952.8928
 30
0.0
 10
-3022.6711
 20
-953.1219
 30
0.0
 10
-3022.1694
 20
-953.5428
 30
0.0
 10
-3021.7269
 20
-953.9141
 30
0.0
 10
-3021.4367
 20
-954.4429
 30
0.0
 10
-3021.366
 20
-955.0165
 30
0.0
 10
-3021.3065
 20
-955.499
 30
0.0
 10
-3021.3942
 20
-955.9443
 30
0.0
 10
-3021.6353
 20
-956.3654
 30
0.0
 10
-3021.7128
 20
-956.5009
 30
0.0
 10
-3021.8014
 20
-956.6248
 30
0.0
 10
-3021.894
 20
-956.75
 30
0.0
 10
-3021.9111
 20
-956.7731
 30
0.0
 10
-3021.9367
 20
-956.8057
 30
0.0
 10
-3021.9602
 20
-956.8385
 30
0.0
 10
-3021.7887
 20
-957.0492
 30
0.0
 10
-3021.2674
 20
-957.3326
 30
0.0
 10
-3021.0902
 20
-957.4178
 30
0.0
 10
-3020.2956
 20
-957.7997
 30
0.0
 10
-3019.1822
 20
-957.9677
 30
0.0
 10
-3018.3087
 20
-957.9281
 30
0.0
 10
-3017.1939
 20
-957.8775
 30
0.0
 10
-3016.0921
 20
-957.5006
 30
0.0
 10
-3015.1308
 20
-956.9441
 30
0.0
 10
-3014.1734
 20
-956.3898
 30
0.0
 10
-3013.322
 20
-955.6422
 30
0.0
 10
-3012.5003
 20
-954.9073
 30
0.0
 10
-3012.3756
 20
-954.7957
 30
0.0
 10
-3012.2154
 20
-954.7549
 30
0.0
 10
-3012.0579
 20
-954.7916
 30
0.0
 10
-3012.037
 20
-954.683
 30
0.0
 10
-3012.0067
 20
-954.5742
 30
0.0
 10
-3011.9683
 20
-954.4668
 30
0.0
 10
-3011.7831
 20
-953.9493
 30
0.0
 10
-3011.4402
 20
-953.5002
 30
0.0
 10
-3011.0527
 20
-953.1168
 30
0.0
 10
-3010.5833
 20
-952.6524
 30
0.0
 10
-3010.0631
 20
-952.2393
 30
0.0
 10
-3009.6115
 20
-951.7575
 30
0.0
 10
-3008.9191
 20
-951.0187
 30
0.0
 10
-3008.2909
 20
-950.1909
 30
0.0
 10
-3007.7317
 20
-949.3475
 30
0.0
 10
-3007.2183
 20
-948.5731
 30
0.0
 10
-3006.7613
 20
-947.7594
 30
0.0
 10
-3006.359
 20
-946.922
 30
0.0
 10
-3006.1673
 20
-946.5229
 30
0.0
 10
-3006.0185
 20
-946.1319
 30
0.0
 10
-3005.8587
 20
-945.7204
 30
0.0
 10
-3005.8024
 20
-945.5756
 30
0.0
 10
-3005.7044
 20
-945.4582
 30
0.0
 10
-3005.5831
 20
-945.3774
 30
0.0
 10
-3005.9294
 20
-945.03
 30
0.0
 10
-3006.0398
 20
-944.3821
 30
0.0
 10
-3005.9234
 20
-943.9535
 30
0.0
 10
-3005.8575
 20
-943.7109
 30
0.0
 10
-3005.6891
 20
-943.5485
 30
0.0
 10
-3005.486
 20
-943.4297
 30
0.0
 10
-3005.6406
 20
-943.248
 30
0.0
 10
-3005.7338
 20
-943.0073
 30
0.0
 10
-3005.7743
 20
-942.7184
 30
0.0
 10
-3005.8387
 20
-942.2582
 30
0.0
 10
-3005.7958
 20
-941.7243
 30
0.0
 10
-3005.7638
 20
-941.2602
 30
0.0
 10
-3005.7563
 20
-941.1503
 30
0.0
 10
-3005.7173
 20
-941.0528
 30
0.0
 10
-3005.6507
 20
-940.9741
 30
0.0
 10
-3005.8479
 20
-940.8009
 30
0.0
 10
-3005.9953
 20
-940.5636
 30
0.0
 10
-3006.0852
 20
-940.2413
 30
0.0
 10
-3006.2802
 20
-939.5426
 30
0.0
 10
-3006.1834
 20
-938.4549
 30
0.0
 10
-3006.1311
 20
-937.727
 30
0.0
 10
-3006.1229
 20
-937.6125
 30
0.0
 10
-3006.0801
 20
-937.5109
 30
0.0
 10
-3006.0085
 20
-937.431
 30
0.0
 10
-3006.4969
 20
-937.0989
 30
0.0
 10
-3006.7448
 20
-936.8313
 30
0.0
 10
-3006.9659
 20
-936.2627
 30
0.0
 10
-3007.1524
 20
-935.7832
 30
0.0
 10
-3007.3205
 20
-935.2412
 30
0.0
 10
-3007.3582
 20
-934.7256
 30
0.0
 10
-3007.3972
 20
-934.1909
 30
0.0
 10
-3007.2908
 20
-933.668
 30
0.0
 10
-3007.0492
 20
-933.1898
 30
0.0
 10
-3006.8407
 20
-932.7773
 30
0.0
 10
-3006.52
 20
-932.3755
 30
0.0
 10
-3006.1097
 20
-932.1504
 30
0.0
 10
-3005.6297
 20
-931.8871
 30
0.0
 10
-3005.1202
 20
-931.9212
 30
0.0
 10
-3004.6632
 20
-932.2237
 30
0.0
 10
-3004.3846
 20
-932.4081
 30
0.0
 10
-3004.1291
 20
-932.6816
 30
0.0
 10
-3003.8867
 20
-932.9523
 30
0.0
 10
-3003.8947
 20
-932.8411
 30
0.0
 10
-3003.8858
 20
-932.7204
 30
0.0
 10
-3003.8572
 20
-932.5905
 30
0.0
 10
-3003.734
 20
-932.0301
 30
0.0
 10
-3003.1985
 20
-931.5017
 30
0.0
 10
-3002.7424
 20
-931.1789
 30
0.0
 10
-3002.6963
 20
-931.1463
 30
0.0
 10
-3002.6496
 20
-931.1146
 30
0.0
 10
-3002.6023
 20
-931.0838
 30
0.0
 10
-3002.8221
 20
-931.0929
 30
0.0
 10
-3003.0474
 20
-931.1104
 30
0.0
 10
-3003.2647
 20
-931.123
 30
0.0
 10
-3003.5318
 20
-931.1385
 30
0.0
 10
-3003.8171
 20
-931.1472
 30
0.0
 10
-3004.083
 20
-931.1743
 30
0.0
 10
-3004.5541
 20
-931.2735
 30
0.0
 10
-3005.0711
 20
-931.3454
 30
0.0
 10
-3005.5504
 20
-931.2933
 30
0.0
 10
-3006.0605
 20
-931.2378
 30
0.0
 10
-3006.5843
 20
-931.0122
 30
0.0
 10
-3006.8368
 20
-930.54
 30
0.0
 10
-3007.0254
 20
-930.1871
 30
0.0
 10
-3007.0036
 20
-929.811
 30
0.0
 10
-3006.8351
 20
-929.4936
 30
0.0
 10
-3007.3316
 20
-929.2896
 30
0.0
 10
-3007.7946
 20
-929.0154
 30
0.0
 10
-3008.1912
 20
-928.6493
 30
0.0
 10
-3008.667
 20
-928.21
 30
0.0
 10
-3009.0612
 20
-927.6362
 30
0.0
 10
-3009.3604
 20
-927.0641
 30
0.0
 10
-3009.5483
 20
-926.7047
 30
0.0
 10
-3009.7266
 20
-926.2924
 30
0.0
 10
-3009.7892
 20
-925.8815
 30
0.0
 10
-3011.2639
 20
-927.786
 30
0.0
 10
-3013.8975
 20
-927.8646
 30
0.0
 10
-3016.0109
 20
-927.1421
 30
0.0
 10
-3017.4271
 20
-926.658
 30
0.0
 10
-3018.6761
 20
-925.6739
 30
0.0
 10
-3019.4671
 20
-924.4023
 30
0.0
 10
-3019.4365
 20
-924.6682
 30
0.0
 10
-3019.4136
 20
-924.9332
 30
0.0
 10
-3019.3993
 20
-925.1959
 30
0.0
 10
-3019.3422
 20
-926.2442
 30
0.0
 10
-3019.4289
 20
-927.3013
 30
0.0
 10
-3019.6672
 20
-928.3241
 30
0.0
 10
-3019.7842
 20
-928.826
 30
0.0
 10
-3019.9367
 20
-929.2837
 30
0.0
 10
-3020.1004
 20
-929.7511
 30
0.0
 10
-3020.0193
 20
-929.7076
 30
0.0
 10
-3019.9321
 20
-929.6708
 30
0.0
 10
-3019.8349
 20
-929.6436
 30
0.0
 10
-3019.3615
 20
-929.5114
 30
0.0
 10
-3018.891
 20
-929.7087
 30
0.0
 10
-3018.6096
 20
-930.1043
 30
0.0
 10
-3018.3422
 20
-930.4804
 30
0.0
 10
-3018.2587
 20
-931.0202
 30
0.0
 10
-3018.2074
 20
-931.4695
 30
0.0
 10
-3018.136
 20
-932.0949
 30
0.0
 10
-3018.1193
 20
-932.7315
 30
0.0
 10
-3018.1527
 20
-933.3598
 30
0.0
 10
-3018.1945
 20
-934.1455
 30
0.0
 10
-3018.3184
 20
-934.9322
 30
0.0
 10
-3018.6132
 20
-935.6655
 30
0.0
 10
-3018.9178
 20
-936.4236
 30
0.0
 10
-3019.4006
 20
-937.1173
 30
0.0
 10
-3019.911
 20
-937.7505
 30
0.0
 10
-3020.1937
 20
-938.1011
 30
0.0
 10
-3020.4899
 20
-938.4383
 30
0.0
 10
-3020.7966
 20
-938.7662
 30
0.0
 10
-3020.3536
 20
-938.9456
 30
0.0
 10
-3020.167
 20
-939.4246
 30
0.0
 10
-3020.0682
 20
-939.859
 30
0.0
 10
-3019.9347
 20
-940.4455
 30
0.0
 10
-3019.8835
 20
-941.1881
 30
0.0
 10
-3019.889
 20
-941.7921
 30
0.0
 10
-3019.8903
 20
-941.9354
 30
0.0
 10
-3019.8962
 20
-942.071
 30
0.0
 10
-3019.9067
 20
-942.2022
 30
0.0
 10
-3019.8956
 20
-942.1871
 30
0.0
 10
-3019.8845
 20
-942.1721
 30
0.0
 10
-3019.8733
 20
-942.1571
 30
0.0
 10
-3018.8743
 20
-940.8196
 30
0.0
 10
-3017.2675
 20
-939.9262
 30
0.0
 10
-3015.8582
 20
-939.0814
 30
0.0
 10
-3015.0499
 20
-938.5968
 30
0.0
 10
-3013.0409
 20
-937.4028
 30
0.0
 10
-3013.4708
 20
-936.2018
 30
0.0
 10
-3013.7031
 20
-936.216
 30
0.0
 10
-3013.9572
 20
-936.2614
 30
0.0
 10
-3014.1814
 20
-936.2564
 30
0.0
 10
-3014.7716
 20
-936.2433
 30
0.0
 10
-3015.2029
 20
-935.9745
 30
0.0
 10
-3015.4671
 20
-935.4348
 30
0.0
 10
-3015.4711
 20
-935.4267
 30
0.0
 10
-3015.4743
 20
-935.4197
 30
0.0
 10
-3015.4778
 20
-935.4114
 30
0.0
 10
-3016.1465
 20
-933.8461
 30
0.0
 10
-3015.1479
 20
-932.9672
 30
0.0
 10
-3013.6539
 20
-932.8052
 30
0.0
 10
-3012.5306
 20
-932.6834
 30
0.0
 10
-3010.9387
 20
-932.9275
 30
0.0
 10
-3009.9355
 20
-933.4392
 30
0.0
 10
-3009.6145
 20
-933.603
 30
0.0
 10
-3009.411
 20
-933.9123
 30
0.0
 10
-3009.3905
 20
-934.2724
 30
0.0
 10
-3009.3701
 20
-934.6305
 30
0.0
 10
-3009.5388
 20
-934.9641
 30
0.0
 10
-3009.8379
 20
-935.1618
 30
0.0
 10
-3010.1315
 20
-935.3559
 30
0.0
 10
-3010.5144
 20
-935.4176
 30
0.0
 10
-3010.8566
 20
-935.4708
 30
0.0
 10
-3010.8989
 20
-935.4773
 30
0.0
 10
-3010.9451
 20
-935.4841
 30
0.0
 10
-3010.9936
 20
-935.4913
 30
0.0
 10
-3010.8939
 20
-935.6197
 30
0.0
 10
-3010.7988
 20
-935.7493
 30
0.0
 10
-3010.724
 20
-935.8905
 30
0.0
 10
-3010.4411
 20
-936.4244
 30
0.0
 10
-3010.4959
 20
-937.1109
 30
0.0
 10
-3010.5609
 20
-937.6906
 30
0.0
 10
-3010.6565
 20
-938.5432
 30
0.0
 10
-3011.0836
 20
-939.4382
 30
0.0
 10
-3011.6403
 20
-940.1297
 30
0.0
 10
-3011.6144
 20
-940.1545
 30
0.0
 10
-3011.5907
 20
-940.1827
 30
0.0
 10
-3011.5695
 20
-940.214
 30
0.0
 10
-3011.4569
 20
-940.3797
 30
0.0
 10
-3011.335
 20
-940.7836
 30
0.0
 10
-3011.2596
 20
-940.9788
 30
0.0
 10
-3011.1403
 20
-941.2875
 30
0.0
 10
-3010.9359
 20
-941.5451
 30
0.0
 10
-3010.6875
 20
-941.7603
 30
0.0
 10
-3010.0967
 20
-942.2721
 30
0.0
 10
-3009.3827
 20
-942.6547
 30
0.0
 10
-3008.761
 20
-943.1355
 30
0.0
 10
-3007.9646
 20
-943.7516
 30
0.0
 10
-3007.3993
 20
-944.4503
 30
0.0
 10
-3007.1122
 20
-945.4306
 30
0.0
 10
-3006.7441
 20
-946.687
 30
0.0
 10
-3006.9587
 20
-947.3775
 30
0.0
 10
-3007.4549
 20
-948.5223
 30
0.0
 10
-3007.4787
 20
-948.5772
 30
0.0
 10
-3007.5071
 20
-948.6205
 30
0.0
 10
-3007.5478
 20
-948.6642
 30
0.0
 10
-3007.6862
 20
-948.8129
 30
0.0
 10
-3007.821
 20
-948.9271
 30
0.0
 10
-3007.999
 20
-949.0281
 30
0.0
 10
-3008.1769
 20
-949.129
 30
0.0
 10
-3008.3857
 20
-949.115
 30
0.0
 10
-3008.5485
 20
-948.9912
 30
0.0
 10
-3009.1824
 20
-948.509
 30
0.0
 10
-3009.4678
 20
-947.7024
 30
0.0
 10
-3009.801
 20
-947.0078
 30
0.0
 10
-3009.8347
 20
-946.9375
 30
0.0
 10
-3009.8687
 20
-946.8687
 30
0.0
 10
-3009.9032
 20
-946.8013
 30
0.0
 10
-3009.5556
 20
-947.8248
 30
0.0
 10
-3009.7123
 20
-948.9702
 30
0.0
 10
-3010.4605
 20
-949.9588
 30
0.0
 10
-3011.9295
 20
-951.8997
 30
0.0
 10
-3014.5837
 20
-951.9841
 30
0.0
 10
-3016.7109
 20
-951.2569
 30
0.0
 10
-3018.4398
 20
-950.6659
 30
0.0
 10
-3019.9194
 20
-949.3298
 30
0.0
 10
-3020.6209
 20
-947.6351
 30
0.0
 10
-3020.9198
 20
-946.913
 30
0.0
 10
-3021.0582
 20
-946.1792
 30
0.0
 10
-3021.0471
 20
-945.4573
 30
0.0
 10
-3021.0817
 20
-945.508
 30
0.0
 10
-3021.1173
 20
-945.5584
 30
0.0
 10
-3021.154
 20
-945.6085
 30
0.0
 10
-3021.7532
 20
-946.426
 30
0.0
 10
-3022.6137
 20
-947.122
 30
0.0
 10
-3023.4856
 20
-947.63
 30
0.0
 10
-3024.2954
 20
-948.1019
 30
0.0
 10
-3025.2183
 20
-948.4774
 30
0.0
 10
-3026.1219
 20
-948.7374
 30
0.0
 10
-3025.9171
 20
-948.815
 30
0.0
 10
-3025.7396
 20
-948.9447
 30
0.0
 10
-3025.6333
 20
-949.1603
 30
0.0
 10
-3025.4435
 20
-949.5451
 30
0.0
 10
-3025.6016
 20
-949.9744
 30
0.0
 10
-3025.7987
 20
-950.3201
 30
0.0
 10
-3026.0401
 20
-950.7436
 30
0.0
 10
-3026.3901
 20
-951.1588
 30
0.0
 10
-3026.7145
 20
-951.5214
 30
0.0
 10
-3027.1355
 20
-951.9917
 30
0.0
 10
-3027.5977
 20
-952.456
 30
0.0
 10
-3028.0889
 20
-952.8535
 30
0.0
 10
-3028.5704
 20
-953.2431
 30
0.0
 10
-3029.0869
 20
-953.5654
 30
0.0
 10
-3029.6628
 20
-953.796
 30
0.0
 10
-3030.2655
 20
-954.0373
 30
0.0
 10
-3030.8985
 20
-954.1628
 30
0.0
 10
-3031.5391
 20
-954.2536
 30
0.0
 10
-3032.367
 20
-954.3709
 30
0.0
 10
-3033.206
 20
-954.4413
 30
0.0
 10
-3034.037
 20
-954.5395
 30
0.0
 10
-3034.4147
 20
-954.5842
 30
0.0
 10
-3034.7951
 20
-954.6324
 30
0.0
 10
-3035.175
 20
-954.6876
 30
0.0
 10
-3034.5532
 20
-954.7286
 30
0.0
 10
-3033.9267
 20
-954.816
 30
0.0
 10
-3033.335
 20
-955.0171
 30
0.0
 10
-3032.7737
 20
-955.2078
 30
0.0
 10
-3032.246
 20
-955.5
 30
0.0
 10
-3031.783
 20
-955.8698
 30
0.0
 10
-3031.3112
 20
-956.2465
 30
0.0
 10
-3030.9486
 20
-956.6753
 30
0.0
 10
-3030.6659
 20
-957.212
 30
0.0
 10
-3030.3372
 20
-957.8359
 30
0.0
 10
-3030.1418
 20
-958.546
 30
0.0
 10
-3030.0851
 20
-959.2479
 30
0.0
 10
-3030.0251
 20
-959.9908
 30
0.0
 10
-3030.1096
 20
-960.8208
 30
0.0
 10
-3030.3311
 20
-961.5309
 30
0.0
 10
-3030.5354
 20
-962.1859
 30
0.0
 10
-3030.8597
 20
-962.7302
 30
0.0
 10
-3031.3511
 20
-963.2068
 30
0.0
 10
-3031.7903
 20
-963.6328
 30
0.0
 10
-3032.3418
 20
-963.9907
 30
0.0
 10
-3032.8952
 20
-964.2478
 30
0.0
 10
-3033.3792
 20
-964.4726
 30
0.0
 10
-3033.8809
 20
-964.6243
 30
0.0
 10
-3034.4085
 20
-964.7031
 30
0.0
 10
-3034.8708
 20
-964.7722
 30
0.0
 10
-3035.3383
 20
-964.7837
 30
0.0
 10
-3035.8018
 20
-964.7195
 30
0.0
 10
-3036.2636
 20
-964.6555
 30
0.0
 10
-3036.7628
 20
-964.5127
 30
0.0
 10
-3037.1116
 20
-964.1881
 30
0.0
 10
-3037.4459
 20
-963.877
 30
0.0
 10
-3037.6242
 20
-963.4094
 30
0.0
 10
-3037.6096
 20
-962.9556
 30
0.0
 10
-3037.5964
 20
-962.5451
 30
0.0
 10
-3037.4259
 20
-962.2206
 30
0.0
 10
-3037.1675
 20
-961.9098
 30
0.0
 10
-3036.9934
 20
-961.7003
 30
0.0
 10
-3036.7371
 20
-961.4625
 30
0.0
 10
-3036.6345
 20
-961.2095
 30
0.0
 10
-3036.532
 20
-960.9569
 30
0.0
 10
-3036.5462
 20
-960.6182
 30
0.0
 10
-3036.6007
 20
-960.3544
 30
0.0
 10
-3036.6691
 20
-960.0237
 30
0.0
 10
-3036.804
 20
-959.8122
 30
0.0
 10
-3037.062
 20
-959.5892
 30
0.0
 10
-3037.4995
 20
-959.211
 30
0.0
 10
-3038.1053
 20
-958.9615
 30
0.0
 10
-3038.6649
 20
-958.8397
 30
0.0
 10
-3039.3793
 20
-958.6842
 30
0.0
 10
-3040.2214
 20
-958.6634
 30
0.0
 10
-3040.9527
 20
-958.6931
 30
0.0
 10
-3040.9997
 20
-958.695
 30
0.0
 10
-3041.0755
 20
-958.6978
 30
0.0
 10
-3041.1605
 20
-958.7026
 30
0.0
 10
-3041.0924
 20
-958.8014
 30
0.0
 10
-3041.0268
 20
-958.9019
 30
0.0
 10
-3040.9661
 20
-959.0066
 30
0.0
 10
-3040.7989
 20
-959.2953
 30
0.0
 10
-3040.6786
 20
-959.6028
 30
0.0
 10
-3040.6829
 20
-959.9411
 30
0.0
 10
-3040.6879
 20
-960.3241
 30
0.0
 10
-3040.8532
 20
-960.7098
 30
0.0
 10
-3041.1622
 20
-960.9449
 30
0.0
 10
-3041.4599
 20
-961.1713
 30
0.0
 10
-3041.8377
 20
-961.2203
 30
0.0
 10
-3042.2002
 20
-961.2352
 30
0.0
 10
-3042.6355
 20
-961.253
 30
0.0
 10
-3043.0357
 20
-961.2089
 30
0.0
 10
-3043.4613
 20
-961.1159
 30
0.0
 10
-3044.0933
 20
-960.9777
 30
0.0
 10
-3044.7401
 20
-960.7601
 30
0.0
 10
-3045.3452
 20
-960.5325
 30
0.0
 10
-3045.9482
 20
-960.3055
 30
0.0
 10
-3046.5352
 20
-960.049
 30
0.0
 10
-3047.1299
 20
-959.8026
 30
0.0
 10
-3047.2188
 20
-959.7658
 30
0.0
 10
-3047.4007
 20
-959.6857
 30
0.0
 10
-3047.5507
 20
-959.6356
 30
0.0
 10
-3047.597
 20
-959.7855
 30
0.0
 10
-3047.6355
 20
-959.9538
 30
0.0
 10
-3047.6953
 20
-960.098
 30
0.0
 10
-3047.8625
 20
-960.5008
 30
0.0
 10
-3048.1334
 20
-960.8108
 30
0.0
 10
-3048.5662
 20
-960.9382
 30
0.0
 10
-3049.1505
 20
-961.1101
 30
0.0
 10
-3049.8713
 20
-960.8646
 30
0.0
 10
-3050.4129
 20
-960.6484
 30
0.0
 10
-3051.3715
 20
-960.2656
 30
0.0
 10
-3052.4007
 20
-959.7203
 30
0.0
 10
-3053.2787
 20
-959.1724
 30
0.0
 10
-3054.0277
 20
-958.705
 30
0.0
 10
-3054.6912
 20
-958.1906
 30
0.0
 10
-3055.361
 20
-957.6191
 30
0.0
 10
-3055.7408
 20
-957.2951
 30
0.0
 10
-3056.1167
 20
-956.9664
 30
0.0
 10
-3056.4886
 20
-956.6335
 30
0.0
 10
-3056.8605
 20
-956.9664
 30
0.0
 10
-3057.2364
 20
-957.2951
 30
0.0
 10
-3057.6162
 20
-957.6191
 30
0.0
 10
-3058.286
 20
-958.1906
 30
0.0
 10
-3058.9495
 20
-958.705
 30
0.0
 10
-3059.6985
 20
-959.1724
 30
0.0
 10
-3060.5765
 20
-959.7203
 30
0.0
 10
-3061.6057
 20
-960.2656
 30
0.0
 10
-3062.5643
 20
-960.6484
 30
0.0
 10
-3063.1059
 20
-960.8646
 30
0.0
 10
-3063.8267
 20
-961.1101
 30
0.0
 10
-3064.411
 20
-960.9382
 30
0.0
 10
-3064.8438
 20
-960.8108
 30
0.0
 10
-3065.1147
 20
-960.5008
 30
0.0
 10
-3065.2819
 20
-960.098
 30
0.0
 10
-3065.3417
 20
-959.9539
 30
0.0
 10
-3065.3801
 20
-959.7859
 30
0.0
 10
-3065.4266
 20
-959.6354
 30
0.0
 10
-3065.5758
 20
-959.6854
 30
0.0
 10
-3065.7582
 20
-959.7657
 30
0.0
 10
-3065.8473
 20
-959.8026
 30
0.0
 10
-3066.442
 20
-960.049
 30
0.0
 10
-3067.029
 20
-960.3055
 30
0.0
 10
-3067.632
 20
-960.5325
 30
0.0
 10
-3068.2371
 20
-960.7601
 30
0.0
 10
-3068.8839
 20
-960.9777
 30
0.0
 10
-3069.5159
 20
-961.1159
 30
0.0
 10
-3069.9415
 20
-961.2089
 30
0.0
 10
-3070.3417
 20
-961.253
 30
0.0
 10
-3070.777
 20
-961.2352
 30
0.0
 10
-3071.1395
 20
-961.2203
 30
0.0
 10
-3071.5173
 20
-961.1713
 30
0.0
 10
-3071.815
 20
-960.9449
 30
0.0
 10
-3072.124
 20
-960.7098
 30
0.0
 10
-3072.2893
 20
-960.3241
 30
0.0
 10
-3072.2943
 20
-959.9411
 30
0.0
 10
-3072.2986
 20
-959.6028
 30
0.0
 10
-3072.1783
 20
-959.2953
 30
0.0
 10
-3072.0111
 20
-959.0066
 30
0.0
 10
-3071.9504
 20
-958.9019
 30
0.0
 10
-3071.8848
 20
-958.8014
 30
0.0
 10
-3071.8167
 20
-958.7026
 30
0.0
 10
-3071.9017
 20
-958.6978
 30
0.0
 10
-3071.9775
 20
-958.695
 30
0.0
 10
-3072.0245
 20
-958.6931
 30
0.0
 10
-3072.7558
 20
-958.6634
 30
0.0
 10
-3073.5979
 20
-958.6842
 30
0.0
 10
-3074.3123
 20
-958.8397
 30
0.0
 10
-3074.8719
 20
-958.9615
 30
0.0
 10
-3075.4777
 20
-959.211
 30
0.0
 10
-3075.9152
 20
-959.5892
 30
0.0
 10
-3076.1732
 20
-959.8122
 30
0.0
 10
-3076.3081
 20
-960.0237
 30
0.0
 10
-3076.3765
 20
-960.3544
 30
0.0
 10
-3076.431
 20
-960.6182
 30
0.0
 10
-3076.4452
 20
-960.9569
 30
0.0
 10
-3076.3427
 20
-961.2095
 30
0.0
 10
-3076.2401
 20
-961.4625
 30
0.0
 10
-3075.9838
 20
-961.7003
 30
0.0
 10
-3075.8097
 20
-961.9098
 30
0.0
 10
-3075.5513
 20
-962.2206
 30
0.0
 10
-3075.3808
 20
-962.5451
 30
0.0
 10
-3075.3676
 20
-962.9556
 30
0.0
 10
-3075.353
 20
-963.4094
 30
0.0
 10
-3075.5313
 20
-963.877
 30
0.0
 10
-3075.8656
 20
-964.1881
 30
0.0
 10
-3076.2144
 20
-964.5127
 30
0.0
 10
-3076.7136
 20
-964.6555
 30
0.0
 10
-3077.1754
 20
-964.7195
 30
0.0
 10
-3077.6389
 20
-964.7837
 30
0.0
 10
-3078.1064
 20
-964.7722
 30
0.0
 10
-3078.5687
 20
-964.7031
 30
0.0
 10
-3079.0963
 20
-964.6243
 30
0.0
 10
-3079.598
 20
-964.4726
 30
0.0
 10
-3080.082
 20
-964.2478
 30
0.0
 10
-3080.6354
 20
-963.9907
 30
0.0
 10
-3081.1869
 20
-963.6328
 30
0.0
 10
-3081.6261
 20
-963.2068
 30
0.0
 10
-3082.1175
 20
-962.7302
 30
0.0
 10
-3082.4418
 20
-962.1859
 30
0.0
 10
-3082.6461
 20
-961.5309
 30
0.0
 10
-3082.8676
 20
-960.8208
 30
0.0
 10
-3082.9521
 20
-959.9908
 30
0.0
 10
-3082.8921
 20
-959.2479
 30
0.0
 10
-3082.8354
 20
-958.546
 30
0.0
 10
-3082.64
 20
-957.8359
 30
0.0
 10
-3082.3113
 20
-957.212
 30
0.0
 10
-3082.0286
 20
-956.6753
 30
0.0
 10
-3081.666
 20
-956.2465
 30
0.0
 10
-3081.1942
 20
-955.8698
 30
0.0
 10
-3080.7312
 20
-955.5
 30
0.0
 10
-3080.2035
 20
-955.2078
 30
0.0
 10
-3079.6422
 20
-955.0171
 30
0.0
 10
-3079.0505
 20
-954.816
 30
0.0
 10
-3078.424
 20
-954.7286
 30
0.0
 10
-3077.8022
 20
-954.6876
 30
0.0
 10
-3078.1821
 20
-954.6324
 30
0.0
 10
-3078.5625
 20
-954.5842
 30
0.0
 10
-3078.9402
 20
-954.5395
 30
0.0
 10
-3079.7712
 20
-954.4413
 30
0.0
 10
-3080.6102
 20
-954.3709
 30
0.0
 10
-3081.4381
 20
-954.2536
 30
0.0
 10
-3082.0787
 20
-954.1628
 30
0.0
 10
-3082.7117
 20
-954.0373
 30
0.0
 10
-3083.3144
 20
-953.796
 30
0.0
 10
-3083.8903
 20
-953.5654
 30
0.0
 10
-3084.4068
 20
-953.2431
 30
0.0
 10
-3084.8883
 20
-952.8535
 30
0.0
 10
-3085.3795
 20
-952.456
 30
0.0
 10
-3085.8417
 20
-951.9917
 30
0.0
 10
-3086.2627
 20
-951.5214
 30
0.0
 10
-3086.5871
 20
-951.1588
 30
0.0
 10
-3086.9371
 20
-950.7436
 30
0.0
 10
-3087.1785
 20
-950.3201
 30
0.0
 10
-3087.3756
 20
-949.9744
 30
0.0
 10
-3087.5337
 20
-949.5451
 30
0.0
 10
-3087.3439
 20
-949.1603
 30
0.0
 10
-3087.2376
 20
-948.9447
 30
0.0
 10
-3087.0601
 20
-948.815
 30
0.0
 10
-3086.8553
 20
-948.7374
 30
0.0
 10
-3087.7589
 20
-948.4774
 30
0.0
 10
-3088.6818
 20
-948.1019
 30
0.0
 10
-3089.4916
 20
-947.63
 30
0.0
 10
-3090.3635
 20
-947.122
 30
0.0
 10
-3091.224
 20
-946.426
 30
0.0
 10
-3091.8232
 20
-945.6085
 30
0.0
 10
-3091.8599
 20
-945.5584
 30
0.0
 10
-3091.8955
 20
-945.508
 30
0.0
 10
-3091.9301
 20
-945.4573
 30
0.0
 10
-3091.919
 20
-946.1792
 30
0.0
 10
-3092.0574
 20
-946.913
 30
0.0
 10
-3092.3563
 20
-947.6351
 30
0.0
 10
-3093.0578
 20
-949.3298
 30
0.0
 10
-3094.5374
 20
-950.6659
 30
0.0
 10
-3096.2663
 20
-951.2569
 30
0.0
 10
-3098.3935
 20
-951.9841
 30
0.0
 10
-3101.0477
 20
-951.8997
 30
0.0
 10
-3102.5167
 20
-949.9588
 30
0.0
 10
-3103.2649
 20
-948.9702
 30
0.0
 10
-3103.4216
 20
-947.8248
 30
0.0
 10
-3103.074
 20
-946.8013
 30
0.0
 10
-3103.1085
 20
-946.8687
 30
0.0
 10
-3103.1425
 20
-946.9376
 30
0.0
 10
-3103.1762
 20
-947.0078
 30
0.0
 10
-3103.5094
 20
-947.7024
 30
0.0
 10
-3103.7947
 20
-948.509
 30
0.0
 10
-3104.4286
 20
-948.9912
 30
0.0
 10
-3104.5913
 20
-949.1149
 30
0.0
 10
-3104.8
 20
-949.129
 30
0.0
 10
-3104.9778
 20
-949.0282
 30
0.0
 10
-3105.1561
 20
-948.9272
 30
0.0
 10
-3105.2909
 20
-948.813
 30
0.0
 10
-3105.4294
 20
-948.6642
 30
0.0
 10
-3105.4701
 20
-948.6205
 30
0.0
 10
-3105.4985
 20
-948.5772
 30
0.0
 10
-3105.5223
 20
-948.5223
 30
0.0
 10
-3106.0185
 20
-947.3775
 30
0.0
 10
-3106.2331
 20
-946.687
 30
0.0
 10
-3105.865
 20
-945.4306
 30
0.0
 10
-3105.5779
 20
-944.4503
 30
0.0
 10
-3105.0126
 20
-943.7516
 30
0.0
 10
-3104.2162
 20
-943.1355
 30
0.0
 10
-3103.5945
 20
-942.6547
 30
0.0
 10
-3102.8805
 20
-942.2721
 30
0.0
 10
-3102.2897
 20
-941.7603
 30
0.0
 10
-3102.0413
 20
-941.5451
 30
0.0
 10
-3101.8369
 20
-941.2875
 30
0.0
 10
-3101.7176
 20
-940.9788
 30
0.0
 10
-3101.6422
 20
-940.7836
 30
0.0
 10
-3101.5204
 20
-940.3804
 30
0.0
 10
-3101.4081
 20
-940.2145
 30
0.0
 10
-3101.3867
 20
-940.183
 30
0.0
 10
-3101.3629
 20
-940.1547
 30
0.0
 10
-3101.3369
 20
-940.1297
 30
0.0
 10
-3101.8936
 20
-939.4383
 30
0.0
 10
-3102.3207
 20
-938.5432
 30
0.0
 10
-3102.4163
 20
-937.6906
 30
0.0
 10
-3102.4813
 20
-937.1109
 30
0.0
 10
-3102.5361
 20
-936.4244
 30
0.0
 10
-3102.2532
 20
-935.8905
 30
0.0
 10
-3102.1783
 20
-935.7493
 30
0.0
 10
-3102.0833
 20
-935.6197
 30
0.0
 10
-3101.9835
 20
-935.4914
 30
0.0
 10
-3102.0321
 20
-935.4841
 30
0.0
 10
-3102.0783
 20
-935.4774
 30
0.0
 10
-3102.1206
 20
-935.4708
 30
0.0
 10
-3102.4628
 20
-935.4177
 30
0.0
 10
-3102.8458
 20
-935.3559
 30
0.0
 10
-3103.1395
 20
-935.1618
 30
0.0
 10
-3103.4384
 20
-934.9641
 30
0.0
 10
-3103.6071
 20
-934.6304
 30
0.0
 10
-3103.5867
 20
-934.2724
 30
0.0
 10
-3103.5662
 20
-933.9123
 30
0.0
 10
-3103.3627
 20
-933.603
 30
0.0
 10
-3103.0417
 20
-933.4392
 30
0.0
 10
-3102.0385
 20
-932.9275
 30
0.0
 10
-3100.4466
 20
-932.6834
 30
0.0
 10
-3099.3233
 20
-932.8052
 30
0.0
 10
-3097.8293
 20
-932.9672
 30
0.0
 10
-3096.8307
 20
-933.8461
 30
0.0
 10
-3097.4994
 20
-935.4114
 30
0.0
 10
-3097.5029
 20
-935.4197
 30
0.0
 10
-3097.5061
 20
-935.4267
 30
0.0
 10
-3097.5101
 20
-935.4348
 30
0.0
 10
-3097.7743
 20
-935.9745
 30
0.0
 10
-3098.2056
 20
-936.2433
 30
0.0
 10
-3098.7958
 20
-936.2564
 30
0.0
 10
-3099.02
 20
-936.2614
 30
0.0
 10
-3099.2741
 20
-936.216
 30
0.0
 10
-3099.5064
 20
-936.2018
 30
0.0
 10
-3099.9362
 20
-937.4028
 30
0.0
 10
-3097.9274
 20
-938.5968
 30
0.0
 10
-3097.1191
 20
-939.0814
 30
0.0
 10
-3095.7098
 20
-939.9262
 30
0.0
 10
-3094.1029
 20
-940.8196
 30
0.0
 10
-3093.1039
 20
-942.1571
 30
0.0
 10
-3093.0927
 20
-942.1721
 30
0.0
 10
-3093.0816
 20
-942.1871
 30
0.0
 10
-3093.0705
 20
-942.2022
 30
0.0
 10
-3093.081
 20
-942.071
 30
0.0
 10
-3093.0869
 20
-941.9354
 30
0.0
 10
-3093.0882
 20
-941.7921
 30
0.0
 10
-3093.0937
 20
-941.1881
 30
0.0
 10
-3093.0425
 20
-940.4455
 30
0.0
 10
-3092.909
 20
-939.859
 30
0.0
 10
-3092.8102
 20
-939.4246
 30
0.0
 10
-3092.6236
 20
-938.9456
 30
0.0
 10
-3092.1806
 20
-938.7662
 30
0.0
 10
-3092.4873
 20
-938.4383
 30
0.0
 10
-3092.7835
 20
-938.1011
 30
0.0
 10
-3093.0662
 20
-937.7505
 30
0.0
 10
-3093.5766
 20
-937.1173
 30
0.0
 10
-3094.0594
 20
-936.4236
 30
0.0
 10
-3094.364
 20
-935.6655
 30
0.0
 10
-3094.6588
 20
-934.9322
 30
0.0
 10
-3094.7827
 20
-934.1455
 30
0.0
 10
-3094.8245
 20
-933.3598
 30
0.0
 10
-3094.8579
 20
-932.7315
 30
0.0
 10
-3094.8412
 20
-932.0949
 30
0.0
 10
-3094.7698
 20
-931.4695
 30
0.0
 10
-3094.7185
 20
-931.0202
 30
0.0
 10
-3094.635
 20
-930.4804
 30
0.0
 10
-3094.3676
 20
-930.1043
 30
0.0
 10
-3094.0862
 20
-929.7087
 30
0.0
 10
-3093.6157
 20
-929.5114
 30
0.0
 10
-3093.1423
 20
-929.6436
 30
0.0
 10
-3093.0451
 20
-929.6708
 30
0.0
 10
-3092.9579
 20
-929.7076
 30
0.0
 10
-3092.8768
 20
-929.7511
 30
0.0
 10
-3093.0405
 20
-929.2837
 30
0.0
 10
-3093.193
 20
-928.826
 30
0.0
 10
-3093.31
 20
-928.3241
 30
0.0
 10
-3093.5483
 20
-927.3013
 30
0.0
 10
-3093.635
 20
-926.2442
 30
0.0
 10
-3093.5779
 20
-925.1959
 30
0.0
 10
-3093.5636
 20
-924.9332
 30
0.0
 10
-3093.5407
 20
-924.6682
 30
0.0
 10
-3093.5101
 20
-924.4023
 30
0.0
 10
-3094.3011
 20
-925.6739
 30
0.0
 10
-3095.5501
 20
-926.658
 30
0.0
 10
-3096.9663
 20
-927.1421
 30
0.0
 10
-3099.0797
 20
-927.8646
 30
0.0
 10
-3101.7133
 20
-927.786
 30
0.0
 10
-3103.188
 20
-925.8815
 30
0.0
 10
-3103.2506
 20
-926.2924
 30
0.0
 10
-3103.4289
 20
-926.7047
 30
0.0
 10
-3103.6168
 20
-927.0641
 30
0.0
 10
-3103.916
 20
-927.6362
 30
0.0
 10
-3104.3102
 20
-928.21
 30
0.0
 10
-3104.786
 20
-928.6493
 30
0.0
 10
-3105.1826
 20
-929.0154
 30
0.0
 10
-3105.6456
 20
-929.2897
 30
0.0
 10
-3106.1421
 20
-929.4936
 30
0.0
 10
-3105.9736
 20
-929.811
 30
0.0
 10
-3105.9518
 20
-930.1871
 30
0.0
 10
-3106.1404
 20
-930.54
 30
0.0
 10
-3106.3929
 20
-931.0122
 30
0.0
 10
-3106.9167
 20
-931.2378
 30
0.0
 10
-3107.4268
 20
-931.2933
 30
0.0
 10
-3107.9061
 20
-931.3454
 30
0.0
 10
-3108.4231
 20
-931.2735
 30
0.0
 10
-3108.8942
 20
-931.1743
 30
0.0
 10
-3109.1601
 20
-931.1472
 30
0.0
 10
-3109.4454
 20
-931.1385
 30
0.0
 10
-3109.7126
 20
-931.123
 30
0.0
 10
-3109.9298
 20
-931.1104
 30
0.0
 10
-3110.1551
 20
-931.0929
 30
0.0
 10
-3110.3749
 20
-931.0838
 30
0.0
 10
-3110.3276
 20
-931.1146
 30
0.0
 10
-3110.2809
 20
-931.1463
 30
0.0
 10
-3110.2348
 20
-931.1789
 30
0.0
 10
-3109.7787
 20
-931.5017
 30
0.0
 10
-3109.2432
 20
-932.0301
 30
0.0
 10
-3109.12
 20
-932.5905
 30
0.0
 10
-3109.0914
 20
-932.7204
 30
0.0
 10
-3109.0825
 20
-932.8411
 30
0.0
 10
-3109.0905
 20
-932.9523
 30
0.0
 10
-3108.8481
 20
-932.6817
 30
0.0
 10
-3108.5926
 20
-932.4081
 30
0.0
 10
-3108.314
 20
-932.2237
 30
0.0
 10
-3107.8571
 20
-931.9212
 30
0.0
 10
-3107.3473
 20
-931.8872
 30
0.0
 10
-3106.8675
 20
-932.1504
 30
0.0
 10
-3106.4571
 20
-932.3756
 30
0.0
 10
-3106.1364
 20
-932.7772
 30
0.0
 10
-3105.928
 20
-933.1899
 30
0.0
 10
-3105.6865
 20
-933.6681
 30
0.0
 10
-3105.58
 20
-934.1909
 30
0.0
 10
-3105.619
 20
-934.7256
 30
0.0
 10
-3105.6567
 20
-935.2412
 30
0.0
 10
-3105.8248
 20
-935.7832
 30
0.0
 10
-3106.0113
 20
-936.2627
 30
0.0
 10
-3106.2324
 20
-936.8313
 30
0.0
 10
-3106.4803
 20
-937.0989
 30
0.0
 10
-3106.9687
 20
-937.431
 30
0.0
 10
-3106.8971
 20
-937.5109
 30
0.0
 10
-3106.8543
 20
-937.6125
 30
0.0
 10
-3106.8461
 20
-937.727
 30
0.0
 10
-3106.7938
 20
-938.4549
 30
0.0
 10
-3106.6969
 20
-939.5426
 30
0.0
 10
-3106.892
 20
-940.2414
 30
0.0
 10
-3106.982
 20
-940.5636
 30
0.0
 10
-3107.1294
 20
-940.8009
 30
0.0
 10
-3107.3266
 20
-940.9741
 30
0.0
 10
-3107.2599
 20
-941.0528
 30
0.0
 10
-3107.2209
 20
-941.1503
 30
0.0
 10
-3107.2134
 20
-941.2602
 30
0.0
 10
-3107.1814
 20
-941.7243
 30
0.0
 10
-3107.1384
 20
-942.2583
 30
0.0
 10
-3107.2028
 20
-942.7184
 30
0.0
 10
-3107.2433
 20
-943.0073
 30
0.0
 10
-3107.3365
 20
-943.248
 30
0.0
 10
-3107.4912
 20
-943.4298
 30
0.0
 10
-3107.288
 20
-943.5485
 30
0.0
 10
-3107.1197
 20
-943.7109
 30
0.0
 10
-3107.0538
 20
-943.9535
 30
0.0
 10
-3106.9374
 20
-944.3821
 30
0.0
 10
-3107.0478
 20
-945.03
 30
0.0
 10
-3107.3941
 20
-945.3774
 30
0.0
 10
-3107.2729
 20
-945.4582
 30
0.0
 10
-3107.1748
 20
-945.5755
 30
0.0
 10
-3107.1185
 20
-945.7204
 30
0.0
 10
-3106.9587
 20
-946.1319
 30
0.0
 10
-3106.8099
 20
-946.5229
 30
0.0
 10
-3106.6182
 20
-946.922
 30
0.0
 10
-3106.2159
 20
-947.7594
 30
0.0
 10
-3105.7589
 20
-948.5731
 30
0.0
 10
-3105.2455
 20
-949.3475
 30
0.0
 10
-3104.6863
 20
-950.1909
 30
0.0
 10
-3104.0582
 20
-951.0187
 30
0.0
 10
-3103.3658
 20
-951.7575
 30
0.0
 10
-3102.9142
 20
-952.2393
 30
0.0
 10
-3102.394
 20
-952.6524
 30
0.0
 10
-3101.9245
 20
-953.1168
 30
0.0
 10
-3101.537
 20
-953.5002
 30
0.0
 10
-3101.194
 20
-953.9493
 30
0.0
 10
-3101.0088
 20
-954.4668
 30
0.0
 10
-3100.9704
 20
-954.5742
 30
0.0
 10
-3100.9401
 20
-954.683
 30
0.0
 10
-3100.9192
 20
-954.7916
 30
0.0
 10
-3100.7617
 20
-954.7549
 30
0.0
 10
-3100.6016
 20
-954.7957
 30
0.0
 10
-3100.4769
 20
-954.9073
 30
0.0
 10
-3099.6552
 20
-955.6422
 30
0.0
 10
-3098.8038
 20
-956.3898
 30
0.0
 10
-3097.8464
 20
-956.9441
 30
0.0
 10
-3096.8851
 20
-957.5006
 30
0.0
 10
-3095.7833
 20
-957.8775
 30
0.0
 10
-3094.6685
 20
-957.9281
 30
0.0
 10
-3093.795
 20
-957.9677
 30
0.0
 10
-3092.6816
 20
-957.7998
 30
0.0
 10
-3091.887
 20
-957.4178
 30
0.0
 10
-3091.7098
 20
-957.3326
 30
0.0
 10
-3091.1886
 20
-957.0492
 30
0.0
 10
-3091.0171
 20
-956.8385
 30
0.0
 10
-3091.0406
 20
-956.8057
 30
0.0
 10
-3091.0662
 20
-956.7731
 30
0.0
 10
-3091.0833
 20
-956.75
 30
0.0
 10
-3091.1759
 20
-956.6247
 30
0.0
 10
-3091.2645
 20
-956.5009
 30
0.0
 10
-3091.342
 20
-956.3654
 30
0.0
 10
-3091.583
 20
-955.9443
 30
0.0
 10
-3091.6707
 20
-955.499
 30
0.0
 10
-3091.6112
 20
-955.0165
 30
0.0
 10
-3091.5405
 20
-954.443
 30
0.0
 10
-3091.2504
 20
-953.9141
 30
0.0
 10
-3090.8079
 20
-953.5428
 30
0.0
 10
-3090.3061
 20
-953.1219
 30
0.0
 10
-3089.6097
 20
-952.8928
 30
0.0
 10
-3088.9594
 20
-952.8766
 30
0.0
 10
-3088.333
 20
-952.8609
 30
0.0
 10
-3087.6795
 20
-953.0388
 30
0.0
 10
-3087.1193
 20
-953.3129
 30
0.0
 10
-3086.6347
 20
-953.55
 30
0.0
 10
-3086.2544
 20
-953.8461
 30
0.0
 10
-3085.9364
 20
-954.2816
 30
0.0
 10
-3085.5844
 20
-954.7636
 30
0.0
 10
-3085.3845
 20
-955.3075
 30
0.0
 10
-3085.3536
 20
-955.905
 30
0.0
 10
-3085.319
 20
-956.5722
 30
0.0
 10
-3085.5377
 20
-957.3066
 30
0.0
 10
-3085.8044
 20
-957.915
 30
0.0
 10
-3086.3629
 20
-959.1889
 30
0.0
 10
-3088.4395
 20
-960.4537
 30
0.0
 10
-3089.6636
 20
-961.0508
 30
0.0
 10
-3090.607
 20
-961.5109
 30
0.0
 10
-3091.6722
 20
-961.744
 30
0.0
 10
-3092.6829
 20
-962.0115
 30
0.0
 10
-3094.0121
 20
-962.3635
 30
0.0
 10
-3095.3538
 20
-962.6208
 30
0.0
 10
-3096.7242
 20
-962.7458
 30
0.0
 10
-3098.2821
 20
-962.888
 30
0.0
 10
-3099.9275
 20
-962.8825
 30
0.0
 10
-3101.4853
 20
-962.7528
 30
0.0
 10
-3102.7113
 20
-962.6507
 30
0.0
 10
-3104.0006
 20
-962.4592
 30
0.0
 10
-3105.1744
 20
-962.081
 30
0.0
 10
-3105.9206
 20
-961.8406
 30
0.0
 10
-3106.5716
 20
-961.525
 30
0.0
 10
-3107.2532
 20
-961.1449
 30
0.0
 10
-3107.3182
 20
-961.1087
 30
0.0
 10
-3107.3717
 20
-961.0621
 30
0.0
 10
-3107.4129
 20
-961.0067
 30
0.0
 10
-3107.5032
 20
-961.0827
 30
0.0
 10
-3107.6007
 20
-961.1506
 30
0.0
 10
-3107.711
 20
-961.2085
 30
0.0
 10
-3108.2322
 20
-961.4825
 30
0.0
 10
-3108.9616
 20
-961.4365
 30
0.0
 10
-3109.4044
 20
-961.0315
 30
0.0
 10
-3109.9224
 20
-960.5577
 30
0.0
 10
-3109.7908
 20
-959.889
 30
0.0
 10
-3109.4027
 20
-959.3887
 30
0.0
 10
-3109.3816
 20
-959.3615
 30
0.0
 10
-3109.3599
 20
-959.3347
 30
0.0
 10
-3109.3375
 20
-959.3081
 30
0.0
 10
-3109.5425
 20
-959.4198
 30
0.0
 10
-3109.7577
 20
-959.4477
 30
0.0
 10
-3110.1362
 20
-959.3845
 30
0.0
 10
-3110.9007
 20
-959.2569
 30
0.0
 10
-3111.8417
 20
-958.6541
 30
0.0
 10
-3112.4529
 20
-958.1972
 30
0.0
 10
-3114.312
 20
-956.8075
 30
0.0
 10
-3116.1353
 20
-954.6927
 30
0.0
 10
-3117.4475
 20
-952.7814
 30
0.0
 10
-3117.7032
 20
-952.409
 30
0.0
 10
-3117.936
 20
-952.0274
 30
0.0
 10
-3118.1478
 20
-951.6285
 30
0.0
 10
-3118.2901
 20
-951.3605
 30
0.0
 10
-3118.4194
 20
-951.0855
 30
0.0
 10
-3118.5633
 20
-950.8189
 30
0.0
 10
-3118.7415
 20
-950.4885
 30
0.0
 10
-3118.9551
 20
-950.1175
 30
0.0
 10
-3118.8421
 20
-949.7289
 30
0.0
 10
-3118.8231
 20
-949.6636
 30
0.0
 10
-3118.7935
 20
-949.6057
 30
0.0
 10
-3118.7544
 20
-949.5562
 30
0.0
  0
SPLINE
  5
61
330
1F
100
AcDbEntity
  8
Layer 1
 62
     1
370
     9
100
AcDbSpline
210
0.0
220
0.0
230
1.0
 70
    11
 71
     3
 72
   281
 73
   277
 74
     0
 42
0.0000000001
 43
0.0000000001
 40
0.0
 40
0.0
 40
0.0
 40
0.0
 40
0.0108695652173913
 40
0.0108695652173913
 40
0.0108695652173913
 40
0.0217391304347826
 40
0.0217391304347826
 40
0.0217391304347826
 40
0.0326086956521739
 40
0.0326086956521739
 40
0.0326086956521739
 40
0.0434782608695652
 40
0.0434782608695652
 40
0.0434782608695652
 40
0.0543478260869565
 40
0.0543478260869565
 40
0.0543478260869565
 40
0.0652173913043478
 40
0.0652173913043478
 40
0.0652173913043478
 40
0.0760869565217391
 40
0.0760869565217391
 40
0.0760869565217391
 40
0.0869565217391304
 40
0.0869565217391304
 40
0.0869565217391304
 40
0.0978260869565217
 40
0.0978260869565217
 40
0.0978260869565217
 40
0.108695652173913
 40
0.108695652173913
 40
0.108695652173913
 40
0.1195652173913044
 40
0.1195652173913044
 40
0.1195652173913044
 40
0.1304347826086956
 40
0.1304347826086956
 40
0.1304347826086956
 40
0.1413043478260869
 40
0.1413043478260869
 40
0.1413043478260869
 40
0.1521739130434783
 40
0.1521739130434783
 40
0.1521739130434783
 40
0.1630434782608696
 40
0.1630434782608696
 40
0.1630434782608696
 40
0.1739130434782609
 40
0.1739130434782609
 40
0.1739130434782609
 40
0.1847826086956522
 40
0.1847826086956522
 40
0.1847826086956522
 40
0.1956521739130435
 40
0.1956521739130435
 40
0.1956521739130435
 40
0.2065217391304348
 40
0.2065217391304348
 40
0.2065217391304348
 40
0.2173913043478261
 40
0.2173913043478261
 40
0.2173913043478261
 40
0.2282608695652174
 40
0.2282608695652174
 40
0.2282608695652174
 40
0.2391304347826087
 40
0.2391304347826087
 40
0.2391304347826087
 40
0.25
 40
0.25
 40
0.25
 40
0.2608695652173913
 40
0.2608695652173913
 40
0.2608695652173913
 40
0.2717391304347826
 40
0.2717391304347826
 40
0.2717391304347826
 40
0.2826086956521739
 40
0.2826086956521739
 40
0.2826086956521739
 40
0.2934782608695652
 40
0.2934782608695652
 40
0.2934782608695652
 40
0.3043478260869565
 40
0.3043478260869565
 40
0.3043478260869565
 40
0.3152173913043478
 40
0.3152173913043478
 40
0.3152173913043478
 40
0.3260869565217391
 40
0.3260869565217391
 40
0.3260869565217391
 40
0.3369565217391304
 40
0.3369565217391304
 40
0.3369565217391304
 40
0.3478260869565217
 40
0.3478260869565217
 40
0.3478260869565217
 40
0.358695652173913
 40
0.358695652173913
 40
0.358695652173913
 40
0.3695652173913043
 40
0.3695652173913043
 40
0.3695652173913043
 40
0.3804347826086956
 40
0.3804347826086956
 40
0.3804347826086956
 40
0.3913043478260869
 40
0.3913043478260869
 40
0.3913043478260869
 40
0.4021739130434783
 40
0.4021739130434783
 40
0.4021739130434783
 40
0.4130434782608696
 40
0.4130434782608696
 40
0.4130434782608696
 40
0.4239130434782609
 40
0.4239130434782609
 40
0.4239130434782609
 40
0.4347826086956522
 40
0.4347826086956522
 40
0.4347826086956522
 40
0.4456521739130435
 40
0.4456521739130435
 40
0.4456521739130435
 40
0.4565217391304348
 40
0.4565217391304348
 40
0.4565217391304348
 40
0.4673913043478261
 40
0.4673913043478261
 40
0.4673913043478261
 40
0.4782608695652174
 40
0.4782608695652174
 40
0.4782608695652174
 40
0.4891304347826087
 40
0.4891304347826087
 40
0.4891304347826087
 40
0.5
 40
0.5
 40
0.5
 40
0.5108695652173912
 40
0.5108695652173912
 40
0.5108695652173912
 40
0.5217391304347826
 40
0.5217391304347826
 40
0.5217391304347826
 40
0.532608695652174
 40
0.532608695652174
 40
0.532608695652174
 40
0.5434782608695652
 40
0.5434782608695652
 40
0.5434782608695652
 40
0.5543478260869565
 40
0.5543478260869565
 40
0.5543478260869565
 40
0.5652173913043478
 40
0.5652173913043478
 40
0.5652173913043478
 40
0.5760869565217391
 40
0.5760869565217391
 40
0.5760869565217391
 40
0.5869565217391304
 40
0.5869565217391304
 40
0.5869565217391304
 40
0.5978260869565217
 40
0.5978260869565217
 40
0.5978260869565217
 40
0.6086956521739131
 40
0.6086956521739131
 40
0.6086956521739131
 40
0.6195652173913043
 40
0.6195652173913043
 40
0.6195652173913043
 40
0.6304347826086957
 40
0.6304347826086957
 40
0.6304347826086957
 40
0.6413043478260869
 40
0.6413043478260869
 40
0.6413043478260869
 40
0.6521739130434783
 40
0.6521739130434783
 40
0.6521739130434783
 40
0.6630434782608695
 40
0.6630434782608695
 40
0.6630434782608695
 40
0.6739130434782609
 40
0.6739130434782609
 40
0.6739130434782609
 40
0.6847826086956521
 40
0.6847826086956521
 40
0.6847826086956521
 40
0.6956521739130435
 40
0.6956521739130435
 40
0.6956521739130435
 40
0.7065217391304348
 40
0.7065217391304348
 40
0.7065217391304348
 40
0.717391304347826
 40
0.717391304347826
 40
0.717391304347826
 40
0.7282608695652174
 40
0.7282608695652174
 40
0.7282608695652174
 40
0.7391304347826086
 40
0.7391304347826086
 40
0.7391304347826086
 40
0.75
 40
0.75
 40
0.75
 40
0.7608695652173912
 40
0.7608695652173912
 40
0.7608695652173912
 40
0.7717391304347826
 40
0.7717391304347826
 40
0.7717391304347826
 40
0.7826086956521738
 40
0.7826086956521738
 40
0.7826086956521738
 40
0.7934782608695652
 40
0.7934782608695652
 40
0.7934782608695652
 40
0.8043478260869565
 40
0.8043478260869565
 40
0.8043478260869565
 40
0.8152173913043478
 40
0.8152173913043478
 40
0.8152173913043478
 40
0.8260869565217391
 40
0.8260869565217391
 40
0.8260869565217391
 40
0.8369565217391304
 40
0.8369565217391304
 40
0.8369565217391304
 40
0.8478260869565217
 40
0.8478260869565217
 40
0.8478260869565217
 40
0.858695652173913
 40
0.858695652173913
 40
0.858695652173913
 40
0.8695652173913043
 40
0.8695652173913043
 40
0.8695652173913043
 40
0.8804347826086957
 40
0.8804347826086957
 40
0.8804347826086957
 40
0.8913043478260869
 40
0.8913043478260869
 40
0.8913043478260869
 40
0.9021739130434783
 40
0.9021739130434783
 40
0.9021739130434783
 40
0.9130434782608695
 40
0.9130434782608695
 40
0.9130434782608695
 40
0.9239130434782609
 40
0.9239130434782609
 40
0.9239130434782609
 40
0.9347826086956521
 40
0.9347826086956521
 40
0.9347826086956521
 40
0.9456521739130435
 40
0.9456521739130435
 40
0.9456521739130435
 40
0.9565217391304348
 40
0.9565217391304348
 40
0.9565217391304348
 40
0.967391304347826
 40
0.967391304347826
 40
0.967391304347826
 40
0.9782608695652174
 40
0.9782608695652174
 40
0.9782608695652174
 40
0.9891304347826086
 40
0.9891304347826086
 40
0.9891304347826086
 40
1.0
 40
1.0
 40
1.0
 40
1.0
 10
-3061.9016
 20
-946.8359
 30
0.0
 10
-3062.5444
 20
-946.8015
 30
0.0
 10
-3063.1637
 20
-946.7267
 30
0.0
 10
-3063.5238
 20
-946.567
 30
0.0
 10
-3064.1555
 20
-946.2868
 30
0.0
 10
-3065.1843
 20
-945.418
 30
0.0
 10
-3065.6217
 20
-944.8771
 30
0.0
 10
-3066.5425
 20
-943.7385
 30
0.0
 10
-3066.4946
 20
-943.418
 30
0.0
 10
-3066.4962
 20
-942.0154
 30
0.0
 10
-3066.5
 20
-941.9392
 30
0.0
 10
-3066.7063
 20
-941.7499
 30
0.0
 10
-3066.7562
 20
-941.7053
 30
0.0
 10
-3067.0947
 20
-941.4032
 30
0.0
 10
-3067.4496
 20
-941.1674
 30
0.0
 10
-3067.7519
 20
-940.8196
 30
0.0
 10
-3068.3025
 20
-940.1862
 30
0.0
 10
-3068.5789
 20
-939.4886
 30
0.0
 10
-3068.8369
 20
-938.7028
 30
0.0
 10
-3068.9024
 20
-938.5033
 30
0.0
 10
-3069.0885
 20
-937.8695
 30
0.0
 10
-3069.2567
 20
-937.7445
 30
0.0
 10
-3070.3706
 20
-936.9168
 30
0.0
 10
-3071.2365
 20
-936.0614
 30
0.0
 10
-3071.5976
 20
-934.6752
 30
0.0
 10
-3071.8064
 20
-933.8733
 30
0.0
 10
-3071.8174
 20
-933.6236
 30
0.0
 10
-3072.5002
 20
-933.0997
 30
0.0
 10
-3073.4403
 20
-932.3785
 30
0.0
 10
-3074.0195
 20
-931.5253
 30
0.0
 10
-3074.3203
 20
-930.3765
 30
0.0
 10
-3074.3857
 20
-930.1268
 30
0.0
 10
-3074.536
 20
-929.2003
 30
0.0
 10
-3074.6806
 20
-929.0319
 30
0.0
 10
-3074.8415
 20
-928.8553
 30
0.0
 10
-3075.0082
 20
-928.7027
 30
0.0
 10
-3075.2168
 20
-928.5838
 30
0.0
 10
-3075.461
 20
-928.4447
 30
0.0
 10
-3075.6667
 20
-928.35
 30
0.0
 10
-3075.8826
 20
-928.157
 30
0.0
 10
-3076.6171
 20
-927.5008
 30
0.0
 10
-3077.137
 20
-925.8302
 30
0.0
 10
-3077.4493
 20
-924.8886
 30
0.0
 10
-3077.4648
 20
-924.8417
 30
0.0
 10
-3077.4912
 20
-924.7552
 30
0.0
 10
-3077.5172
 20
-924.7014
 30
0.0
 10
-3077.6169
 20
-924.6422
 30
0.0
 10
-3077.7549
 20
-924.5853
 30
0.0
 10
-3077.8577
 20
-924.5262
 30
0.0
 10
-3078.8765
 20
-923.9401
 30
0.0
 10
-3079.6006
 20
-922.6421
 30
0.0
 10
-3080.0395
 20
-921.583
 30
0.0
 10
-3080.0591
 20
-921.5357
 30
0.0
 10
-3080.0795
 20
-921.4854
 30
0.0
 10
-3080.1004
 20
-921.4326
 30
0.0
 10
-3080.1619
 20
-921.4551
 30
0.0
 10
-3080.2287
 20
-921.4651
 30
0.0
 10
-3080.298
 20
-921.4617
 30
0.0
 10
-3080.843
 20
-921.444
 30
0.0
 10
-3081.1599
 20
-921.4907
 30
0.0
 10
-3081.6666
 20
-921.733
 30
0.0
 10
-3082.4291
 20
-922.0976
 30
0.0
 10
-3083.208
 20
-922.6848
 30
0.0
 10
-3083.8171
 20
-923.2659
 30
0.0
 10
-3084.6434
 20
-924.0543
 30
0.0
 10
-3085.3167
 20
-924.9867
 30
0.0
 10
-3085.8413
 20
-925.9996
 30
0.0
 10
-3086.4894
 20
-927.251
 30
0.0
 10
-3086.8776
 20
-928.568
 30
0.0
 10
-3086.9965
 20
-929.9736
 30
0.0
 10
-3087.0302
 20
-930.3722
 30
0.0
 10
-3087.044
 20
-930.7822
 30
0.0
 10
-3087.041
 20
-931.1976
 30
0.0
 10
-3086.985
 20
-930.4796
 30
0.0
 10
-3086.8736
 20
-929.7651
 30
0.0
 10
-3086.6976
 20
-929.0695
 30
0.0
 10
-3086.4656
 20
-928.1523
 30
0.0
 10
-3086.1122
 20
-927.2151
 30
0.0
 10
-3085.6376
 20
-926.3957
 30
0.0
 10
-3085.2893
 20
-925.7943
 30
0.0
 10
-3084.8928
 20
-925.3248
 30
0.0
 10
-3084.3706
 20
-924.8685
 30
0.0
 10
-3083.8992
 20
-924.4565
 30
0.0
 10
-3083.3871
 20
-924.0816
 30
0.0
 10
-3082.8407
 20
-923.7753
 30
0.0
 10
-3082.3227
 20
-923.4849
 30
0.0
 10
-3081.7557
 20
-923.2446
 30
0.0
 10
-3081.1808
 20
-923.0943
 30
0.0
 10
-3080.7202
 20
-922.9738
 30
0.0
 10
-3080.1782
 20
-922.8932
 30
0.0
 10
-3079.7168
 20
-923.0439
 30
0.0
 10
-3079.2499
 20
-923.1963
 30
0.0
 10
-3078.9661
 20
-923.5449
 30
0.0
 10
-3078.7922
 20
-923.9902
 30
0.0
 10
-3078.6343
 20
-924.3945
 30
0.0
 10
-3078.566
 20
-924.855
 30
0.0
 10
-3078.5775
 20
-925.2881
 30
0.0
 10
-3078.589
 20
-925.7232
 30
0.0
 10
-3078.68
 20
-926.1693
 30
0.0
 10
-3078.8217
 20
-926.5803
 30
0.0
 10
-3078.9875
 20
-927.0611
 30
0.0
 10
-3079.2148
 20
-927.3983
 30
0.0
 10
-3079.6515
 20
-927.6722
 30
0.0
 10
-3080.1297
 20
-927.972
 30
0.0
 10
-3080.6915
 20
-928.1383
 30
0.0
 10
-3081.2105
 20
-928.353
 30
0.0
 10
-3081.399
 20
-928.431
 30
0.0
 10
-3081.5884
 20
-928.514
 30
0.0
 10
-3081.7747
 20
-928.6046
 30
0.0
 10
-3081.6725
 20
-928.6187
 30
0.0
 10
-3081.5713
 20
-928.6458
 30
0.0
 10
-3081.4723
 20
-928.6883
 30
0.0
 10
-3081.08
 20
-928.857
 30
0.0
 10
-3080.848
 20
-929.2156
 30
0.0
 10
-3080.8085
 20
-929.6352
 30
0.0
 10
-3080.7695
 20
-930.0494
 30
0.0
 10
-3080.9204
 20
-930.4878
 30
0.0
 10
-3081.0775
 20
-930.8658
 30
0.0
 10
-3081.31
 20
-931.4254
 30
0.0
 10
-3081.5836
 20
-931.9683
 30
0.0
 10
-3081.7999
 20
-932.5344
 30
0.0
 10
-3082.0847
 20
-933.2796
 30
0.0
 10
-3082.307
 20
-934.0615
 30
0.0
 10
-3082.4379
 20
-934.849
 30
0.0
 10
-3082.5086
 20
-935.2747
 30
0.0
 10
-3082.5474
 20
-935.6957
 30
0.0
 10
-3082.5566
 20
-936.117
 30
0.0
 10
-3082.4914
 20
-936.003
 30
0.0
 10
-3082.4089
 20
-935.8994
 30
0.0
 10
-3082.304
 20
-935.812
 30
0.0
 10
-3082.1556
 20
-935.6883
 30
0.0
 10
-3081.9987
 20
-935.6202
 30
0.0
 10
-3081.8128
 20
-935.5756
 30
0.0
 10
-3081.7822
 20
-935.5682
 30
0.0
 10
-3081.7303
 20
-935.5591
 30
0.0
 10
-3081.6874
 20
-935.5477
 30
0.0
 10
-3081.6746
 20
-935.5126
 30
0.0
 10
-3081.6634
 20
-935.4685
 30
0.0
 10
-3081.6567
 20
-935.4434
 30
0.0
 10
-3081.5634
 20
-935.0959
 30
0.0
 10
-3081.4915
 20
-934.7635
 30
0.0
 10
-3081.3584
 20
-934.426
 30
0.0
 10
-3081.1326
 20
-933.8534
 30
0.0
 10
-3080.8007
 20
-933.2852
 30
0.0
 10
-3080.3787
 20
-932.8353
 30
0.0
 10
-3079.9083
 20
-932.3339
 30
0.0
 10
-3079.3054
 20
-931.9586
 30
0.0
 10
-3078.6711
 20
-931.701
 30
0.0
 10
-3078.1009
 20
-931.4694
 30
0.0
 10
-3077.4948
 20
-931.3285
 30
0.0
 10
-3076.8851
 20
-931.2514
 30
0.0
 10
-3076.3715
 20
-931.1865
 30
0.0
 10
-3075.847
 20
-931.1654
 30
0.0
 10
-3075.3369
 20
-931.2697
 30
0.0
 10
-3074.8035
 20
-931.3788
 30
0.0
 10
-3074.3298
 20
-931.6175
 30
0.0
 10
-3073.9663
 20
-932.0299
 30
0.0
 10
-3073.6016
 20
-932.4436
 30
0.0
 10
-3073.3755
 20
-932.9991
 30
0.0
 10
-3073.2465
 20
-933.5306
 30
0.0
 10
-3073.1128
 20
-934.0814
 30
0.0
 10
-3073.0781
 20
-934.6442
 30
0.0
 10
-3073.1434
 20
-935.2073
 30
0.0
 10
-3073.2059
 20
-935.7456
 30
0.0
 10
-3073.3573
 20
-936.3221
 30
0.0
 10
-3073.5885
 20
-936.8127
 30
0.0
 10
-3073.7955
 20
-937.252
 30
0.0
 10
-3074.0749
 20
-937.6171
 30
0.0
 10
-3074.5069
 20
-937.8539
 30
0.0
 10
-3074.8848
 20
-938.0611
 30
0.0
 10
-3075.3465
 20
-938.1527
 30
0.0
 10
-3075.7748
 20
-938.107
 30
0.0
 10
-3076.2162
 20
-938.0598
 30
0.0
 10
-3076.5902
 20
-937.8697
 30
0.0
 10
-3076.9268
 20
-937.5864
 30
0.0
 10
-3077.2361
 20
-937.3261
 30
0.0
 10
-3077.5076
 20
-937.0036
 30
0.0
 10
-3077.7504
 20
-936.6813
 30
0.0
 10
-3077.812
 20
-936.5995
 30
0.0
 10
-3078.0154
 20
-936.3001
 30
0.0
 10
-3078.1067
 20
-936.2572
 30
0.0
 10
-3078.1909
 20
-936.2177
 30
0.0
 10
-3078.3352
 20
-936.3081
 30
0.0
 10
-3078.4002
 20
-936.357
 30
0.0
 10
-3078.7351
 20
-936.6085
 30
0.0
 10
-3079.0535
 20
-937.1276
 30
0.0
 10
-3079.23
 20
-937.5032
 30
0.0
 10
-3079.4699
 20
-938.0137
 30
0.0
 10
-3079.6109
 20
-938.574
 30
0.0
 10
-3079.6559
 20
-939.1359
 30
0.0
 10
-3079.7027
 20
-939.7201
 30
0.0
 10
-3079.64
 20
-940.2912
 30
0.0
 10
-3079.4953
 20
-940.8579
 30
0.0
 10
-3079.3292
 20
-941.5088
 30
0.0
 10
-3079.068
 20
-942.149
 30
0.0
 10
-3078.7674
 20
-942.7487
 30
0.0
 10
-3078.4547
 20
-943.3725
 30
0.0
 10
-3078.0748
 20
-943.9422
 30
0.0
 10
-3077.661
 20
-944.4979
 30
0.0
 10
-3077.7714
 20
-944.1735
 30
0.0
 10
-3077.8625
 20
-943.8421
 30
0.0
 10
-3077.9335
 20
-943.5035
 30
0.0
 10
-3078.0785
 20
-942.8125
 30
0.0
 10
-3078.0657
 20
-942.4652
 30
0.0
 10
-3078.005
 20
-941.7722
 30
0.0
 10
-3077.951
 20
-941.1553
 30
0.0
 10
-3077.7925
 20
-940.5398
 30
0.0
 10
-3077.469
 20
-940.0072
 30
0.0
 10
-3077.2124
 20
-939.5846
 30
0.0
 10
-3076.8674
 20
-939.2427
 30
0.0
 10
-3076.4404
 20
-938.9937
 30
0.0
 10
-3076.1082
 20
-938.7999
 30
0.0
 10
-3075.7163
 20
-938.6557
 30
0.0
 10
-3075.3335
 20
-938.6118
 30
0.0
 10
-3074.9895
 20
-938.5725
 30
0.0
 10
-3074.6646
 20
-938.6208
 30
0.0
 10
-3074.3636
 20
-938.7992
 30
0.0
 10
-3074.0363
 20
-938.9931
 30
0.0
 10
-3073.8091
 20
-939.2976
 30
0.0
 10
-3073.7402
 20
-939.6747
 30
0.0
 10
-3073.7059
 20
-939.863
 30
0.0
 10
-3073.7148
 20
-940.0462
 30
0.0
 10
-3073.7233
 20
-940.2355
 30
0.0
 10
-3073.7347
 20
-940.4898
 30
0.0
 10
-3073.7435
 20
-940.7442
 30
0.0
 10
-3073.7421
 20
-940.9988
 30
0.0
 10
-3073.7377
 20
-941.7821
 30
0.0
 10
-3073.7341
 20
-942.3898
 30
0.0
 10
-3073.5928
 20
-943.1679
 30
0.0
 10
-3073.4355
 20
-944.0345
 30
0.0
 10
-3073.1711
 20
-944.9106
 30
0.0
 10
-3072.7596
 20
-945.6915
 30
0.0
 10
-3072.6504
 20
-945.8986
 30
0.0
 10
-3072.3384
 20
-946.417
 30
0.0
 10
-3072.0759
 20
-946.7188
 30
0.0
 10
-3071.8649
 20
-946.311
 30
0.0
 10
-3071.6102
 20
-945.9384
 30
0.0
 10
-3071.2473
 20
-945.6497
 30
0.0
 10
-3070.8664
 20
-945.3465
 30
0.0
 10
-3070.3744
 20
-945.1425
 30
0.0
 10
-3069.9014
 20
-945.0364
 30
0.0
 10
-3069.5287
 20
-944.9528
 30
0.0
 10
-3069.096
 20
-944.916
 30
0.0
 10
-3068.7246
 20
-945.0193
 30
0.0
 10
-3068.2296
 20
-945.1569
 30
0.0
 10
-3067.9876
 20
-945.5207
 30
0.0
 10
-3067.9463
 20
-946.0173
 30
0.0
 10
-3067.9091
 20
-946.4653
 30
0.0
 10
-3067.9639
 20
-946.9153
 30
0.0
 10
-3067.9229
 20
-947.3597
 30
0.0
 10
-3067.8684
 20
-947.9501
 30
0.0
 10
-3067.7096
 20
-948.5873
 30
0.0
 10
-3067.4272
 20
-949.111
 30
0.0
 10
-3067.1325
 20
-949.6574
 30
0.0
 10
-3066.6781
 20
-950.1213
 30
0.0
 10
-3066.18
 20
-950.4853
 30
0.0
 10
-3065.7059
 20
-950.8318
 30
0.0
 10
-3065.1986
 20
-951.0815
 30
0.0
 10
-3064.6128
 20
-951.1633
 30
0.0
 10
-3064.0686
 20
-951.2393
 30
0.0
 10
-3063.4122
 20
-951.1767
 30
0.0
 10
-3062.9252
 20
-950.9078
 30
0.0
 10
-3062.5065
 20
-950.6767
 30
0.0
 10
-3062.1665
 20
-950.2572
 30
0.0
 10
-3061.9881
 20
-949.8163
 30
0.0
 10
-3061.851
 20
-949.4775
 30
0.0
 10
-3061.8284
 20
-949.1639
 30
0.0
 10
-3061.8303
 20
-948.8021
 30
0.0
 10
-3061.8324
 20
-948.4048
 30
0.0
 10
-3061.8521
 20
-948.0078
 30
0.0
 10
-3061.8709
 20
-947.6111
 30
0.0
 10
-3061.8824
 20
-947.3708
 30
0.0
 10
-3061.8936
 20
-947.1305
 30
0.0
 10
-3061.9021
 20
-946.8902
 30
0.0
 10
-3061.9027
 20
-946.8721
 30
0.0
 10
-3061.9025
 20
-946.854
 30
0.0
 10
-3061.9016
 20
-946.8359
 30
0.0
  0
SPLINE
  5
62
330
1F
100
AcDbEntity
  8
Layer 1
 62
     1
370
     9
100
AcDbSpline
210
0.0
220
0.0
230
1.0
 70
    11
 71
     3
 72
   296
 73
   292
 74
     0
 42
0.0000000001
 43
0.0000000001
 40
0.0
 40
0.0
 40
0.0
 40
0.0
 40
0.0103092783505155
 40
0.0103092783505155
 40
0.0103092783505155
 40
0.0206185567010309
 40
0.0206185567010309
 40
0.0206185567010309
 40
0.0309278350515464
 40
0.0309278350515464
 40
0.0309278350515464
 40
0.0412371134020619
 40
0.0412371134020619
 40
0.0412371134020619
 40
0.0515463917525773
 40
0.0515463917525773
 40
0.0515463917525773
 40
0.0618556701030928
 40
0.0618556701030928
 40
0.0618556701030928
 40
0.0721649484536082
 40
0.0721649484536082
 40
0.0721649484536082
 40
0.0824742268041237
 40
0.0824742268041237
 40
0.0824742268041237
 40
0.0927835051546392
 40
0.0927835051546392
 40
0.0927835051546392
 40
0.1030927835051546
 40
0.1030927835051546
 40
0.1030927835051546
 40
0.1134020618556701
 40
0.1134020618556701
 40
0.1134020618556701
 40
0.1237113402061856
 40
0.1237113402061856
 40
0.1237113402061856
 40
0.134020618556701
 40
0.134020618556701
 40
0.134020618556701
 40
0.1443298969072165
 40
0.1443298969072165
 40
0.1443298969072165
 40
0.154639175257732
 40
0.154639175257732
 40
0.154639175257732
 40
0.1649484536082474
 40
0.1649484536082474
 40
0.1649484536082474
 40
0.1752577319587629
 40
0.1752577319587629
 40
0.1752577319587629
 40
0.1855670103092784
 40
0.1855670103092784
 40
0.1855670103092784
 40
0.1958762886597938
 40
0.1958762886597938
 40
0.1958762886597938
 40
0.2061855670103093
 40
0.2061855670103093
 40
0.2061855670103093
 40
0.2164948453608248
 40
0.2164948453608248
 40
0.2164948453608248
 40
0.2268041237113402
 40
0.2268041237113402
 40
0.2268041237113402
 40
0.2371134020618557
 40
0.2371134020618557
 40
0.2371134020618557
 40
0.2474226804123711
 40
0.2474226804123711
 40
0.2474226804123711
 40
0.2577319587628866
 40
0.2577319587628866
 40
0.2577319587628866
 40
0.2680412371134021
 40
0.2680412371134021
 40
0.2680412371134021
 40
0.2783505154639175
 40
0.2783505154639175
 40
0.2783505154639175
 40
0.288659793814433
 40
0.288659793814433
 40
0.288659793814433
 40
0.2989690721649484
 40
0.2989690721649484
 40
0.2989690721649484
 40
0.3092783505154639
 40
0.3092783505154639
 40
0.3092783505154639
 40
0.3195876288659794
 40
0.3195876288659794
 40
0.3195876288659794
 40
0.3298969072164948
 40
0.3298969072164948
 40
0.3298969072164948
 40
0.3402061855670103
 40
0.3402061855670103
 40
0.3402061855670103
 40
0.3505154639175257
 40
0.3505154639175257
 40
0.3505154639175257
 40
0.3608247422680412
 40
0.3608247422680412
 40
0.3608247422680412
 40
0.3711340206185567
 40
0.3711340206185567
 40
0.3711340206185567
 40
0.3814432989690721
 40
0.3814432989690721
 40
0.3814432989690721
 40
0.3917525773195876
 40
0.3917525773195876
 40
0.3917525773195876
 40
0.4020618556701031
 40
0.4020618556701031
 40
0.4020618556701031
 40
0.4123711340206185
 40
0.4123711340206185
 40
0.4123711340206185
 40
0.422680412371134
 40
0.422680412371134
 40
0.422680412371134
 40
0.4329896907216495
 40
0.4329896907216495
 40
0.4329896907216495
 40
0.4432989690721649
 40
0.4432989690721649
 40
0.4432989690721649
 40
0.4536082474226804
 40
0.4536082474226804
 40
0.4536082474226804
 40
0.4639175257731959
 40
0.4639175257731959
 40
0.4639175257731959
 40
0.4742268041237113
 40
0.4742268041237113
 40
0.4742268041237113
 40
0.4845360824742268
 40
0.4845360824742268
 40
0.4845360824742268
 40
0.4948453608247423
 40
0.4948453608247423
 40
0.4948453608247423
 40
0.5051546391752577
 40
0.5051546391752577
 40
0.5051546391752577
 40
0.5154639175257731
 40
0.5154639175257731
 40
0.5154639175257731
 40
0.5257731958762887
 40
0.5257731958762887
 40
0.5257731958762887
 40
0.5360824742268041
 40
0.5360824742268041
 40
0.5360824742268041
 40
0.5463917525773195
 40
0.5463917525773195
 40
0.5463917525773195
 40
0.5567010309278351
 40
0.5567010309278351
 40
0.5567010309278351
 40
0.5670103092783505
 40
0.5670103092783505
 40
0.5670103092783505
 40
0.5773195876288659
 40
0.5773195876288659
 40
0.5773195876288659
 40
0.5876288659793815
 40
0.5876288659793815
 40
0.5876288659793815
 40
0.5979381443298969
 40
0.5979381443298969
 40
0.5979381443298969
 40
0.6082474226804123
 40
0.6082474226804123
 40
0.6082474226804123
 40
0.6185567010309279
 40
0.6185567010309279
 40
0.6185567010309279
 40
0.6288659793814433
 40
0.6288659793814433
 40
0.6288659793814433
 40
0.6391752577319587
 40
0.6391752577319587
 40
0.6391752577319587
 40
0.6494845360824743
 40
0.6494845360824743
 40
0.6494845360824743
 40
0.6597938144329897
 40
0.6597938144329897
 40
0.6597938144329897
 40
0.6701030927835051
 40
0.6701030927835051
 40
0.6701030927835051
 40
0.6804123711340206
 40
0.6804123711340206
 40
0.6804123711340206
 40
0.6907216494845361
 40
0.6907216494845361
 40
0.6907216494845361
 40
0.7010309278350515
 40
0.7010309278350515
 40
0.7010309278350515
 40
0.711340206185567
 40
0.711340206185567
 40
0.711340206185567
 40
0.7216494845360825
 40
0.7216494845360825
 40
0.7216494845360825
 40
0.7319587628865979
 40
0.7319587628865979
 40
0.7319587628865979
 40
0.7422680412371134
 40
0.7422680412371134
 40
0.7422680412371134
 40
0.7525773195876289
 40
0.7525773195876289
 40
0.7525773195876289
 40
0.7628865979381443
 40
0.7628865979381443
 40
0.7628865979381443
 40
0.7731958762886598
 40
0.7731958762886598
 40
0.7731958762886598
 40
0.7835051546391752
 40
0.7835051546391752
 40
0.7835051546391752
 40
0.7938144329896907
 40
0.7938144329896907
 40
0.7938144329896907
 40
0.8041237113402062
 40
0.8041237113402062
 40
0.8041237113402062
 40
0.8144329896907216
 40
0.8144329896907216
 40
0.8144329896907216
 40
0.8247422680412371
 40
0.8247422680412371
 40
0.8247422680412371
 40
0.8350515463917526
 40
0.8350515463917526
 40
0.8350515463917526
 40
0.845360824742268
 40
0.845360824742268
 40
0.845360824742268
 40
0.8556701030927835
 40
0.8556701030927835
 40
0.8556701030927835
 40
0.865979381443299
 40
0.865979381443299
 40
0.865979381443299
 40
0.8762886597938144
 40
0.8762886597938144
 40
0.8762886597938144
 40
0.8865979381443299
 40
0.8865979381443299
 40
0.8865979381443299
 40
0.8969072164948454
 40
0.8969072164948454
 40
0.8969072164948454
 40
0.9072164948453608
 40
0.9072164948453608
 40
0.9072164948453608
 40
0.9175257731958762
 40
0.9175257731958762
 40
0.9175257731958762
 40
0.9278350515463918
 40
0.9278350515463918
 40
0.9278350515463918
 40
0.9381443298969072
 40
0.9381443298969072
 40
0.9381443298969072
 40
0.9484536082474226
 40
0.9484536082474226
 40
0.9484536082474226
 40
0.9587628865979382
 40
0.9587628865979382
 40
0.9587628865979382
 40
0.9690721649484536
 40
0.9690721649484536
 40
0.9690721649484536
 40
0.979381443298969
 40
0.979381443298969
 40
0.979381443298969
 40
0.9896907216494846
 40
0.9896907216494846
 40
0.9896907216494846
 40
1.0
 40
1.0
 40
1.0
 40
1.0
 10
-3025.9362
 20
-931.1976
 30
0.0
 10
-3025.9332
 20
-930.7822
 30
0.0
 10
-3025.947
 20
-930.3722
 30
0.0
 10
-3025.9807
 20
-929.9736
 30
0.0
 10
-3026.0996
 20
-928.568
 30
0.0
 10
-3026.4878
 20
-927.251
 30
0.0
 10
-3027.1359
 20
-925.9996
 30
0.0
 10
-3027.6605
 20
-924.9867
 30
0.0
 10
-3028.3338
 20
-924.0543
 30
0.0
 10
-3029.1601
 20
-923.2659
 30
0.0
 10
-3029.7692
 20
-922.6848
 30
0.0
 10
-3030.5481
 20
-922.0976
 30
0.0
 10
-3031.3106
 20
-921.733
 30
0.0
 10
-3031.8173
 20
-921.4907
 30
0.0
 10
-3032.1342
 20
-921.4441
 30
0.0
 10
-3032.6837
 20
-921.4619
 30
0.0
 10
-3032.723
 20
-921.4632
 30
0.0
 10
-3032.7623
 20
-921.4647
 30
0.0
 10
-3032.8016
 20
-921.4664
 30
0.0
 10
-3032.909
 20
-921.471
 30
0.0
 10
-3033.0087
 20
-921.4442
 30
0.0
 10
-3033.0927
 20
-921.3901
 30
0.0
 10
-3033.567
 20
-922.2687
 30
0.0
 10
-3034.1451
 20
-923.0888
 30
0.0
 10
-3034.5322
 20
-923.5248
 30
0.0
 10
-3034.8341
 20
-923.8648
 30
0.0
 10
-3035.1845
 20
-924.1473
 30
0.0
 10
-3035.5338
 20
-924.4358
 30
0.0
 10
-3035.7134
 20
-924.5841
 30
0.0
 10
-3036.0113
 20
-924.8134
 30
0.0
 10
-3036.1414
 20
-925.0036
 30
0.0
 10
-3036.2904
 20
-925.2216
 30
0.0
 10
-3036.3998
 20
-925.5826
 30
0.0
 10
-3036.484
 20
-925.8338
 30
0.0
 10
-3036.6291
 20
-926.2667
 30
0.0
 10
-3036.7688
 20
-926.7012
 30
0.0
 10
-3036.9978
 20
-927.0991
 30
0.0
 10
-3037.2977
 20
-927.6204
 30
0.0
 10
-3037.6506
 20
-928.1067
 30
0.0
 10
-3038.1202
 20
-928.4886
 30
0.0
 10
-3038.2778
 20
-928.6167
 30
0.0
 10
-3038.546
 20
-928.7636
 30
0.0
 10
-3038.6724
 20
-928.901
 30
0.0
 10
-3038.8833
 20
-929.1492
 30
0.0
 10
-3039.1959
 20
-930.4417
 30
0.0
 10
-3039.381
 20
-930.857
 30
0.0
 10
-3039.8179
 20
-931.837
 30
0.0
 10
-3040.2475
 20
-932.5536
 30
0.0
 10
-3041.1431
 20
-933.1814
 30
0.0
 10
-3041.6732
 20
-933.5528
 30
0.0
 10
-3041.7788
 20
-933.8308
 30
0.0
 10
-3041.981
 20
-934.436
 30
0.0
 10
-3042.285
 20
-935.3459
 30
0.0
 10
-3042.6632
 20
-936.0784
 30
0.0
 10
-3043.3408
 20
-936.7684
 30
0.0
 10
-3043.5778
 20
-937.0099
 30
0.0
 10
-3043.8276
 20
-937.2392
 30
0.0
 10
-3044.0981
 20
-937.4429
 30
0.0
 10
-3044.2301
 20
-937.5423
 30
0.0
 10
-3044.3701
 20
-937.6291
 30
0.0
 10
-3044.5026
 20
-937.7271
 30
0.0
 10
-3044.5668
 20
-937.7746
 30
0.0
 10
-3044.6267
 20
-938.0364
 30
0.0
 10
-3044.647
 20
-938.1099
 30
0.0
 10
-3044.9578
 20
-939.2325
 30
0.0
 10
-3045.4204
 20
-940.4664
 30
0.0
 10
-3046.2841
 20
-941.2822
 30
0.0
 10
-3046.518
 20
-941.5032
 30
0.0
 10
-3046.7704
 20
-941.6774
 30
0.0
 10
-3047.0367
 20
-941.8553
 30
0.0
 10
-3047.1329
 20
-941.9196
 30
0.0
 10
-3047.2716
 20
-942.0081
 30
0.0
 10
-3047.3359
 20
-942.0928
 30
0.0
 10
-3047.3865
 20
-942.185
 30
0.0
 10
-3047.4442
 20
-942.4062
 30
0.0
 10
-3047.4794
 20
-942.5217
 30
0.0
 10
-3047.5968
 20
-942.9057
 30
0.0
 10
-3047.7122
 20
-943.2896
 30
0.0
 10
-3047.8568
 20
-943.6646
 30
0.0
 10
-3048.266
 20
-944.7251
 30
0.0
 10
-3048.874
 20
-945.6669
 30
0.0
 10
-3049.8615
 20
-946.2691
 30
0.0
 10
-3050.2
 20
-946.4755
 30
0.0
 10
-3050.6224
 20
-946.6175
 30
0.0
 10
-3051.0949
 20
-946.7134
 30
0.0
 10
-3051.0861
 20
-946.7448
 30
0.0
 10
-3051.0802
 20
-946.7776
 30
0.0
 10
-3051.0772
 20
-946.8118
 30
0.0
 10
-3051.075
 20
-946.8379
 30
0.0
 10
-3051.0742
 20
-946.864
 30
0.0
 10
-3051.0751
 20
-946.8902
 30
0.0
 10
-3051.0836
 20
-947.1305
 30
0.0
 10
-3051.0948
 20
-947.3708
 30
0.0
 10
-3051.1063
 20
-947.6111
 30
0.0
 10
-3051.1251
 20
-948.0078
 30
0.0
 10
-3051.1448
 20
-948.4048
 30
0.0
 10
-3051.1469
 20
-948.8021
 30
0.0
 10
-3051.1488
 20
-949.1639
 30
0.0
 10
-3051.1262
 20
-949.4775
 30
0.0
 10
-3050.9891
 20
-949.8163
 30
0.0
 10
-3050.8107
 20
-950.2572
 30
0.0
 10
-3050.4707
 20
-950.6767
 30
0.0
 10
-3050.052
 20
-950.9078
 30
0.0
 10
-3049.565
 20
-951.1767
 30
0.0
 10
-3048.9086
 20
-951.2393
 30
0.0
 10
-3048.3644
 20
-951.1633
 30
0.0
 10
-3047.7786
 20
-951.0815
 30
0.0
 10
-3047.2713
 20
-950.8318
 30
0.0
 10
-3046.7972
 20
-950.4853
 30
0.0
 10
-3046.2991
 20
-950.1213
 30
0.0
 10
-3045.8447
 20
-949.6574
 30
0.0
 10
-3045.55
 20
-949.111
 30
0.0
 10
-3045.2676
 20
-948.5873
 30
0.0
 10
-3045.1088
 20
-947.9501
 30
0.0
 10
-3045.0543
 20
-947.3597
 30
0.0
 10
-3045.0133
 20
-946.9153
 30
0.0
 10
-3045.0681
 20
-946.4653
 30
0.0
 10
-3045.0309
 20
-946.0173
 30
0.0
 10
-3044.9896
 20
-945.5207
 30
0.0
 10
-3044.7476
 20
-945.1569
 30
0.0
 10
-3044.2526
 20
-945.0193
 30
0.0
 10
-3043.8812
 20
-944.916
 30
0.0
 10
-3043.4485
 20
-944.9528
 30
0.0
 10
-3043.0758
 20
-945.0364
 30
0.0
 10
-3042.6028
 20
-945.1425
 30
0.0
 10
-3042.1108
 20
-945.3465
 30
0.0
 10
-3041.7299
 20
-945.6497
 30
0.0
 10
-3041.367
 20
-945.9384
 30
0.0
 10
-3041.1123
 20
-946.311
 30
0.0
 10
-3040.9013
 20
-946.7188
 30
0.0
 10
-3040.6388
 20
-946.417
 30
0.0
 10
-3040.3268
 20
-945.8986
 30
0.0
 10
-3040.2176
 20
-945.6915
 30
0.0
 10
-3039.8061
 20
-944.9106
 30
0.0
 10
-3039.5417
 20
-944.0345
 30
0.0
 10
-3039.3844
 20
-943.1679
 30
0.0
 10
-3039.2431
 20
-942.3898
 30
0.0
 10
-3039.2395
 20
-941.7821
 30
0.0
 10
-3039.2351
 20
-940.9988
 30
0.0
 10
-3039.2337
 20
-940.7442
 30
0.0
 10
-3039.2425
 20
-940.4898
 30
0.0
 10
-3039.2539
 20
-940.2355
 30
0.0
 10
-3039.2624
 20
-940.0462
 30
0.0
 10
-3039.2713
 20
-939.863
 30
0.0
 10
-3039.237
 20
-939.6747
 30
0.0
 10
-3039.1681
 20
-939.2976
 30
0.0
 10
-3038.9409
 20
-938.9931
 30
0.0
 10
-3038.6136
 20
-938.7992
 30
0.0
 10
-3038.3126
 20
-938.6208
 30
0.0
 10
-3037.9877
 20
-938.5725
 30
0.0
 10
-3037.6437
 20
-938.6118
 30
0.0
 10
-3037.2609
 20
-938.6557
 30
0.0
 10
-3036.869
 20
-938.7999
 30
0.0
 10
-3036.5368
 20
-938.9937
 30
0.0
 10
-3036.1098
 20
-939.2427
 30
0.0
 10
-3035.7648
 20
-939.5846
 30
0.0
 10
-3035.5082
 20
-940.0072
 30
0.0
 10
-3035.1847
 20
-940.5398
 30
0.0
 10
-3035.0262
 20
-941.1553
 30
0.0
 10
-3034.9722
 20
-941.7722
 30
0.0
 10
-3034.9115
 20
-942.4652
 30
0.0
 10
-3034.8987
 20
-942.8125
 30
0.0
 10
-3035.0437
 20
-943.5035
 30
0.0
 10
-3035.1147
 20
-943.8421
 30
0.0
 10
-3035.2058
 20
-944.1735
 30
0.0
 10
-3035.3162
 20
-944.4979
 30
0.0
 10
-3034.9024
 20
-943.9422
 30
0.0
 10
-3034.5225
 20
-943.3725
 30
0.0
 10
-3034.2098
 20
-942.7487
 30
0.0
 10
-3033.9092
 20
-942.149
 30
0.0
 10
-3033.648
 20
-941.5088
 30
0.0
 10
-3033.4819
 20
-940.8579
 30
0.0
 10
-3033.3372
 20
-940.2912
 30
0.0
 10
-3033.2745
 20
-939.7201
 30
0.0
 10
-3033.3213
 20
-939.1359
 30
0.0
 10
-3033.3663
 20
-938.574
 30
0.0
 10
-3033.5073
 20
-938.0137
 30
0.0
 10
-3033.7472
 20
-937.5032
 30
0.0
 10
-3033.9237
 20
-937.1276
 30
0.0
 10
-3034.2421
 20
-936.6085
 30
0.0
 10
-3034.577
 20
-936.357
 30
0.0
 10
-3034.642
 20
-936.3081
 30
0.0
 10
-3034.7863
 20
-936.2177
 30
0.0
 10
-3034.8705
 20
-936.2572
 30
0.0
 10
-3034.9618
 20
-936.3001
 30
0.0
 10
-3035.1652
 20
-936.5995
 30
0.0
 10
-3035.2268
 20
-936.6813
 30
0.0
 10
-3035.4696
 20
-937.0036
 30
0.0
 10
-3035.7411
 20
-937.3261
 30
0.0
 10
-3036.0504
 20
-937.5864
 30
0.0
 10
-3036.387
 20
-937.8697
 30
0.0
 10
-3036.761
 20
-938.0598
 30
0.0
 10
-3037.2024
 20
-938.107
 30
0.0
 10
-3037.6307
 20
-938.1527
 30
0.0
 10
-3038.0924
 20
-938.0611
 30
0.0
 10
-3038.4703
 20
-937.8539
 30
0.0
 10
-3038.9023
 20
-937.6171
 30
0.0
 10
-3039.1817
 20
-937.252
 30
0.0
 10
-3039.3887
 20
-936.8127
 30
0.0
 10
-3039.6199
 20
-936.3221
 30
0.0
 10
-3039.7713
 20
-935.7456
 30
0.0
 10
-3039.8338
 20
-935.2073
 30
0.0
 10
-3039.8991
 20
-934.6442
 30
0.0
 10
-3039.8644
 20
-934.0814
 30
0.0
 10
-3039.7307
 20
-933.5306
 30
0.0
 10
-3039.6017
 20
-932.9991
 30
0.0
 10
-3039.3756
 20
-932.4436
 30
0.0
 10
-3039.0109
 20
-932.0299
 30
0.0
 10
-3038.6474
 20
-931.6175
 30
0.0
 10
-3038.1737
 20
-931.3788
 30
0.0
 10
-3037.6403
 20
-931.2697
 30
0.0
 10
-3037.1302
 20
-931.1654
 30
0.0
 10
-3036.6057
 20
-931.1865
 30
0.0
 10
-3036.0921
 20
-931.2514
 30
0.0
 10
-3035.4824
 20
-931.3285
 30
0.0
 10
-3034.8763
 20
-931.4694
 30
0.0
 10
-3034.3061
 20
-931.701
 30
0.0
 10
-3033.6718
 20
-931.9586
 30
0.0
 10
-3033.0689
 20
-932.3339
 30
0.0
 10
-3032.5985
 20
-932.8353
 30
0.0
 10
-3032.1765
 20
-933.2852
 30
0.0
 10
-3031.8446
 20
-933.8534
 30
0.0
 10
-3031.6188
 20
-934.426
 30
0.0
 10
-3031.4857
 20
-934.7635
 30
0.0
 10
-3031.4138
 20
-935.0959
 30
0.0
 10
-3031.3205
 20
-935.4434
 30
0.0
 10
-3031.3138
 20
-935.4685
 30
0.0
 10
-3031.3026
 20
-935.5126
 30
0.0
 10
-3031.2898
 20
-935.5477
 30
0.0
 10
-3031.2469
 20
-935.5591
 30
0.0
 10
-3031.195
 20
-935.5682
 30
0.0
 10
-3031.1644
 20
-935.5756
 30
0.0
 10
-3030.9785
 20
-935.6202
 30
0.0
 10
-3030.8216
 20
-935.6883
 30
0.0
 10
-3030.6732
 20
-935.812
 30
0.0
 10
-3030.5683
 20
-935.8994
 30
0.0
 10
-3030.4858
 20
-936.003
 30
0.0
 10
-3030.4206
 20
-936.117
 30
0.0
 10
-3030.4298
 20
-935.6957
 30
0.0
 10
-3030.4686
 20
-935.2747
 30
0.0
 10
-3030.5393
 20
-934.849
 30
0.0
 10
-3030.6702
 20
-934.0615
 30
0.0
 10
-3030.8925
 20
-933.2796
 30
0.0
 10
-3031.1773
 20
-932.5344
 30
0.0
 10
-3031.3936
 20
-931.9683
 30
0.0
 10
-3031.6672
 20
-931.4254
 30
0.0
 10
-3031.8997
 20
-930.8658
 30
0.0
 10
-3032.0568
 20
-930.4878
 30
0.0
 10
-3032.2077
 20
-930.0494
 30
0.0
 10
-3032.1687
 20
-929.6352
 30
0.0
 10
-3032.1292
 20
-929.2156
 30
0.0
 10
-3031.8972
 20
-928.857
 30
0.0
 10
-3031.5049
 20
-928.6883
 30
0.0
 10
-3031.4059
 20
-928.6458
 30
0.0
 10
-3031.3047
 20
-928.6187
 30
0.0
 10
-3031.2025
 20
-928.6046
 30
0.0
 10
-3031.3888
 20
-928.514
 30
0.0
 10
-3031.5782
 20
-928.431
 30
0.0
 10
-3031.7667
 20
-928.353
 30
0.0
 10
-3032.2857
 20
-928.1383
 30
0.0
 10
-3032.8475
 20
-927.972
 30
0.0
 10
-3033.3257
 20
-927.6722
 30
0.0
 10
-3033.7624
 20
-927.3983
 30
0.0
 10
-3033.9897
 20
-927.0611
 30
0.0
 10
-3034.1555
 20
-926.5803
 30
0.0
 10
-3034.2972
 20
-926.1693
 30
0.0
 10
-3034.3882
 20
-925.7232
 30
0.0
 10
-3034.3997
 20
-925.2881
 30
0.0
 10
-3034.4112
 20
-924.855
 30
0.0
 10
-3034.3429
 20
-924.3945
 30
0.0
 10
-3034.185
 20
-923.9902
 30
0.0
 10
-3034.0111
 20
-923.5449
 30
0.0
 10
-3033.7273
 20
-923.1963
 30
0.0
 10
-3033.2604
 20
-923.0439
 30
0.0
 10
-3032.799
 20
-922.8932
 30
0.0
 10
-3032.257
 20
-922.9738
 30
0.0
 10
-3031.7964
 20
-923.0943
 30
0.0
 10
-3031.2215
 20
-923.2446
 30
0.0
 10
-3030.6545
 20
-923.4849
 30
0.0
 10
-3030.1365
 20
-923.7753
 30
0.0
 10
-3029.5901
 20
-924.0816
 30
0.0
 10
-3029.078
 20
-924.4565
 30
0.0
 10
-3028.6066
 20
-924.8685
 30
0.0
 10
-3028.0844
 20
-925.3248
 30
0.0
 10
-3027.6879
 20
-925.7943
 30
0.0
 10
-3027.3396
 20
-926.3957
 30
0.0
 10
-3026.865
 20
-927.2151
 30
0.0
 10
-3026.5116
 20
-928.1523
 30
0.0
 10
-3026.2796
 20
-929.0695
 30
0.0
 10
-3026.1036
 20
-929.7651
 30
0.0
 10
-3025.9922
 20
-930.4796
 30
0.0
 10
-3025.9362
 20
-931.1976
 30
0.0
  0
SPLINE
  5
63
330
1F
100
AcDbEntity
  8
Layer 1
 62
     1
370
     9
100
AcDbSpline
210
0.0
220
0.0
230
1.0
 70
    11
 71
     3
 72
    29
 73
    25
 74
     0
 42
0.0000000001
 43
0.0000000001
 40
0.0
 40
0.0
 40
0.0
 40
0.0
 40
0.125
 40
0.125
 40
0.125
 40
0.25
 40
0.25
 40
0.25
 40
0.375
 40
0.375
 40
0.375
 40
0.5
 40
0.5
 40
0.5
 40
0.625
 40
0.625
 40
0.625
 40
0.75
 40
0.75
 40
0.75
 40
0.875
 40
0.875
 40
0.875
 40
1.0
 40
1.0
 40
1.0
 40
1.0
 10
-3007.3804
 20
-955.9751
 30
0.0
 10
-3007.2139
 20
-956.2587
 30
0.0
 10
-3007.0894
 20
-956.5564
 30
0.0
 10
-3006.9267
 20
-956.8472
 30
0.0
 10
-3006.7632
 20
-957.1395
 30
0.0
 10
-3006.5926
 20
-957.3331
 30
0.0
 10
-3006.3144
 20
-957.5215
 30
0.0
 10
-3005.925
 20
-957.7851
 30
0.0
 10
-3005.4869
 20
-957.9856
 30
0.0
 10
-3005.0711
 20
-958.2141
 30
0.0
 10
-3005.3515
 20
-957.9841
 30
0.0
 10
-3005.5969
 20
-957.695
 30
0.0
 10
-3005.4057
 20
-957.3011
 30
0.0
 10
-3005.3453
 20
-957.1767
 30
0.0
 10
-3005.2487
 20
-957.0796
 30
0.0
 10
-3005.139
 20
-956.9983
 30
0.0
 10
-3005.5743
 20
-956.6656
 30
0.0
 10
-3005.6826
 20
-956.0447
 30
0.0
 10
-3005.2269
 20
-955.4443
 30
0.0
 10
-3005.679
 20
-955.6939
 30
0.0
 10
-3006.1783
 20
-955.8966
 30
0.0
 10
-3006.6679
 20
-955.9912
 30
0.0
 10
-3006.9309
 20
-956.042
 30
0.0
 10
-3007.1721
 20
-956.0321
 30
0.0
 10
-3007.3804
 20
-955.9751
 30
0.0
  0
SPLINE
  5
64
330
1F
100
AcDbEntity
  8
Layer 1
 62
     1
370
     9
100
AcDbSpline
210
0.0
220
0.0
230
1.0
 70
    11
 71
     3
 72
    20
 73
    16
 74
     0
 42
0.0000000001
 43
0.0000000001
 40
0.0
 40
0.0
 40
0.0
 40
0.0
 40
0.2
 40
0.2
 40
0.2
 40
0.4
 40
0.4
 40
0.4
 40
0.6000000000000001
 40
0.6000000000000001
 40
0.6000000000000001
 40
0.8
 40
0.8
 40
0.8
 40
1.0
 40
1.0
 40
1.0
 40
1.0
 10
-3007.8879
 20
-954.2521
 30
0.0
 10
-3008.0508
 20
-954.3594
 30
0.0
 10
-3008.2172
 20
-954.4621
 30
0.0
 10
-3008.3871
 20
-954.56
 30
0.0
 10
-3008.516
 20
-954.6343
 30
0.0
 10
-3008.6465
 20
-954.7031
 30
0.0
 10
-3008.779
 20
-954.7686
 30
0.0
 10
-3008.7076
 20
-954.8065
 30
0.0
 10
-3008.6363
 20
-954.8445
 30
0.0
 10
-3008.5657
 20
-954.8837
 30
0.0
 10
-3008.418
 20
-954.9658
 30
0.0
 10
-3008.2797
 20
-955.0485
 30
0.0
 10
-3008.15
 20
-955.1388
 30
0.0
 10
-3008.1837
 20
-954.8676
 30
0.0
 10
-3008.1066
 20
-954.5594
 30
0.0
 10
-3007.8879
 20
-954.2521
 30
0.0
  0
SPLINE
  5
65
330
1F
100
AcDbEntity
  8
Layer 1
 62
     1
370
     9
100
AcDbSpline
210
0.0
220
0.0
230
1.0
 70
    11
 71
     3
 72
    17
 73
    13
 74
     0
 42
0.0000000001
 43
0.0000000001
 40
0.0
 40
0.0
 40
0.0
 40
0.0
 40
0.25
 40
0.25
 40
0.25
 40
0.5
 40
0.5
 40
0.5
 40
0.75
 40
0.75
 40
0.75
 40
1.0
 40
1.0
 40
1.0
 40
1.0
 10
-3002.2471
 20
-946.3693
 30
0.0
 10
-3002.2311
 20
-946.3524
 30
0.0
 10
-3002.2145
 20
-946.336
 30
0.0
 10
-3002.1974
 20
-946.32
 30
0.0
 10
-3002.121
 20
-946.2486
 30
0.0
 10
-3002.0297
 20
-946.2045
 30
0.0
 10
-3001.9336
 20
-946.1895
 30
0.0
 10
-3002.0526
 20
-946.1659
 30
0.0
 10
-3002.1723
 20
-946.1442
 30
0.0
 10
-3002.2923
 20
-946.1237
 30
0.0
 10
-3002.2629
 20
-946.2031
 30
0.0
 10
-3002.2478
 20
-946.2861
 30
0.0
 10
-3002.2471
 20
-946.3693
 30
0.0
  0
SPLINE
  5
66
330
1F
100
AcDbEntity
  8
Layer 1
 62
     1
370
     9
100
AcDbSpline
210
0.0
220
0.0
230
1.0
 70
    11
 71
     3
 72
    50
 73
    46
 74
     0
 42
0.0000000001
 43
0.0000000001
 40
0.0
 40
0.0
 40
0.0
 40
0.0
 40
0.0666666666666667
 40
0.0666666666666667
 40
0.0666666666666667
 40
0.1333333333333333
 40
0.1333333333333333
 40
0.1333333333333333
 40
0.2
 40
0.2
 40
0.2
 40
0.2666666666666667
 40
0.2666666666666667
 40
0.2666666666666667
 40
0.3333333333333333
 40
0.3333333333333333
 40
0.3333333333333333
 40
0.4
 40
0.4
 40
0.4
 40
0.4666666666666667
 40
0.4666666666666667
 40
0.4666666666666667
 40
0.5333333333333333
 40
0.5333333333333333
 40
0.5333333333333333
 40
0.6
 40
0.6
 40
0.6
 40
0.6666666666666666
 40
0.6666666666666666
 40
0.6666666666666666
 40
0.7333333333333333
 40
0.7333333333333333
 40
0.7333333333333333
 40
0.8
 40
0.8
 40
0.8
 40
0.8666666666666667
 40
0.8666666666666667
 40
0.8666666666666667
 40
0.9333333333333333
 40
0.9333333333333333
 40
0.9333333333333333
 40
1.0
 40
1.0
 40
1.0
 40
1.0
 10
-2994.6148
 20
-937.1605
 30
0.0
 10
-2994.8235
 20
-936.8409
 30
0.0
 10
-2994.8821
 20
-936.4348
 30
0.0
 10
-2994.8986
 20
-936.0437
 30
0.0
 10
-2994.9283
 20
-935.3355
 30
0.0
 10
-2994.8686
 20
-934.6294
 30
0.0
 10
-2994.815
 20
-933.924
 30
0.0
 10
-2994.8022
 20
-933.7559
 30
0.0
 10
-2994.7549
 20
-933.3985
 30
0.0
 10
-2994.7652
 20
-933.1985
 30
0.0
 10
-2994.8247
 20
-933.1436
 30
0.0
 10
-2994.9043
 20
-933.0862
 30
0.0
 10
-2994.9577
 20
-933.037
 30
0.0
 10
-2995.1942
 20
-932.8192
 30
0.0
 10
-2995.4127
 20
-932.5522
 30
0.0
 10
-2995.5333
 20
-932.2491
 30
0.0
 10
-2995.5041
 20
-932.4553
 30
0.0
 10
-2995.5019
 20
-932.6624
 30
0.0
 10
-2995.5315
 20
-932.8642
 30
0.0
 10
-2995.6076
 20
-933.3826
 30
0.0
 10
-2995.9319
 20
-933.9757
 30
0.0
 10
-2996.1817
 20
-934.4377
 30
0.0
 10
-2996.4013
 20
-934.8436
 30
0.0
 10
-2996.6152
 20
-935.2766
 30
0.0
 10
-2997.1197
 20
-935.3608
 30
0.0
 10
-2997.6363
 20
-935.447
 30
0.0
 10
-2998.3002
 20
-935.0615
 30
0.0
 10
-2998.7331
 20
-934.8153
 30
0.0
 10
-2999.4795
 20
-934.3909
 30
0.0
 10
-3000.2137
 20
-933.9218
 30
0.0
 10
-3000.9407
 20
-933.4599
 30
0.0
 10
-3001.3984
 20
-933.6554
 30
0.0
 10
-3001.9047
 20
-933.8312
 30
0.0
 10
-3002.3872
 20
-933.8931
 30
0.0
 10
-3002.5723
 20
-933.9169
 30
0.0
 10
-3002.7586
 20
-933.9126
 30
0.0
 10
-3002.934
 20
-933.8811
 30
0.0
 10
-3002.6657
 20
-934.0857
 30
0.0
 10
-3002.3808
 20
-934.2632
 30
0.0
 10
-3002.0655
 20
-934.4445
 30
0.0
 10
-3000.9933
 20
-935.061
 30
0.0
 10
-2999.807
 20
-935.6007
 30
0.0
 10
-2998.6495
 20
-936.0327
 30
0.0
 10
-2997.3523
 20
-936.5167
 30
0.0
 10
-2995.9776
 20
-936.9021
 30
0.0
 10
-2994.6148
 20
-937.1605
 30
0.0
  0
SPLINE
  5
67
330
1F
100
AcDbEntity
  8
Layer 1
 62
     1
370
     9
100
AcDbSpline
210
0.0
220
0.0
230
1.0
 70
    11
 71
     3
 72
    47
 73
    43
 74
     0
 42
0.0000000001
 43
0.0000000001
 40
0.0
 40
0.0
 40
0.0
 40
0.0
 40
0.0714285714285714
 40
0.0714285714285714
 40
0.0714285714285714
 40
0.1428571428571428
 40
0.1428571428571428
 40
0.1428571428571428
 40
0.2142857142857143
 40
0.2142857142857143
 40
0.2142857142857143
 40
0.2857142857142857
 40
0.2857142857142857
 40
0.2857142857142857
 40
0.3571428571428571
 40
0.3571428571428571
 40
0.3571428571428571
 40
0.4285714285714285
 40
0.4285714285714285
 40
0.4285714285714285
 40
0.5
 40
0.5
 40
0.5
 40
0.5714285714285714
 40
0.5714285714285714
 40
0.5714285714285714
 40
0.6428571428571428
 40
0.6428571428571428
 40
0.6428571428571428
 40
0.7142857142857142
 40
0.7142857142857142
 40
0.7142857142857142
 40
0.7857142857142857
 40
0.7857142857142857
 40
0.7857142857142857
 40
0.8571428571428571
 40
0.8571428571428571
 40
0.8571428571428571
 40
0.9285714285714285
 40
0.9285714285714285
 40
0.9285714285714285
 40
1.0
 40
1.0
 40
1.0
 40
1.0
 10
-3140.9708
 20
-951.2951
 30
0.0
 10
-3140.896
 20
-951.718
 30
0.0
 10
-3140.8852
 20
-952.1639
 30
0.0
 10
-3140.9482
 20
-952.6266
 30
0.0
 10
-3141.2231
 20
-954.6461
 30
0.0
 10
-3142.8494
 20
-956.0261
 30
0.0
 10
-3144.9119
 20
-955.835
 30
0.0
 10
-3145.7385
 20
-955.7583
 30
0.0
 10
-3146.3413
 20
-955.4672
 30
0.0
 10
-3146.82
 20
-955.0221
 30
0.0
 10
-3146.4177
 20
-955.7533
 30
0.0
 10
-3145.7425
 20
-956.3378
 30
0.0
 10
-3144.999
 20
-956.7012
 30
0.0
 10
-3144.5409
 20
-956.925
 30
0.0
 10
-3143.78
 20
-957.2588
 30
0.0
 10
-3143.2975
 20
-956.9152
 30
0.0
 10
-3142.8907
 20
-956.6254
 30
0.0
 10
-3142.7232
 20
-956.1536
 30
0.0
 10
-3142.2168
 20
-955.8903
 30
0.0
 10
-3141.9479
 20
-955.7504
 30
0.0
 10
-3141.6988
 20
-955.7016
 30
0.0
 10
-3141.4281
 20
-955.7677
 30
0.0
 10
-3141.4389
 20
-955.6941
 30
0.0
 10
-3141.4488
 20
-955.6222
 30
0.0
 10
-3141.4561
 20
-955.5536
 30
0.0
 10
-3141.5015
 20
-955.1304
 30
0.0
 10
-3141.5119
 20
-954.6613
 30
0.0
 10
-3141.3252
 20
-954.2683
 30
0.0
 10
-3141.1006
 20
-953.7956
 30
0.0
 10
-3140.7305
 20
-953.4437
 30
0.0
 10
-3140.1836
 20
-953.4317
 30
0.0
 10
-3139.9667
 20
-953.427
 30
0.0
 10
-3139.777
 20
-953.4741
 30
0.0
 10
-3139.5883
 20
-953.5412
 30
0.0
 10
-3139.6014
 20
-953.4997
 30
0.0
 10
-3139.6167
 20
-953.4574
 30
0.0
 10
-3139.6352
 20
-953.4126
 30
0.0
 10
-3139.9022
 20
-952.7655
 30
0.0
 10
-3140.3723
 20
-952.1565
 30
0.0
 10
-3140.7711
 20
-951.5853
 30
0.0
 10
-3140.8332
 20
-951.4962
 30
0.0
 10
-3140.9019
 20
-951.3988
 30
0.0
 10
-3140.9708
 20
-951.2951
 30
0.0
  0
SPLINE
  5
68
330
1F
100
AcDbEntity
  8
Layer 1
 62
     1
370
     9
100
AcDbSpline
210
0.0
220
0.0
230
1.0
 70
    11
 71
     3
 72
    74
 73
    70
 74
     0
 42
0.0000000001
 43
0.0000000001
 40
0.0
 40
0.0
 40
0.0
 40
0.0
 40
0.0434782608695652
 40
0.0434782608695652
 40
0.0434782608695652
 40
0.0869565217391304
 40
0.0869565217391304
 40
0.0869565217391304
 40
0.1304347826086956
 40
0.1304347826086956
 40
0.1304347826086956
 40
0.1739130434782609
 40
0.1739130434782609
 40
0.1739130434782609
 40
0.2173913043478261
 40
0.2173913043478261
 40
0.2173913043478261
 40
0.2608695652173913
 40
0.2608695652173913
 40
0.2608695652173913
 40
0.3043478260869565
 40
0.3043478260869565
 40
0.3043478260869565
 40
0.3478260869565217
 40
0.3478260869565217
 40
0.3478260869565217
 40
0.3913043478260869
 40
0.3913043478260869
 40
0.3913043478260869
 40
0.4347826086956522
 40
0.4347826086956522
 40
0.4347826086956522
 40
0.4782608695652174
 40
0.4782608695652174
 40
0.4782608695652174
 40
0.5217391304347826
 40
0.5217391304347826
 40
0.5217391304347826
 40
0.5652173913043478
 40
0.5652173913043478
 40
0.5652173913043478
 40
0.6086956521739131
 40
0.6086956521739131
 40
0.6086956521739131
 40
0.6521739130434783
 40
0.6521739130434783
 40
0.6521739130434783
 40
0.6956521739130435
 40
0.6956521739130435
 40
0.6956521739130435
 40
0.7391304347826086
 40
0.7391304347826086
 40
0.7391304347826086
 40
0.7826086956521738
 40
0.7826086956521738
 40
0.7826086956521738
 40
0.8260869565217391
 40
0.8260869565217391
 40
0.8260869565217391
 40
0.8695652173913043
 40
0.8695652173913043
 40
0.8695652173913043
 40
0.9130434782608695
 40
0.9130434782608695
 40
0.9130434782608695
 40
0.9565217391304348
 40
0.9565217391304348
 40
0.9565217391304348
 40
1.0
 40
1.0
 40
1.0
 40
1.0
 10
-2989.8804
 20
-955.3874
 30
0.0
 10
-2990.1466
 20
-955.1737
 30
0.0
 10
-2990.2839
 20
-954.8307
 30
0.0
 10
-2990.2236
 20
-954.4797
 30
0.0
 10
-2990.1599
 20
-954.1089
 30
0.0
 10
-2990.0273
 20
-953.7707
 30
0.0
 10
-2989.8808
 20
-953.4267
 30
0.0
 10
-2989.7573
 20
-953.1367
 30
0.0
 10
-2989.5116
 20
-952.9334
 30
0.0
 10
-2989.2041
 20
-952.8644
 30
0.0
 10
-2989.1556
 20
-952.8535
 30
0.0
 10
-2989.1069
 20
-952.8464
 30
0.0
 10
-2989.0585
 20
-952.8428
 30
0.0
 10
-2989.2492
 20
-952.3295
 30
0.0
 10
-2989.1293
 20
-951.7328
 30
0.0
 10
-2988.7129
 20
-951.3311
 30
0.0
 10
-2988.548
 20
-951.1721
 30
0.0
 10
-2988.3659
 20
-951.0315
 30
0.0
 10
-2988.1699
 20
-950.9128
 30
0.0
 10
-2988.0218
 20
-950.8232
 30
0.0
 10
-2987.8658
 20
-950.747
 30
0.0
 10
-2987.7043
 20
-950.6846
 30
0.0
 10
-2987.2471
 20
-950.5082
 30
0.0
 10
-2986.7555
 20
-950.5688
 30
0.0
 10
-2986.3555
 20
-950.8522
 30
0.0
 10
-2986.2766
 20
-950.9082
 30
0.0
 10
-2986.2046
 20
-950.9706
 30
0.0
 10
-2986.1401
 20
-951.0386
 30
0.0
 10
-2986.073
 20
-950.965
 30
0.0
 10
-2985.9935
 20
-950.9012
 30
0.0
 10
-2985.9032
 20
-950.8494
 30
0.0
 10
-2985.6382
 20
-950.6975
 30
0.0
 10
-2985.3289
 20
-950.6784
 30
0.0
 10
-2985.0471
 20
-950.7962
 30
0.0
 10
-2984.4976
 20
-951.026
 30
0.0
 10
-2984.0268
 20
-951.3729
 30
0.0
 10
-2983.5727
 20
-951.7528
 30
0.0
 10
-2983.3052
 20
-951.9766
 30
0.0
 10
-2983.1842
 20
-952.3156
 30
0.0
 10
-2983.2412
 20
-952.6467
 30
0.0
 10
-2983.1586
 20
-952.58
 30
0.0
 10
-2983.0593
 20
-952.5439
 30
0.0
 10
-2982.9472
 20
-952.5404
 30
0.0
 10
-2982.7977
 20
-952.5356
 30
0.0
 10
-2982.6671
 20
-952.59
 30
0.0
 10
-2982.5651
 20
-952.6995
 30
0.0
 10
-2981.8153
 20
-953.5055
 30
0.0
 10
-2981.1842
 20
-954.4328
 30
0.0
 10
-2980.6765
 20
-955.4084
 30
0.0
 10
-2979.8106
 20
-957.072
 30
0.0
 10
-2979.2199
 20
-959.0564
 30
0.0
 10
-2979.2677
 20
-960.9448
 30
0.0
 10
-2979.3046
 20
-962.4041
 30
0.0
 10
-2979.7564
 20
-964.0398
 30
0.0
 10
-2981.0839
 20
-964.8409
 30
0.0
 10
-2982.4021
 20
-965.6364
 30
0.0
 10
-2983.9528
 20
-965.23
 30
0.0
 10
-2985.1845
 20
-964.4674
 30
0.0
 10
-2986.7503
 20
-963.4979
 30
0.0
 10
-2988.0103
 20
-961.8853
 30
0.0
 10
-2988.8518
 20
-960.2687
 30
0.0
 10
-2989.5506
 20
-958.9263
 30
0.0
 10
-2990.0511
 20
-957.4217
 30
0.0
 10
-2990.2107
 20
-955.9131
 30
0.0
 10
-2990.2274
 20
-955.7554
 30
0.0
 10
-2990.1758
 20
-955.6126
 30
0.0
 10
-2990.0621
 20
-955.502
 30
0.0
 10
-2990.0078
 20
-955.4493
 30
0.0
 10
-2989.9466
 20
-955.4108
 30
0.0
 10
-2989.8804
 20
-955.3874
 30
0.0
  0
SPLINE
  5
69
330
1F
100
AcDbEntity
  8
Layer 1
 62
     1
370
     9
100
AcDbSpline
210
0.0
220
0.0
230
1.0
 70
    11
 71
     3
 72
    74
 73
    70
 74
     0
 42
0.0000000001
 43
0.0000000001
 40
0.0
 40
0.0
 40
0.0
 40
0.0
 40
0.0434782608695652
 40
0.0434782608695652
 40
0.0434782608695652
 40
0.0869565217391304
 40
0.0869565217391304
 40
0.0869565217391304
 40
0.1304347826086956
 40
0.1304347826086956
 40
0.1304347826086956
 40
0.1739130434782609
 40
0.1739130434782609
 40
0.1739130434782609
 40
0.2173913043478261
 40
0.2173913043478261
 40
0.2173913043478261
 40
0.2608695652173913
 40
0.2608695652173913
 40
0.2608695652173913
 40
0.3043478260869565
 40
0.3043478260869565
 40
0.3043478260869565
 40
0.3478260869565217
 40
0.3478260869565217
 40
0.3478260869565217
 40
0.3913043478260869
 40
0.3913043478260869
 40
0.3913043478260869
 40
0.4347826086956522
 40
0.4347826086956522
 40
0.4347826086956522
 40
0.4782608695652174
 40
0.4782608695652174
 40
0.4782608695652174
 40
0.5217391304347826
 40
0.5217391304347826
 40
0.5217391304347826
 40
0.5652173913043478
 40
0.5652173913043478
 40
0.5652173913043478
 40
0.6086956521739131
 40
0.6086956521739131
 40
0.6086956521739131
 40
0.6521739130434783
 40
0.6521739130434783
 40
0.6521739130434783
 40
0.6956521739130435
 40
0.6956521739130435
 40
0.6956521739130435
 40
0.7391304347826086
 40
0.7391304347826086
 40
0.7391304347826086
 40
0.7826086956521738
 40
0.7826086956521738
 40
0.7826086956521738
 40
0.8260869565217391
 40
0.8260869565217391
 40
0.8260869565217391
 40
0.8695652173913043
 40
0.8695652173913043
 40
0.8695652173913043
 40
0.9130434782608695
 40
0.9130434782608695
 40
0.9130434782608695
 40
0.9565217391304348
 40
0.9565217391304348
 40
0.9565217391304348
 40
1.0
 40
1.0
 40
1.0
 40
1.0
 10
-2961.4258
 20
-913.8192
 30
0.0
 10
-2961.3418
 20
-913.2761
 30
0.0
 10
-2960.9428
 20
-912.8127
 30
0.0
 10
-2960.3829
 20
-912.663
 30
0.0
 10
-2960.1611
 20
-912.6037
 30
0.0
 10
-2959.9334
 20
-912.5685
 30
0.0
 10
-2959.7039
 20
-912.5594
 30
0.0
 10
-2959.5308
 20
-912.5525
 30
0.0
 10
-2959.3572
 20
-912.561
 30
0.0
 10
-2959.1855
 20
-912.5844
 30
0.0
 10
-2958.6992
 20
-912.6506
 30
0.0
 10
-2958.2985
 20
-912.9404
 30
0.0
 10
-2958.0871
 20
-913.3836
 30
0.0
 10
-2958.0461
 20
-913.4696
 30
0.0
 10
-2958.0142
 20
-913.5576
 30
0.0
 10
-2957.9912
 20
-913.6467
 30
0.0
 10
-2957.897
 20
-913.615
 30
0.0
 10
-2957.7967
 20
-913.5977
 30
0.0
 10
-2957.6929
 20
-913.5961
 30
0.0
 10
-2957.3868
 20
-913.5912
 30
0.0
 10
-2957.1072
 20
-913.7233
 30
0.0
 10
-2956.9177
 20
-913.9638
 30
0.0
 10
-2956.5503
 20
-914.4301
 30
0.0
 10
-2956.3097
 20
-914.9604
 30
0.0
 10
-2956.0998
 20
-915.5117
 30
0.0
 10
-2955.9767
 20
-915.835
 30
0.0
 10
-2956.0363
 20
-916.1866
 30
0.0
 10
-2956.244
 20
-916.4468
 30
0.0
 10
-2956.1415
 20
-916.4306
 30
0.0
 10
-2956.0394
 20
-916.4479
 30
0.0
 10
-2955.9418
 20
-916.4984
 30
0.0
 10
-2955.8085
 20
-916.5673
 30
0.0
 10
-2955.7209
 20
-916.679
 30
0.0
 10
-2955.6856
 20
-916.8248
 30
0.0
 10
-2955.4271
 20
-917.8914
 30
0.0
 10
-2955.3329
 20
-919.0062
 30
0.0
 10
-2955.3697
 20
-920.102
 30
0.0
 10
-2955.4326
 20
-921.9775
 30
0.0
 10
-2955.8957
 20
-923.9936
 30
0.0
 10
-2956.8647
 20
-925.6159
 30
0.0
 10
-2957.6148
 20
-926.8717
 30
0.0
 10
-2958.8127
 20
-928.0804
 30
0.0
 10
-2960.3635
 20
-928.1404
 30
0.0
 10
-2961.8991
 20
-928.1998
 30
0.0
 10
-2963.06
 20
-927.101
 30
0.0
 10
-2963.7634
 20
-925.8359
 30
0.0
 10
-2964.6555
 20
-924.2316
 30
0.0
 10
-2964.9611
 20
-922.2136
 30
0.0
 10
-2964.9002
 20
-920.3986
 30
0.0
 10
-2964.8495
 20
-918.8864
 30
0.0
 10
-2964.5447
 20
-917.3316
 30
0.0
 10
-2963.9426
 20
-915.9397
 30
0.0
 10
-2963.8799
 20
-915.7948
 30
0.0
 10
-2963.7657
 20
-915.6962
 30
0.0
 10
-2963.6132
 20
-915.6553
 30
0.0
 10
-2963.5385
 20
-915.6352
 30
0.0
 10
-2963.4647
 20
-915.6318
 30
0.0
 10
-2963.394
 20
-915.6446
 30
0.0
 10
-2963.5233
 20
-915.3275
 30
0.0
 10
-2963.4743
 20
-914.9604
 30
0.0
 10
-2963.2487
 20
-914.6827
 30
0.0
 10
-2963.0109
 20
-914.3899
 30
0.0
 10
-2962.7289
 20
-914.1587
 30
0.0
 10
-2962.4324
 20
-913.9293
 30
0.0
 10
-2962.1837
 20
-913.7369
 30
0.0
 10
-2961.8708
 20
-913.6779
 30
0.0
 10
-2961.569
 20
-913.7655
 30
0.0
 10
-2961.5192
 20
-913.78
 30
0.0
 10
-2961.4714
 20
-913.7979
 30
0.0
 10
-2961.4258
 20
-913.8192
 30
0.0
  0
SPLINE
  5
6A
330
1F
100
AcDbEntity
  8
Layer 1
 62
     1
370
     9
100
AcDbSpline
210
0.0
220
0.0
230
1.0
 70
    11
 71
     3
 72
    74
 73
    70
 74
     0
 42
0.0000000001
 43
0.0000000001
 40
0.0
 40
0.0
 40
0.0
 40
0.0
 40
0.0434782608695652
 40
0.0434782608695652
 40
0.0434782608695652
 40
0.0869565217391304
 40
0.0869565217391304
 40
0.0869565217391304
 40
0.1304347826086956
 40
0.1304347826086956
 40
0.1304347826086956
 40
0.1739130434782609
 40
0.1739130434782609
 40
0.1739130434782609
 40
0.2173913043478261
 40
0.2173913043478261
 40
0.2173913043478261
 40
0.2608695652173913
 40
0.2608695652173913
 40
0.2608695652173913
 40
0.3043478260869565
 40
0.3043478260869565
 40
0.3043478260869565
 40
0.3478260869565217
 40
0.3478260869565217
 40
0.3478260869565217
 40
0.3913043478260869
 40
0.3913043478260869
 40
0.3913043478260869
 40
0.4347826086956522
 40
0.4347826086956522
 40
0.4347826086956522
 40
0.4782608695652174
 40
0.4782608695652174
 40
0.4782608695652174
 40
0.5217391304347826
 40
0.5217391304347826
 40
0.5217391304347826
 40
0.5652173913043478
 40
0.5652173913043478
 40
0.5652173913043478
 40
0.6086956521739131
 40
0.6086956521739131
 40
0.6086956521739131
 40
0.6521739130434783
 40
0.6521739130434783
 40
0.6521739130434783
 40
0.6956521739130435
 40
0.6956521739130435
 40
0.6956521739130435
 40
0.7391304347826086
 40
0.7391304347826086
 40
0.7391304347826086
 40
0.7826086956521738
 40
0.7826086956521738
 40
0.7826086956521738
 40
0.8260869565217391
 40
0.8260869565217391
 40
0.8260869565217391
 40
0.8695652173913043
 40
0.8695652173913043
 40
0.8695652173913043
 40
0.9130434782608695
 40
0.9130434782608695
 40
0.9130434782608695
 40
0.9565217391304348
 40
0.9565217391304348
 40
0.9565217391304348
 40
1.0
 40
1.0
 40
1.0
 40
1.0
 10
-3129.736
 20
-952.6467
 30
0.0
 10
-3129.793
 20
-952.3157
 30
0.0
 10
-3129.672
 20
-951.9767
 30
0.0
 10
-3129.4045
 20
-951.7529
 30
0.0
 10
-3128.9504
 20
-951.373
 30
0.0
 10
-3128.4797
 20
-951.026
 30
0.0
 10
-3127.9301
 20
-950.7962
 30
0.0
 10
-3127.6483
 20
-950.6784
 30
0.0
 10
-3127.3392
 20
-950.6976
 30
0.0
 10
-3127.0742
 20
-950.8493
 30
0.0
 10
-3126.9838
 20
-950.9011
 30
0.0
 10
-3126.9042
 20
-950.965
 30
0.0
 10
-3126.8371
 20
-951.0386
 30
0.0
 10
-3126.7726
 20
-950.9706
 30
0.0
 10
-3126.7006
 20
-950.9082
 30
0.0
 10
-3126.6217
 20
-950.8522
 30
0.0
 10
-3126.2218
 20
-950.5689
 30
0.0
 10
-3125.7302
 20
-950.5081
 30
0.0
 10
-3125.273
 20
-950.6845
 30
0.0
 10
-3125.1115
 20
-950.7468
 30
0.0
 10
-3124.9557
 20
-950.8232
 30
0.0
 10
-3124.8077
 20
-950.9127
 30
0.0
 10
-3124.6114
 20
-951.0313
 30
0.0
 10
-3124.4294
 20
-951.1719
 30
0.0
 10
-3124.2643
 20
-951.3311
 30
0.0
 10
-3123.8478
 20
-951.7327
 30
0.0
 10
-3123.7279
 20
-952.3295
 30
0.0
 10
-3123.9187
 20
-952.8428
 30
0.0
 10
-3123.8703
 20
-952.8464
 30
0.0
 10
-3123.8217
 20
-952.8535
 30
0.0
 10
-3123.7732
 20
-952.8644
 30
0.0
 10
-3123.4657
 20
-952.9333
 30
0.0
 10
-3123.2197
 20
-953.1367
 30
0.0
 10
-3123.0962
 20
-953.4268
 30
0.0
 10
-3122.9498
 20
-953.7709
 30
0.0
 10
-3122.8171
 20
-954.109
 30
0.0
 10
-3122.7536
 20
-954.4799
 30
0.0
 10
-3122.6935
 20
-954.8308
 30
0.0
 10
-3122.8307
 20
-955.1738
 30
0.0
 10
-3123.0968
 20
-955.3874
 30
0.0
 10
-3123.0306
 20
-955.4109
 30
0.0
 10
-3122.9694
 20
-955.4493
 30
0.0
 10
-3122.9152
 20
-955.5021
 30
0.0
 10
-3122.8015
 20
-955.6127
 30
0.0
 10
-3122.7499
 20
-955.7554
 30
0.0
 10
-3122.7666
 20
-955.9131
 30
0.0
 10
-3122.9262
 20
-957.4216
 30
0.0
 10
-3123.4265
 20
-958.9263
 30
0.0
 10
-3124.1253
 20
-960.2687
 30
0.0
 10
-3124.9668
 20
-961.8853
 30
0.0
 10
-3126.2269
 20
-963.4979
 30
0.0
 10
-3127.7928
 20
-964.4674
 30
0.0
 10
-3129.0245
 20
-965.23
 30
0.0
 10
-3130.5752
 20
-965.6364
 30
0.0
 10
-3131.8934
 20
-964.8409
 30
0.0
 10
-3133.2208
 20
-964.0398
 30
0.0
 10
-3133.6726
 20
-962.404
 30
0.0
 10
-3133.7095
 20
-960.9447
 30
0.0
 10
-3133.7573
 20
-959.0564
 30
0.0
 10
-3133.1667
 20
-957.072
 30
0.0
 10
-3132.3008
 20
-955.4083
 30
0.0
 10
-3131.7931
 20
-954.4329
 30
0.0
 10
-3131.162
 20
-953.5054
 30
0.0
 10
-3130.412
 20
-952.6995
 30
0.0
 10
-3130.3101
 20
-952.5899
 30
0.0
 10
-3130.1795
 20
-952.5356
 30
0.0
 10
-3130.0299
 20
-952.5404
 30
0.0
 10
-3129.9179
 20
-952.544
 30
0.0
 10
-3129.8186
 20
-952.58
 30
0.0
 10
-3129.736
 20
-952.6467
 30
0.0
  0
SPLINE
  5
6B
330
1F
100
AcDbEntity
  8
Layer 1
 62
     1
370
     9
100
AcDbSpline
210
0.0
220
0.0
230
1.0
 70
    11
 71
     3
 72
    74
 73
    70
 74
     0
 42
0.0000000001
 43
0.0000000001
 40
0.0
 40
0.0
 40
0.0
 40
0.0
 40
0.0434782608695652
 40
0.0434782608695652
 40
0.0434782608695652
 40
0.0869565217391304
 40
0.0869565217391304
 40
0.0869565217391304
 40
0.1304347826086956
 40
0.1304347826086956
 40
0.1304347826086956
 40
0.1739130434782609
 40
0.1739130434782609
 40
0.1739130434782609
 40
0.2173913043478261
 40
0.2173913043478261
 40
0.2173913043478261
 40
0.2608695652173913
 40
0.2608695652173913
 40
0.2608695652173913
 40
0.3043478260869565
 40
0.3043478260869565
 40
0.3043478260869565
 40
0.3478260869565217
 40
0.3478260869565217
 40
0.3478260869565217
 40
0.3913043478260869
 40
0.3913043478260869
 40
0.3913043478260869
 40
0.4347826086956522
 40
0.4347826086956522
 40
0.4347826086956522
 40
0.4782608695652174
 40
0.4782608695652174
 40
0.4782608695652174
 40
0.5217391304347826
 40
0.5217391304347826
 40
0.5217391304347826
 40
0.5652173913043478
 40
0.5652173913043478
 40
0.5652173913043478
 40
0.6086956521739131
 40
0.6086956521739131
 40
0.6086956521739131
 40
0.6521739130434783
 40
0.6521739130434783
 40
0.6521739130434783
 40
0.6956521739130435
 40
0.6956521739130435
 40
0.6956521739130435
 40
0.7391304347826086
 40
0.7391304347826086
 40
0.7391304347826086
 40
0.7826086956521738
 40
0.7826086956521738
 40
0.7826086956521738
 40
0.8260869565217391
 40
0.8260869565217391
 40
0.8260869565217391
 40
0.8695652173913043
 40
0.8695652173913043
 40
0.8695652173913043
 40
0.9130434782608695
 40
0.9130434782608695
 40
0.9130434782608695
 40
0.9565217391304348
 40
0.9565217391304348
 40
0.9565217391304348
 40
1.0
 40
1.0
 40
1.0
 40
1.0
 10
-3156.7332
 20
-916.4468
 30
0.0
 10
-3156.9409
 20
-916.1866
 30
0.0
 10
-3157.0005
 20
-915.835
 30
0.0
 10
-3156.8774
 20
-915.5117
 30
0.0
 10
-3156.6675
 20
-914.9604
 30
0.0
 10
-3156.427
 20
-914.4299
 30
0.0
 10
-3156.0594
 20
-913.9637
 30
0.0
 10
-3155.8699
 20
-913.7233
 30
0.0
 10
-3155.5903
 20
-913.5912
 30
0.0
 10
-3155.2842
 20
-913.5961
 30
0.0
 10
-3155.1804
 20
-913.5977
 30
0.0
 10
-3155.0801
 20
-913.615
 30
0.0
 10
-3154.9859
 20
-913.6468
 30
0.0
 10
-3154.9629
 20
-913.5577
 30
0.0
 10
-3154.931
 20
-913.4696
 30
0.0
 10
-3154.89
 20
-913.3837
 30
0.0
 10
-3154.6786
 20
-912.9404
 30
0.0
 10
-3154.278
 20
-912.6506
 30
0.0
 10
-3153.7916
 20
-912.5844
 30
0.0
 10
-3153.62
 20
-912.561
 30
0.0
 10
-3153.4464
 20
-912.5525
 30
0.0
 10
-3153.2733
 20
-912.5594
 30
0.0
 10
-3153.0438
 20
-912.5685
 30
0.0
 10
-3152.8161
 20
-912.6035
 30
0.0
 10
-3152.5942
 20
-912.6629
 30
0.0
 10
-3152.0342
 20
-912.8126
 30
0.0
 10
-3151.6354
 20
-913.2761
 30
0.0
 10
-3151.5515
 20
-913.8192
 30
0.0
 10
-3151.5058
 20
-913.798
 30
0.0
 10
-3151.4581
 20
-913.78
 30
0.0
 10
-3151.4084
 20
-913.7656
 30
0.0
 10
-3151.1066
 20
-913.6778
 30
0.0
 10
-3150.7936
 20
-913.7368
 30
0.0
 10
-3150.5449
 20
-913.9292
 30
0.0
 10
-3150.2483
 20
-914.1586
 30
0.0
 10
-3149.9662
 20
-914.3897
 30
0.0
 10
-3149.7284
 20
-914.6827
 30
0.0
 10
-3149.503
 20
-914.9604
 30
0.0
 10
-3149.4539
 20
-915.3275
 30
0.0
 10
-3149.5832
 20
-915.6446
 30
0.0
 10
-3149.5125
 20
-915.6318
 30
0.0
 10
-3149.4387
 20
-915.6352
 30
0.0
 10
-3149.364
 20
-915.6553
 30
0.0
 10
-3149.2115
 20
-915.6962
 30
0.0
 10
-3149.0973
 20
-915.7948
 30
0.0
 10
-3149.0346
 20
-915.9397
 30
0.0
 10
-3148.4324
 20
-917.3316
 30
0.0
 10
-3148.1277
 20
-918.8864
 30
0.0
 10
-3148.077
 20
-920.3986
 30
0.0
 10
-3148.0161
 20
-922.2136
 30
0.0
 10
-3148.3218
 20
-924.2316
 30
0.0
 10
-3149.2138
 20
-925.8358
 30
0.0
 10
-3149.9173
 20
-927.1009
 30
0.0
 10
-3151.0781
 20
-928.1998
 30
0.0
 10
-3152.6137
 20
-928.1404
 30
0.0
 10
-3154.1644
 20
-928.0804
 30
0.0
 10
-3155.3624
 20
-926.8716
 30
0.0
 10
-3156.1125
 20
-925.6159
 30
0.0
 10
-3157.0815
 20
-923.9936
 30
0.0
 10
-3157.5446
 20
-921.9775
 30
0.0
 10
-3157.6076
 20
-920.102
 30
0.0
 10
-3157.6444
 20
-919.0062
 30
0.0
 10
-3157.5501
 20
-917.8915
 30
0.0
 10
-3157.2916
 20
-916.8248
 30
0.0
 10
-3157.2563
 20
-916.679
 30
0.0
 10
-3157.1687
 20
-916.5673
 30
0.0
 10
-3157.0354
 20
-916.4984
 30
0.0
 10
-3156.9379
 20
-916.4479
 30
0.0
 10
-3156.8357
 20
-916.4306
 30
0.0
 10
-3156.7332
 20
-916.4468
 30
0.0
  0
SPLINE
  5
6C
330
1F
100
AcDbEntity
  8
Layer 1
 62
     5
370
     9
100
AcDbSpline
210
0.0
220
0.0
230
1.0
 70
    11
 71
     3
 72
    74
 73
    70
 74
     0
 42
0.0000000001
 43
0.0000000001
 40
0.0
 40
0.0
 40
0.0
 40
0.0
 40
0.0434782608695652
 40
0.0434782608695652
 40
0.0434782608695652
 40
0.0869565217391304
 40
0.0869565217391304
 40
0.0869565217391304
 40
0.1304347826086956
 40
0.1304347826086956
 40
0.1304347826086956
 40
0.1739130434782609
 40
0.1739130434782609
 40
0.1739130434782609
 40
0.2173913043478261
 40
0.2173913043478261
 40
0.2173913043478261
 40
0.2608695652173913
 40
0.2608695652173913
 40
0.2608695652173913
 40
0.3043478260869565
 40
0.3043478260869565
 40
0.3043478260869565
 40
0.3478260869565217
 40
0.3478260869565217
 40
0.3478260869565217
 40
0.3913043478260869
 40
0.3913043478260869
 40
0.3913043478260869
 40
0.4347826086956522
 40
0.4347826086956522
 40
0.4347826086956522
 40
0.4782608695652174
 40
0.4782608695652174
 40
0.4782608695652174
 40
0.5217391304347826
 40
0.5217391304347826
 40
0.5217391304347826
 40
0.5652173913043478
 40
0.5652173913043478
 40
0.5652173913043478
 40
0.6086956521739131
 40
0.6086956521739131
 40
0.6086956521739131
 40
0.6521739130434783
 40
0.6521739130434783
 40
0.6521739130434783
 40
0.6956521739130435
 40
0.6956521739130435
 40
0.6956521739130435
 40
0.7391304347826086
 40
0.7391304347826086
 40
0.7391304347826086
 40
0.7826086956521738
 40
0.7826086956521738
 40
0.7826086956521738
 40
0.8260869565217391
 40
0.8260869565217391
 40
0.8260869565217391
 40
0.8695652173913043
 40
0.8695652173913043
 40
0.8695652173913043
 40
0.9130434782608695
 40
0.9130434782608695
 40
0.9130434782608695
 40
0.9565217391304348
 40
0.9565217391304348
 40
0.9565217391304348
 40
1.0
 40
1.0
 40
1.0
 40
1.0
 10
-2978.7167
 20
-921.7255
 30
0.0
 10
-2978.399
 20
-920.4043
 30
0.0
 10
-2976.5216
 20
-919.439
 30
0.0
 10
-2974.4759
 20
-919.7751
 30
0.0
 10
-2971.8882
 20
-920.2003
 30
0.0
 10
-2972.72
 20
-921.5398
 30
0.0
 10
-2972.3335
 20
-922.3049
 30
0.0
 10
-2972.0826
 20
-922.8016
 30
0.0
 10
-2971.8269
 20
-922.5639
 30
0.0
 10
-2971.3193
 20
-922.8404
 30
0.0
 10
-2971.6201
 20
-923.2526
 30
0.0
 10
-2972.4097
 20
-923.85
 30
0.0
 10
-2972.5226
 20
-924.4502
 30
0.0
 10
-2972.6925
 20
-925.353
 30
0.0
 10
-2972.0157
 20
-925.4525
 30
0.0
 10
-2971.5838
 20
-925.5543
 30
0.0
 10
-2971.054
 20
-925.6793
 30
0.0
 10
-2971.2043
 20
-925.5961
 30
0.0
 10
-2970.9735
 20
-925.7998
 30
0.0
 10
-2971.4648
 20
-926.0263
 30
0.0
 10
-2971.4517
 20
-926.1869
 30
0.0
 10
-2971.8862
 20
-926.4562
 30
0.0
 10
-2973.1597
 20
-927.2454
 30
0.0
 10
-2975.1073
 20
-927.4483
 30
0.0
 10
-2975.1971
 20
-928.111
 30
0.0
 10
-2974.8653
 20
-929.5047
 30
0.0
 10
-2972.4031
 20
-928.9261
 30
0.0
 10
-2971.2215
 20
-928.9625
 30
0.0
 10
-2971.2216
 20
-928.9626
 30
0.0
 10
-2973.9064
 20
-931.4338
 30
0.0
 10
-2973.4744
 20
-932.5646
 30
0.0
 10
-2973.2639
 20
-933.1157
 30
0.0
 10
-2972.7864
 20
-933.0522
 30
0.0
 10
-2972.1103
 20
-933.2695
 30
0.0
 10
-2972.4058
 20
-934.1254
 30
0.0
 10
-2972.9683
 20
-935.3155
 30
0.0
 10
-2972.5311
 20
-936.3747
 30
0.0
 10
-2972.2512
 20
-937.0525
 30
0.0
 10
-2971.8785
 20
-937.0016
 30
0.0
 10
-2971.4173
 20
-937.3299
 30
0.0
 10
-2970.8772
 20
-937.7144
 30
0.0
 10
-2970.3342
 20
-942.2221
 30
0.0
 10
-2966.0397
 20
-942.4351
 30
0.0
 10
-2963.3714
 20
-942.5673
 30
0.0
 10
-2961.5087
 20
-940.4052
 30
0.0
 10
-2962.6722
 20
-938.1036
 30
0.0
 10
-2963.6465
 20
-936.1764
 30
0.0
 10
-2967.4457
 20
-936.1822
 30
0.0
 10
-2966.8884
 20
-939.2888
 30
0.0
 10
-2968.1711
 20
-938.3313
 30
0.0
 10
-2967.2681
 20
-935.9191
 30
0.0
 10
-2967.6525
 20
-934.9834
 30
0.0
 10
-2967.9277
 20
-934.3133
 30
0.0
 10
-2968.3437
 20
-934.4935
 30
0.0
 10
-2968.7266
 20
-934.1666
 30
0.0
 10
-2967.1588
 20
-930.1904
 30
0.0
 10
-2966.7833
 20
-924.2628
 30
0.0
 10
-2968.2963
 20
-920.1742
 30
0.0
 10
-2970.1148
 20
-915.2599
 30
0.0
 10
-2976.1572
 20
-914.5613
 30
0.0
 10
-2980.0385
 20
-917.0908
 30
0.0
 10
-2983.5798
 20
-919.3988
 30
0.0
 10
-2984.1137
 20
-926.1736
 30
0.0
 10
-2978.9463
 20
-927.5405
 30
0.0
 10
-2974.3638
 20
-928.7527
 30
0.0
 10
-2971.8894
 20
-923.4044
 30
0.0
 10
-2975.2597
 20
-921.451
 30
0.0
 10
-2976.6157
 20
-920.6651
 30
0.0
 10
-2977.7456
 20
-921.1992
 30
0.0
 10
-2978.7167
 20
-921.7255
 30
0.0
  0
SPLINE
  5
6D
330
1F
100
AcDbEntity
  8
Layer 1
 62
     5
370
     9
100
AcDbSpline
210
0.0
220
0.0
230
1.0
 70
    11
 71
     3
 72
    89
 73
    85
 74
     0
 42
0.0000000001
 43
0.0000000001
 40
0.0
 40
0.0
 40
0.0
 40
0.0
 40
0.0357142857142857
 40
0.0357142857142857
 40
0.0357142857142857
 40
0.0714285714285714
 40
0.0714285714285714
 40
0.0714285714285714
 40
0.1071428571428571
 40
0.1071428571428571
 40
0.1071428571428571
 40
0.1428571428571428
 40
0.1428571428571428
 40
0.1428571428571428
 40
0.1785714285714285
 40
0.1785714285714285
 40
0.1785714285714285
 40
0.2142857142857143
 40
0.2142857142857143
 40
0.2142857142857143
 40
0.25
 40
0.25
 40
0.25
 40
0.2857142857142857
 40
0.2857142857142857
 40
0.2857142857142857
 40
0.3214285714285714
 40
0.3214285714285714
 40
0.3214285714285714
 40
0.3571428571428571
 40
0.3571428571428571
 40
0.3571428571428571
 40
0.3928571428571428
 40
0.3928571428571428
 40
0.3928571428571428
 40
0.4285714285714285
 40
0.4285714285714285
 40
0.4285714285714285
 40
0.4642857142857142
 40
0.4642857142857142
 40
0.4642857142857142
 40
0.5
 40
0.5
 40
0.5
 40
0.5357142857142857
 40
0.5357142857142857
 40
0.5357142857142857
 40
0.5714285714285714
 40
0.5714285714285714
 40
0.5714285714285714
 40
0.6071428571428571
 40
0.6071428571428571
 40
0.6071428571428571
 40
0.6428571428571428
 40
0.6428571428571428
 40
0.6428571428571428
 40
0.6785714285714285
 40
0.6785714285714285
 40
0.6785714285714285
 40
0.7142857142857142
 40
0.7142857142857142
 40
0.7142857142857142
 40
0.75
 40
0.75
 40
0.75
 40
0.7857142857142857
 40
0.7857142857142857
 40
0.7857142857142857
 40
0.8214285714285714
 40
0.8214285714285714
 40
0.8214285714285714
 40
0.8571428571428571
 40
0.8571428571428571
 40
0.8571428571428571
 40
0.8928571428571428
 40
0.8928571428571428
 40
0.8928571428571428
 40
0.9285714285714285
 40
0.9285714285714285
 40
0.9285714285714285
 40
0.9642857142857142
 40
0.9642857142857142
 40
0.9642857142857142
 40
1.0
 40
1.0
 40
1.0
 40
1.0
 10
-2977.6387
 20
-947.5592
 30
0.0
 10
-2977.6331
 20
-947.1599
 30
0.0
 10
-2977.6342
 20
-946.7612
 30
0.0
 10
-2977.6724
 20
-946.3659
 30
0.0
 10
-2977.7193
 20
-945.8813
 30
0.0
 10
-2977.8218
 20
-945.4021
 30
0.0
 10
-2978.0517
 20
-944.9419
 30
0.0
 10
-2978.2816
 20
-944.4818
 30
0.0
 10
-2978.6389
 20
-944.0408
 30
0.0
 10
-2979.1252
 20
-943.7487
 30
0.0
 10
-2979.6116
 20
-943.4565
 30
0.0
 10
-2980.227
 20
-943.3131
 30
0.0
 10
-2980.6037
 20
-943.3428
 30
0.0
 10
-2980.9804
 20
-943.3726
 30
0.0
 10
-2981.1184
 20
-943.5755
 30
0.0
 10
-2981.0604
 20
-943.8242
 30
0.0
 10
-2981.0023
 20
-944.0728
 30
0.0
 10
-2980.7481
 20
-944.3671
 30
0.0
 10
-2980.4941
 20
-944.6614
 30
0.0
 10
-2980.529
 20
-944.6633
 30
0.0
 10
-2980.565
 20
-944.6644
 30
0.0
 10
-2980.6024
 20
-944.6644
 30
0.0
 10
-2981.2678
 20
-944.6642
 30
0.0
 10
-2984.3689
 20
-941.3181
 30
0.0
 10
-2987.9812
 20
-943.6254
 30
0.0
 10
-2990.2257
 20
-945.059
 30
0.0
 10
-2990.4619
 20
-947.8902
 30
0.0
 10
-2988.1589
 20
-949.0869
 30
0.0
 10
-2986.2305
 20
-950.0888
 30
0.0
 10
-2983.1495
 20
-947.89
 30
0.0
 10
-2985.4354
 20
-945.6895
 30
0.0
 10
-2983.8289
 20
-945.7262
 30
0.0
 10
-2983.1384
 20
-948.2061
 30
0.0
 10
-2982.274
 20
-948.7438
 30
0.0
 10
-2981.6551
 20
-949.129
 30
0.0
 10
-2981.4238
 20
-948.7423
 30
0.0
 10
-2980.9199
 20
-948.7867
 30
0.0
 10
-2979.8461
 20
-952.9203
 30
0.0
 10
-2976.6526
 20
-957.9498
 30
0.0
 10
-2973.0113
 20
-960.3954
 30
0.0
 10
-2968.6346
 20
-963.335
 30
0.0
 10
-2963.3166
 20
-960.4125
 30
0.0
 10
-2961.6583
 20
-956.1172
 30
0.0
 10
-2960.1453
 20
-952.1982
 30
0.0
 10
-2963.7101
 20
-946.3894
 30
0.0
 10
-2968.7121
 20
-948.2641
 30
0.0
 10
-2973.148
 20
-949.9264
 30
0.0
 10
-2972.0004
 20
-955.6976
 30
0.0
 10
-2968.1114
 20
-955.3371
 30
0.0
 10
-2966.5468
 20
-955.1921
 30
0.0
 10
-2965.9445
 20
-954.1059
 30
0.0
 10
-2965.4667
 20
-953.1177
 30
0.0
 10
-2964.9448
 20
-954.3739
 30
0.0
 10
-2965.8994
 20
-956.2418
 30
0.0
 10
-2967.7587
 20
-957.1504
 30
0.0
 10
-2970.1105
 20
-958.2998
 30
0.0
 10
-2970.2257
 20
-956.7319
 30
0.0
 10
-2970.9911
 20
-956.3339
 30
0.0
 10
-2971.4879
 20
-956.0755
 30
0.0
 10
-2971.5552
 20
-956.416
 30
0.0
 10
-2972.1305
 20
-956.4847
 30
0.0
 10
-2972.1294
 20
-955.9763
 30
0.0
 10
-2971.8411
 20
-955.0354
 30
0.0
 10
-2972.1036
 20
-954.4829
 30
0.0
 10
-2972.4984
 20
-953.6518
 30
0.0
 10
-2973.1067
 20
-953.962
 30
0.0
 10
-2973.5173
 20
-954.1286
 30
0.0
 10
-2974.0214
 20
-954.3332
 30
0.0
 10
-2973.8502
 20
-954.314
 30
0.0
 10
-2974.1578
 20
-954.2819
 30
0.0
 10
-2973.8927
 20
-953.8142
 30
0.0
 10
-2973.998
 20
-953.6914
 30
0.0
 10
-2973.8042
 20
-953.2218
 30
0.0
 10
-2973.2361
 20
-951.8455
 30
0.0
 10
-2971.7745
 20
-950.556
 30
0.0
 10
-2972.0928
 20
-949.9661
 30
0.0
 10
-2973.1848
 20
-949.0263
 30
0.0
 10
-2974.8423
 20
-950.918
 30
0.0
 10
-2975.8229
 20
-951.5708
 30
0.0
 10
-2975.8229
 20
-951.5707
 30
0.0
 10
-2975.1017
 20
-948.0139
 30
0.0
 10
-2976.1197
 20
-947.3453
 30
0.0
 10
-2976.6148
 20
-947.0201
 30
0.0
 10
-2976.9647
 20
-947.3452
 30
0.0
 10
-2977.6387
 20
-947.5592
 30
0.0
  0
SPLINE
  5
6E
330
1F
100
AcDbEntity
  8
Layer 1
 62
     1
370
     9
100
AcDbSpline
210
0.0
220
0.0
230
1.0
 70
    11
 71
     3
 72
    98
 73
    94
 74
     0
 42
0.0000000001
 43
0.0000000001
 40
0.0
 40
0.0
 40
0.0
 40
0.0
 40
0.032258064516129
 40
0.032258064516129
 40
0.032258064516129
 40
0.0645161290322581
 40
0.0645161290322581
 40
0.0645161290322581
 40
0.0967741935483871
 40
0.0967741935483871
 40
0.0967741935483871
 40
0.1290322580645161
 40
0.1290322580645161
 40
0.1290322580645161
 40
0.1612903225806452
 40
0.1612903225806452
 40
0.1612903225806452
 40
0.1935483870967742
 40
0.1935483870967742
 40
0.1935483870967742
 40
0.2258064516129032
 40
0.2258064516129032
 40
0.2258064516129032
 40
0.2580645161290323
 40
0.2580645161290323
 40
0.2580645161290323
 40
0.2903225806451613
 40
0.2903225806451613
 40
0.2903225806451613
 40
0.3225806451612903
 40
0.3225806451612903
 40
0.3225806451612903
 40
0.3548387096774194
 40
0.3548387096774194
 40
0.3548387096774194
 40
0.3870967741935484
 40
0.3870967741935484
 40
0.3870967741935484
 40
0.4193548387096774
 40
0.4193548387096774
 40
0.4193548387096774
 40
0.4516129032258064
 40
0.4516129032258064
 40
0.4516129032258064
 40
0.4838709677419355
 40
0.4838709677419355
 40
0.4838709677419355
 40
0.5161290322580645
 40
0.5161290322580645
 40
0.5161290322580645
 40
0.5483870967741935
 40
0.5483870967741935
 40
0.5483870967741935
 40
0.5806451612903225
 40
0.5806451612903225
 40
0.5806451612903225
 40
0.6129032258064516
 40
0.6129032258064516
 40
0.6129032258064516
 40
0.6451612903225806
 40
0.6451612903225806
 40
0.6451612903225806
 40
0.6774193548387096
 40
0.6774193548387096
 40
0.6774193548387096
 40
0.7096774193548387
 40
0.7096774193548387
 40
0.7096774193548387
 40
0.7419354838709677
 40
0.7419354838709677
 40
0.7419354838709677
 40
0.7741935483870968
 40
0.7741935483870968
 40
0.7741935483870968
 40
0.8064516129032258
 40
0.8064516129032258
 40
0.8064516129032258
 40
0.8387096774193548
 40
0.8387096774193548
 40
0.8387096774193548
 40
0.8709677419354839
 40
0.8709677419354839
 40
0.8709677419354839
 40
0.9032258064516129
 40
0.9032258064516129
 40
0.9032258064516129
 40
0.9354838709677419
 40
0.9354838709677419
 40
0.9354838709677419
 40
0.967741935483871
 40
0.967741935483871
 40
0.967741935483871
 40
1.0
 40
1.0
 40
1.0
 40
1.0
 10
-3011.6128
 20
-916.0206
 30
0.0
 10
-3011.6927
 20
-916.0526
 30
0.0
 10
-3011.8364
 20
-916.1135
 30
0.0
 10
-3012.1061
 20
-916.2313
 30
0.0
 10
-3012.6513
 20
-916.4699
 30
0.0
 10
-3013.7117
 20
-916.9418
 30
0.0
 10
-3014.3618
 20
-917.2589
 30
0.0
 10
-3015.0118
 20
-917.5759
 30
0.0
 10
-3015.2513
 20
-917.738
 30
0.0
 10
-3015.305
 20
-917.8191
 30
0.0
 10
-3015.3585
 20
-917.9002
 30
0.0
 10
-3015.2261
 20
-917.9002
 30
0.0
 10
-3014.9204
 20
-917.8425
 30
0.0
 10
-3014.6146
 20
-917.7848
 30
0.0
 10
-3014.1357
 20
-917.6694
 30
0.0
 10
-3013.759
 20
-917.5696
 30
0.0
 10
-3013.3824
 20
-917.4699
 30
0.0
 10
-3013.1082
 20
-917.3857
 30
0.0
 10
-3012.782
 20
-917.2641
 30
0.0
 10
-3012.4558
 20
-917.1425
 30
0.0
 10
-3012.0775
 20
-916.9835
 30
0.0
 10
-3011.8081
 20
-916.8183
 30
0.0
 10
-3011.5753
 20
-916.6756
 30
0.0
 10
-3011.4236
 20
-916.5282
 30
0.0
 10
-3011.2831
 20
-916.3801
 30
0.0
 10
-3011.2411
 20
-916.4421
 30
0.0
 10
-3011.1929
 20
-916.6122
 30
0.0
 10
-3011.026
 20
-917.0442
 30
0.0
 10
-3010.8654
 20
-917.4598
 30
0.0
 10
-3010.5959
 20
-917.7799
 30
0.0
 10
-3010.3149
 20
-918.0234
 30
0.0
 10
-3009.1309
 20
-919.0491
 30
0.0
 10
-3007.4454
 20
-919.5675
 30
0.0
 10
-3006.892
 20
-921.4564
 30
0.0
 10
-3006.547
 20
-922.6343
 30
0.0
 10
-3006.7938
 20
-923.2399
 30
0.0
 10
-3007.2137
 20
-924.2087
 30
0.0
 10
-3007.3017
 20
-924.3032
 30
0.0
 10
-3007.3915
 20
-924.3909
 30
0.0
 10
-3007.5459
 20
-924.4784
 30
0.0
 10
-3008.5724
 20
-923.6976
 30
0.0
 10
-3008.5109
 20
-921.7499
 30
0.0
 10
-3010.4057
 20
-920.5926
 30
0.0
 10
-3011.8684
 20
-919.6991
 30
0.0
 10
-3014.5005
 20
-919.1379
 30
0.0
 10
-3016.1737
 20
-920.1804
 30
0.0
 10
-3018.6691
 20
-921.7352
 30
0.0
 10
-3015.8594
 20
-925.9228
 30
0.0
 10
-3012.5145
 20
-924.8189
 30
0.0
 10
-3011.2249
 20
-924.3932
 30
0.0
 10
-3011.3422
 20
-923.119
 30
0.0
 10
-3011.8326
 20
-922.7061
 30
0.0
 10
-3012.2536
 20
-923.4096
 30
0.0
 10
-3011.9895
 20
-924.3072
 30
0.0
 10
-3013.6837
 20
-924.2235
 30
0.0
 10
-3014.7315
 20
-924.1717
 30
0.0
 10
-3015.3952
 20
-923.3945
 30
0.0
 10
-3015.3579
 20
-922.4162
 30
0.0
 10
-3015.2823
 20
-920.435
 30
0.0
 10
-3012.3192
 20
-920.1844
 30
0.0
 10
-3010.8549
 20
-921.2772
 30
0.0
 10
-3007.7063
 20
-923.6272
 30
0.0
 10
-3010.4834
 20
-928.5033
 30
0.0
 10
-3015.8492
 20
-926.669
 30
0.0
 10
-3019.1048
 20
-925.556
 30
0.0
 10
-3021.2449
 20
-921.6514
 30
0.0
 10
-3018.7727
 20
-918.3415
 30
0.0
 10
-3017.861
 20
-917.1209
 30
0.0
 10
-3016.3918
 20
-916.289
 30
0.0
 10
-3014.901
 20
-915.3954
 30
0.0
 10
-3013.9526
 20
-914.8268
 30
0.0
 10
-3011.3894
 20
-913.2945
 30
0.0
 10
-3012.4597
 20
-911.5923
 30
0.0
 10
-3013.0961
 20
-911.5237
 30
0.0
 10
-3013.8987
 20
-911.9568
 30
0.0
 10
-3014.318
 20
-911.1002
 30
0.0
 10
-3015.385
 20
-908.6026
 30
0.0
 10
-3011.0882
 20
-908.9405
 30
0.0
 10
-3009.4627
 20
-909.7698
 30
0.0
 10
-3009.2992
 20
-909.8531
 30
0.0
 10
-3009.2001
 20
-910.0043
 30
0.0
 10
-3009.1897
 20
-910.186
 30
0.0
 10
-3009.1794
 20
-910.3677
 30
0.0
 10
-3009.2608
 20
-910.5288
 30
0.0
 10
-3009.4135
 20
-910.6299
 30
0.0
 10
-3009.8084
 20
-910.8909
 30
0.0
 10
-3010.6344
 20
-910.8389
 30
0.0
 10
-3011.1248
 20
-911.0759
 30
0.0
 10
-3010.5821
 20
-912.0194
 30
0.0
 10
-3010.166
 20
-911.8081
 30
0.0
 10
-3010.3578
 20
-913.5201
 30
0.0
 10
-3010.4664
 20
-914.4883
 30
0.0
 10
-3011.0509
 20
-915.4473
 30
0.0
 10
-3011.6128
 20
-916.0206
 30
0.0
  0
SPLINE
  5
6F
330
1F
100
AcDbEntity
  8
Layer 1
 62
     1
370
     9
100
AcDbSpline
210
0.0
220
0.0
230
1.0
 70
    11
 71
     3
 72
   137
 73
   133
 74
     0
 42
0.0000000001
 43
0.0000000001
 40
0.0
 40
0.0
 40
0.0
 40
0.0
 40
0.0227272727272727
 40
0.0227272727272727
 40
0.0227272727272727
 40
0.0454545454545455
 40
0.0454545454545455
 40
0.0454545454545455
 40
0.0681818181818182
 40
0.0681818181818182
 40
0.0681818181818182
 40
0.0909090909090909
 40
0.0909090909090909
 40
0.0909090909090909
 40
0.1136363636363636
 40
0.1136363636363636
 40
0.1136363636363636
 40
0.1363636363636364
 40
0.1363636363636364
 40
0.1363636363636364
 40
0.1590909090909091
 40
0.1590909090909091
 40
0.1590909090909091
 40
0.1818181818181818
 40
0.1818181818181818
 40
0.1818181818181818
 40
0.2045454545454546
 40
0.2045454545454546
 40
0.2045454545454546
 40
0.2272727272727273
 40
0.2272727272727273
 40
0.2272727272727273
 40
0.25
 40
0.25
 40
0.25
 40
0.2727272727272727
 40
0.2727272727272727
 40
0.2727272727272727
 40
0.2954545454545455
 40
0.2954545454545455
 40
0.2954545454545455
 40
0.3181818181818182
 40
0.3181818181818182
 40
0.3181818181818182
 40
0.3409090909090909
 40
0.3409090909090909
 40
0.3409090909090909
 40
0.3636363636363636
 40
0.3636363636363636
 40
0.3636363636363636
 40
0.3863636363636364
 40
0.3863636363636364
 40
0.3863636363636364
 40
0.4090909090909091
 40
0.4090909090909091
 40
0.4090909090909091
 40
0.4318181818181818
 40
0.4318181818181818
 40
0.4318181818181818
 40
0.4545454545454546
 40
0.4545454545454546
 40
0.4545454545454546
 40
0.4772727272727273
 40
0.4772727272727273
 40
0.4772727272727273
 40
0.5
 40
0.5
 40
0.5
 40
0.5227272727272727
 40
0.5227272727272727
 40
0.5227272727272727
 40
0.5454545454545454
 40
0.5454545454545454
 40
0.5454545454545454
 40
0.5681818181818182
 40
0.5681818181818182
 40
0.5681818181818182
 40
0.5909090909090909
 40
0.5909090909090909
 40
0.5909090909090909
 40
0.6136363636363636
 40
0.6136363636363636
 40
0.6136363636363636
 40
0.6363636363636364
 40
0.6363636363636364
 40
0.6363636363636364
 40
0.6590909090909091
 40
0.6590909090909091
 40
0.6590909090909091
 40
0.6818181818181819
 40
0.6818181818181819
 40
0.6818181818181819
 40
0.7045454545454546
 40
0.7045454545454546
 40
0.7045454545454546
 40
0.7272727272727273
 40
0.7272727272727273
 40
0.7272727272727273
 40
0.75
 40
0.75
 40
0.75
 40
0.7727272727272727
 40
0.7727272727272727
 40
0.7727272727272727
 40
0.7954545454545455
 40
0.7954545454545455
 40
0.7954545454545455
 40
0.8181818181818182
 40
0.8181818181818182
 40
0.8181818181818182
 40
0.8409090909090909
 40
0.8409090909090909
 40
0.8409090909090909
 40
0.8636363636363636
 40
0.8636363636363636
 40
0.8636363636363636
 40
0.8863636363636364
 40
0.8863636363636364
 40
0.8863636363636364
 40
0.9090909090909092
 40
0.9090909090909092
 40
0.9090909090909092
 40
0.9318181818181819
 40
0.9318181818181819
 40
0.9318181818181819
 40
0.9545454545454546
 40
0.9545454545454546
 40
0.9545454545454546
 40
0.9772727272727273
 40
0.9772727272727273
 40
0.9772727272727273
 40
1.0
 40
1.0
 40
1.0
 40
1.0
 10
-2989.458
 20
-955.0632
 30
0.0
 10
-2988.9809
 20
-955.269
 30
0.0
 10
-2988.5136
 20
-955.4902
 30
0.0
 10
-2988.0794
 20
-955.7606
 30
0.0
 10
-2987.4469
 20
-956.1545
 30
0.0
 10
-2986.8829
 20
-956.6527
 30
0.0
 10
-2986.4956
 20
-957.0775
 30
0.0
 10
-2986.1082
 20
-957.5024
 30
0.0
 10
-2985.8972
 20
-957.8536
 30
0.0
 10
-2985.8245
 20
-958.0699
 30
0.0
 10
-2985.7516
 20
-958.2862
 30
0.0
 10
-2985.817
 20
-958.3676
 30
0.0
 10
-2985.9468
 20
-958.3102
 30
0.0
 10
-2986.0766
 20
-958.2528
 30
0.0
 10
-2986.271
 20
-958.0568
 30
0.0
 10
-2986.4865
 20
-957.8036
 30
0.0
 10
-2986.7019
 20
-957.5505
 30
0.0
 10
-2986.9384
 20
-957.2401
 30
0.0
 10
-2987.2715
 20
-956.9207
 30
0.0
 10
-2987.6046
 20
-956.6013
 30
0.0
 10
-2988.0345
 20
-956.273
 30
0.0
 10
-2988.6735
 20
-956.0731
 30
0.0
 10
-2988.9797
 20
-955.9774
 30
0.0
 10
-2989.3342
 20
-955.9113
 30
0.0
 10
-2989.7134
 20
-955.8605
 30
0.0
 10
-2989.5737
 20
-957.1808
 30
0.0
 10
-2989.1403
 20
-958.6318
 30
0.0
 10
-2988.4084
 20
-960.0378
 30
0.0
 10
-2986.5184
 20
-963.6685
 30
0.0
 10
-2983.3548
 20
-965.6273
 30
0.0
 10
-2981.3421
 20
-964.4128
 30
0.0
 10
-2979.3294
 20
-963.198
 30
0.0
 10
-2979.2301
 20
-959.2702
 30
0.0
 10
-2981.1199
 20
-955.6392
 30
0.0
 10
-2981.6432
 20
-954.6341
 30
0.0
 10
-2982.264
 20
-953.7571
 30
0.0
 10
-2982.9312
 20
-953.0401
 30
0.0
 10
-2983.2336
 20
-953.4101
 30
0.0
 10
-2983.5017
 20
-953.7725
 30
0.0
 10
-2983.6867
 20
-954.1166
 30
0.0
 10
-2984.0014
 20
-954.702
 30
0.0
 10
-2984.0757
 20
-955.2342
 30
0.0
 10
-2984.0875
 20
-955.6928
 30
0.0
 10
-2984.0991
 20
-956.1516
 30
0.0
 10
-2984.0481
 20
-956.537
 30
0.0
 10
-2984.0226
 20
-956.8669
 30
0.0
 10
-2983.9972
 20
-957.197
 30
0.0
 10
-2983.9973
 20
-957.4716
 30
0.0
 10
-2984.0493
 20
-957.6025
 30
0.0
 10
-2984.1014
 20
-957.7334
 30
0.0
 10
-2984.2055
 20
-957.7207
 30
0.0
 10
-2984.3067
 20
-957.5157
 30
0.0
 10
-2984.4078
 20
-957.3109
 30
0.0
 10
-2984.5061
 20
-956.914
 30
0.0
 10
-2984.5303
 20
-956.3424
 30
0.0
 10
-2984.5546
 20
-955.7708
 30
0.0
 10
-2984.5049
 20
-955.0244
 30
0.0
 10
-2984.3321
 20
-954.3052
 30
0.0
 10
-2984.1978
 20
-953.7461
 30
0.0
 10
-2983.9891
 20
-953.2028
 30
0.0
 10
-2983.7638
 20
-952.6637
 30
0.0
 10
-2983.6852
 20
-952.4755
 30
0.0
 10
-2983.7363
 20
-952.2678
 30
0.0
 10
-2983.8935
 20
-952.1364
 30
0.0
 10
-2984.3767
 20
-951.732
 30
0.0
 10
-2984.7846
 20
-951.4479
 30
0.0
 10
-2985.24
 20
-951.2575
 30
0.0
 10
-2985.379
 20
-951.1994
 30
0.0
 10
-2985.5238
 20
-951.2083
 30
0.0
 10
-2985.6545
 20
-951.2832
 30
0.0
 10
-2985.785
 20
-951.3579
 30
0.0
 10
-2985.865
 20
-951.4778
 30
0.0
 10
-2985.8831
 20
-951.626
 30
0.0
 10
-2985.899
 20
-951.7551
 30
0.0
 10
-2985.9122
 20
-951.8901
 30
0.0
 10
-2985.9216
 20
-952.0338
 30
0.0
 10
-2985.9528
 20
-952.5157
 30
0.0
 10
-2985.856
 20
-952.6768
 30
0.0
 10
-2985.7396
 20
-953.1177
 30
0.0
 10
-2985.6988
 20
-953.2718
 30
0.0
 10
-2985.5939
 20
-954.0303
 30
0.0
 10
-2985.7745
 20
-953.9979
 30
0.0
 10
-2986.0351
 20
-953.9509
 30
0.0
 10
-2986.0869
 20
-953.3861
 30
0.0
 10
-2986.1414
 20
-953.1648
 30
0.0
 10
-2986.2551
 20
-952.703
 30
0.0
 10
-2986.2773
 20
-952.5303
 30
0.0
 10
-2986.2566
 20
-952.0487
 30
0.0
 10
-2986.2427
 20
-951.7285
 30
0.0
 10
-2986.3812
 20
-951.4468
 30
0.0
 10
-2986.6446
 20
-951.2602
 30
0.0
 10
-2986.9079
 20
-951.0736
 30
0.0
 10
-2987.2225
 20
-951.0346
 30
0.0
 10
-2987.5243
 20
-951.151
 30
0.0
 10
-2987.657
 20
-951.2022
 30
0.0
 10
-2987.7864
 20
-951.2653
 30
0.0
 10
-2987.9109
 20
-951.3406
 30
0.0
 10
-2988.0751
 20
-951.4398
 30
0.0
 10
-2988.2271
 20
-951.5572
 30
0.0
 10
-2988.3658
 20
-951.691
 30
0.0
 10
-2988.7171
 20
-952.0297
 30
0.0
 10
-2988.7431
 20
-952.5773
 30
0.0
 10
-2988.4252
 20
-952.9468
 30
0.0
 10
-2988.4101
 20
-952.9643
 30
0.0
 10
-2988.3946
 20
-952.9823
 30
0.0
 10
-2988.3788
 20
-953.0
 30
0.0
 10
-2988.0919
 20
-953.3238
 30
0.0
 10
-2987.7542
 20
-953.7856
 30
0.0
 10
-2987.5056
 20
-954.0563
 30
0.0
 10
-2987.2569
 20
-954.3269
 30
0.0
 10
-2987.173
 20
-954.4877
 30
0.0
 10
-2987.1456
 20
-954.5875
 30
0.0
 10
-2987.1181
 20
-954.6872
 30
0.0
 10
-2987.1473
 20
-954.7259
 30
0.0
 10
-2987.3617
 20
-954.5594
 30
0.0
 10
-2987.5761
 20
-954.393
 30
0.0
 10
-2987.9764
 20
-954.0212
 30
0.0
 10
-2988.3452
 20
-953.7398
 30
0.0
 10
-2988.4688
 20
-953.6453
 30
0.0
 10
-2988.5782
 20
-953.5493
 30
0.0
 10
-2988.6826
 20
-953.4574
 30
0.0
 10
-2988.7983
 20
-953.3555
 30
0.0
 10
-2988.9435
 20
-953.3184
 30
0.0
 10
-2989.0947
 20
-953.3523
 30
0.0
 10
-2989.2458
 20
-953.3861
 30
0.0
 10
-2989.3608
 20
-953.4813
 30
0.0
 10
-2989.4209
 20
-953.6226
 30
0.0
 10
-2989.5468
 20
-953.9184
 30
0.0
 10
-2989.673
 20
-954.2274
 30
0.0
 10
-2989.7308
 20
-954.5643
 30
0.0
 10
-2989.7669
 20
-954.7756
 30
0.0
 10
-2989.6566
 20
-954.9776
 30
0.0
 10
-2989.458
 20
-955.0632
 30
0.0
  0
SPLINE
  5
70
330
1F
100
AcDbEntity
  8
Layer 1
 62
     1
370
     9
100
AcDbSpline
210
0.0
220
0.0
230
1.0
 70
    11
 71
     3
 72
   137
 73
   133
 74
     0
 42
0.0000000001
 43
0.0000000001
 40
0.0
 40
0.0
 40
0.0
 40
0.0
 40
0.0227272727272727
 40
0.0227272727272727
 40
0.0227272727272727
 40
0.0454545454545455
 40
0.0454545454545455
 40
0.0454545454545455
 40
0.0681818181818182
 40
0.0681818181818182
 40
0.0681818181818182
 40
0.0909090909090909
 40
0.0909090909090909
 40
0.0909090909090909
 40
0.1136363636363636
 40
0.1136363636363636
 40
0.1136363636363636
 40
0.1363636363636364
 40
0.1363636363636364
 40
0.1363636363636364
 40
0.1590909090909091
 40
0.1590909090909091
 40
0.1590909090909091
 40
0.1818181818181818
 40
0.1818181818181818
 40
0.1818181818181818
 40
0.2045454545454546
 40
0.2045454545454546
 40
0.2045454545454546
 40
0.2272727272727273
 40
0.2272727272727273
 40
0.2272727272727273
 40
0.25
 40
0.25
 40
0.25
 40
0.2727272727272727
 40
0.2727272727272727
 40
0.2727272727272727
 40
0.2954545454545455
 40
0.2954545454545455
 40
0.2954545454545455
 40
0.3181818181818182
 40
0.3181818181818182
 40
0.3181818181818182
 40
0.3409090909090909
 40
0.3409090909090909
 40
0.3409090909090909
 40
0.3636363636363636
 40
0.3636363636363636
 40
0.3636363636363636
 40
0.3863636363636364
 40
0.3863636363636364
 40
0.3863636363636364
 40
0.4090909090909091
 40
0.4090909090909091
 40
0.4090909090909091
 40
0.4318181818181818
 40
0.4318181818181818
 40
0.4318181818181818
 40
0.4545454545454546
 40
0.4545454545454546
 40
0.4545454545454546
 40
0.4772727272727273
 40
0.4772727272727273
 40
0.4772727272727273
 40
0.5
 40
0.5
 40
0.5
 40
0.5227272727272727
 40
0.5227272727272727
 40
0.5227272727272727
 40
0.5454545454545454
 40
0.5454545454545454
 40
0.5454545454545454
 40
0.5681818181818182
 40
0.5681818181818182
 40
0.5681818181818182
 40
0.5909090909090909
 40
0.5909090909090909
 40
0.5909090909090909
 40
0.6136363636363636
 40
0.6136363636363636
 40
0.6136363636363636
 40
0.6363636363636364
 40
0.6363636363636364
 40
0.6363636363636364
 40
0.6590909090909091
 40
0.6590909090909091
 40
0.6590909090909091
 40
0.6818181818181819
 40
0.6818181818181819
 40
0.6818181818181819
 40
0.7045454545454546
 40
0.7045454545454546
 40
0.7045454545454546
 40
0.7272727272727273
 40
0.7272727272727273
 40
0.7272727272727273
 40
0.75
 40
0.75
 40
0.75
 40
0.7727272727272727
 40
0.7727272727272727
 40
0.7727272727272727
 40
0.7954545454545455
 40
0.7954545454545455
 40
0.7954545454545455
 40
0.8181818181818182
 40
0.8181818181818182
 40
0.8181818181818182
 40
0.8409090909090909
 40
0.8409090909090909
 40
0.8409090909090909
 40
0.8636363636363636
 40
0.8636363636363636
 40
0.8636363636363636
 40
0.8863636363636364
 40
0.8863636363636364
 40
0.8863636363636364
 40
0.9090909090909092
 40
0.9090909090909092
 40
0.9090909090909092
 40
0.9318181818181819
 40
0.9318181818181819
 40
0.9318181818181819
 40
0.9545454545454546
 40
0.9545454545454546
 40
0.9545454545454546
 40
0.9772727272727273
 40
0.9772727272727273
 40
0.9772727272727273
 40
1.0
 40
1.0
 40
1.0
 40
1.0
 10
-2962.868
 20
-915.565
 30
0.0
 10
-2962.5526
 20
-915.9746
 30
0.0
 10
-2962.2535
 20
-916.3929
 30
0.0
 10
-2962.0073
 20
-916.8383
 30
0.0
 10
-2961.6489
 20
-917.487
 30
0.0
 10
-2961.4016
 20
-918.1939
 30
0.0
 10
-2961.2724
 20
-918.7514
 30
0.0
 10
-2961.1432
 20
-919.3092
 30
0.0
 10
-2961.1319
 20
-919.7176
 30
0.0
 10
-2961.1749
 20
-919.9415
 30
0.0
 10
-2961.2178
 20
-920.1656
 30
0.0
 10
-2961.3149
 20
-920.2051
 30
0.0
 10
-2961.4
 20
-920.0924
 30
0.0
 10
-2961.4851
 20
-919.9798
 30
0.0
 10
-2961.5584
 20
-919.715
 30
0.0
 10
-2961.622
 20
-919.39
 30
0.0
 10
-2961.6854
 20
-919.0651
 30
0.0
 10
-2961.7392
 20
-918.6801
 30
0.0
 10
-2961.8729
 20
-918.2407
 30
0.0
 10
-2962.0065
 20
-917.8012
 30
0.0
 10
-2962.2204
 20
-917.3074
 30
0.0
 10
-2962.6801
 20
-916.825
 30
0.0
 10
-2962.9004
 20
-916.5938
 30
0.0
 10
-2963.1775
 20
-916.3654
 30
0.0
 10
-2963.4837
 20
-916.1382
 30
0.0
 10
-2964.0117
 20
-917.3587
 30
0.0
 10
-2964.3475
 20
-918.8347
 30
0.0
 10
-2964.4005
 20
-920.4154
 30
0.0
 10
-2964.5374
 20
-924.4969
 30
0.0
 10
-2962.7386
 20
-927.7319
 30
0.0
 10
-2960.3828
 20
-927.6408
 30
0.0
 10
-2958.0269
 20
-927.5496
 30
0.0
 10
-2956.0064
 20
-924.1669
 30
0.0
 10
-2955.8693
 20
-920.0852
 30
0.0
 10
-2955.8314
 20
-918.9552
 30
0.0
 10
-2955.9419
 20
-917.8902
 30
0.0
 10
-2956.1715
 20
-916.9425
 30
0.0
 10
-2956.6179
 20
-917.1199
 30
0.0
 10
-2957.0305
 20
-917.3074
 30
0.0
 10
-2957.3614
 20
-917.5187
 30
0.0
 10
-2957.9245
 20
-917.8784
 30
0.0
 10
-2958.2514
 20
-918.3074
 30
0.0
 10
-2958.4875
 20
-918.7023
 30
0.0
 10
-2958.7235
 20
-919.0974
 30
0.0
 10
-2958.8687
 20
-919.4585
 30
0.0
 10
-2959.0089
 20
-919.759
 30
0.0
 10
-2959.1492
 20
-920.0595
 30
0.0
 10
-2959.2845
 20
-920.2993
 30
0.0
 10
-2959.3943
 20
-920.3886
 30
0.0
 10
-2959.5042
 20
-920.4778
 30
0.0
 10
-2959.589
 20
-920.4165
 30
0.0
 10
-2959.5764
 20
-920.1887
 30
0.0
 10
-2959.5639
 20
-919.9611
 30
0.0
 10
-2959.4543
 20
-919.5672
 30
0.0
 10
-2959.1941
 20
-919.0563
 30
0.0
 10
-2958.9338
 20
-918.5453
 30
0.0
 10
-2958.523
 20
-917.9174
 30
0.0
 10
-2958.0179
 20
-917.3725
 30
0.0
 10
-2957.6254
 20
-916.9489
 30
0.0
 10
-2957.1757
 20
-916.5749
 30
0.0
 10
-2956.7134
 20
-916.2126
 30
0.0
 10
-2956.5522
 20
-916.0861
 30
0.0
 10
-2956.4945
 20
-915.8801
 30
0.0
 10
-2956.5671
 20
-915.6896
 30
0.0
 10
-2956.7901
 20
-915.1036
 30
0.0
 10
-2957.0064
 20
-914.6589
 30
0.0
 10
-2957.3104
 20
-914.2733
 30
0.0
 10
-2957.4032
 20
-914.1556
 30
0.0
 10
-2957.5341
 20
-914.0936
 30
0.0
 10
-2957.685
 20
-914.096
 30
0.0
 10
-2957.8359
 20
-914.0984
 30
0.0
 10
-2957.9647
 20
-914.1646
 30
0.0
 10
-2958.0535
 20
-914.2853
 30
0.0
 10
-2958.131
 20
-914.3904
 30
0.0
 10
-2958.209
 20
-914.5019
 30
0.0
 10
-2958.2879
 20
-914.6228
 30
0.0
 10
-2958.5524
 20
-915.0287
 30
0.0
 10
-2958.5473
 20
-915.2161
 30
0.0
 10
-2958.6626
 20
-915.6572
 30
0.0
 10
-2958.7029
 20
-915.8115
 30
0.0
 10
-2958.9847
 20
-916.5245
 30
0.0
 10
-2959.1264
 20
-916.4091
 30
0.0
 10
-2959.3309
 20
-916.2426
 30
0.0
 10
-2959.098
 20
-915.7243
 30
0.0
 10
-2959.0367
 20
-915.5048
 30
0.0
 10
-2958.9087
 20
-915.0467
 30
0.0
 10
-2958.843
 20
-914.8851
 30
0.0
 10
-2958.5878
 20
-914.4745
 30
0.0
 10
-2958.4181
 20
-914.2015
 30
0.0
 10
-2958.4003
 20
-913.8888
 30
0.0
 10
-2958.5385
 20
-913.5989
 30
0.0
 10
-2958.6767
 20
-913.3091
 30
0.0
 10
-2958.9321
 20
-913.1234
 30
0.0
 10
-2959.253
 20
-913.0798
 30
0.0
 10
-2959.3942
 20
-913.0605
 30
0.0
 10
-2959.5383
 20
-913.0532
 30
0.0
 10
-2959.6841
 20
-913.059
 30
0.0
 10
-2959.8764
 20
-913.0666
 30
0.0
 10
-2960.0669
 20
-913.0959
 30
0.0
 10
-2960.2539
 20
-913.1459
 30
0.0
 10
-2960.7274
 20
-913.2725
 30
0.0
 10
-2961.0197
 20
-913.7382
 30
0.0
 10
-2960.924
 20
-914.2141
 30
0.0
 10
-2960.9195
 20
-914.2366
 30
0.0
 10
-2960.9148
 20
-914.2599
 30
0.0
 10
-2960.9097
 20
-914.2829
 30
0.0
 10
-2960.8185
 20
-914.7039
 30
0.0
 10
-2960.751
 20
-915.27
 30
0.0
 10
-2960.6671
 20
-915.6262
 30
0.0
 10
-2960.5831
 20
-915.9823
 30
0.0
 10
-2960.589
 20
-916.1632
 30
0.0
 10
-2960.6142
 20
-916.2635
 30
0.0
 10
-2960.6393
 20
-916.3639
 30
0.0
 10
-2960.6838
 20
-916.3837
 30
0.0
 10
-2960.7891
 20
-916.135
 30
0.0
 10
-2960.8944
 20
-915.8862
 30
0.0
 10
-2961.061
 20
-915.3687
 30
0.0
 10
-2961.2445
 20
-914.9452
 30
0.0
 10
-2961.306
 20
-914.8032
 30
0.0
 10
-2961.3543
 20
-914.6666
 30
0.0
 10
-2961.4002
 20
-914.5361
 30
0.0
 10
-2961.4511
 20
-914.3912
 30
0.0
 10
-2961.5596
 20
-914.2889
 30
0.0
 10
-2961.7084
 20
-914.2457
 30
0.0
 10
-2961.857
 20
-914.2024
 30
0.0
 10
-2962.0043
 20
-914.2302
 30
0.0
 10
-2962.1264
 20
-914.3247
 30
0.0
 10
-2962.382
 20
-914.5223
 30
0.0
 10
-2962.6443
 20
-914.7314
 30
0.0
 10
-2962.8606
 20
-914.9978
 30
0.0
 10
-2962.9962
 20
-915.1649
 30
0.0
 10
-2962.9993
 20
-915.3945
 30
0.0
 10
-2962.868
 20
-915.565
 30
0.0
  0
SPLINE
  5
71
330
1F
100
AcDbEntity
  8
Layer 1
 62
     1
370
     9
100
AcDbSpline
210
0.0
220
0.0
230
1.0
 70
    11
 71
     3
 72
   596
 73
   592
 74
     0
 42
0.0000000001
 43
0.0000000001
 40
0.0
 40
0.0
 40
0.0
 40
0.0
 40
0.0050761421319797
 40
0.0050761421319797
 40
0.0050761421319797
 40
0.0101522842639594
 40
0.0101522842639594
 40
0.0101522842639594
 40
0.0152284263959391
 40
0.0152284263959391
 40
0.0152284263959391
 40
0.0203045685279188
 40
0.0203045685279188
 40
0.0203045685279188
 40
0.0253807106598985
 40
0.0253807106598985
 40
0.0253807106598985
 40
0.0304568527918782
 40
0.0304568527918782
 40
0.0304568527918782
 40
0.0355329949238579
 40
0.0355329949238579
 40
0.0355329949238579
 40
0.0406091370558376
 40
0.0406091370558376
 40
0.0406091370558376
 40
0.0456852791878173
 40
0.0456852791878173
 40
0.0456852791878173
 40
0.050761421319797
 40
0.050761421319797
 40
0.050761421319797
 40
0.0558375634517766
 40
0.0558375634517766
 40
0.0558375634517766
 40
0.0609137055837563
 40
0.0609137055837563
 40
0.0609137055837563
 40
0.065989847715736
 40
0.065989847715736
 40
0.065989847715736
 40
0.0710659898477157
 40
0.0710659898477157
 40
0.0710659898477157
 40
0.0761421319796954
 40
0.0761421319796954
 40
0.0761421319796954
 40
0.0812182741116751
 40
0.0812182741116751
 40
0.0812182741116751
 40
0.0862944162436548
 40
0.0862944162436548
 40
0.0862944162436548
 40
0.0913705583756345
 40
0.0913705583756345
 40
0.0913705583756345
 40
0.0964467005076142
 40
0.0964467005076142
 40
0.0964467005076142
 40
0.1015228426395939
 40
0.1015228426395939
 40
0.1015228426395939
 40
0.1065989847715736
 40
0.1065989847715736
 40
0.1065989847715736
 40
0.1116751269035533
 40
0.1116751269035533
 40
0.1116751269035533
 40
0.116751269035533
 40
0.116751269035533
 40
0.116751269035533
 40
0.1218274111675127
 40
0.1218274111675127
 40
0.1218274111675127
 40
0.1269035532994924
 40
0.1269035532994924
 40
0.1269035532994924
 40
0.1319796954314721
 40
0.1319796954314721
 40
0.1319796954314721
 40
0.1370558375634518
 40
0.1370558375634518
 40
0.1370558375634518
 40
0.1421319796954315
 40
0.1421319796954315
 40
0.1421319796954315
 40
0.1472081218274112
 40
0.1472081218274112
 40
0.1472081218274112
 40
0.1522842639593908
 40
0.1522842639593908
 40
0.1522842639593908
 40
0.1573604060913706
 40
0.1573604060913706
 40
0.1573604060913706
 40
0.1624365482233502
 40
0.1624365482233502
 40
0.1624365482233502
 40
0.1675126903553299
 40
0.1675126903553299
 40
0.1675126903553299
 40
0.1725888324873096
 40
0.1725888324873096
 40
0.1725888324873096
 40
0.1776649746192893
 40
0.1776649746192893
 40
0.1776649746192893
 40
0.182741116751269
 40
0.182741116751269
 40
0.182741116751269
 40
0.1878172588832487
 40
0.1878172588832487
 40
0.1878172588832487
 40
0.1928934010152284
 40
0.1928934010152284
 40
0.1928934010152284
 40
0.1979695431472081
 40
0.1979695431472081
 40
0.1979695431472081
 40
0.2030456852791878
 40
0.2030456852791878
 40
0.2030456852791878
 40
0.2081218274111675
 40
0.2081218274111675
 40
0.2081218274111675
 40
0.2131979695431472
 40
0.2131979695431472
 40
0.2131979695431472
 40
0.2182741116751269
 40
0.2182741116751269
 40
0.2182741116751269
 40
0.2233502538071066
 40
0.2233502538071066
 40
0.2233502538071066
 40
0.2284263959390863
 40
0.2284263959390863
 40
0.2284263959390863
 40
0.233502538071066
 40
0.233502538071066
 40
0.233502538071066
 40
0.2385786802030457
 40
0.2385786802030457
 40
0.2385786802030457
 40
0.2436548223350254
 40
0.2436548223350254
 40
0.2436548223350254
 40
0.248730964467005
 40
0.248730964467005
 40
0.248730964467005
 40
0.2538071065989848
 40
0.2538071065989848
 40
0.2538071065989848
 40
0.2588832487309645
 40
0.2588832487309645
 40
0.2588832487309645
 40
0.2639593908629441
 40
0.2639593908629441
 40
0.2639593908629441
 40
0.2690355329949238
 40
0.2690355329949238
 40
0.2690355329949238
 40
0.2741116751269035
 40
0.2741116751269035
 40
0.2741116751269035
 40
0.2791878172588833
 40
0.2791878172588833
 40
0.2791878172588833
 40
0.2842639593908629
 40
0.2842639593908629
 40
0.2842639593908629
 40
0.2893401015228426
 40
0.2893401015228426
 40
0.2893401015228426
 40
0.2944162436548223
 40
0.2944162436548223
 40
0.2944162436548223
 40
0.299492385786802
 40
0.299492385786802
 40
0.299492385786802
 40
0.3045685279187817
 40
0.3045685279187817
 40
0.3045685279187817
 40
0.3096446700507614
 40
0.3096446700507614
 40
0.3096446700507614
 40
0.3147208121827411
 40
0.3147208121827411
 40
0.3147208121827411
 40
0.3197969543147208
 40
0.3197969543147208
 40
0.3197969543147208
 40
0.3248730964467005
 40
0.3248730964467005
 40
0.3248730964467005
 40
0.3299492385786802
 40
0.3299492385786802
 40
0.3299492385786802
 40
0.3350253807106598
 40
0.3350253807106598
 40
0.3350253807106598
 40
0.3401015228426396
 40
0.3401015228426396
 40
0.3401015228426396
 40
0.3451776649746193
 40
0.3451776649746193
 40
0.3451776649746193
 40
0.350253807106599
 40
0.350253807106599
 40
0.350253807106599
 40
0.3553299492385786
 40
0.3553299492385786
 40
0.3553299492385786
 40
0.3604060913705583
 40
0.3604060913705583
 40
0.3604060913705583
 40
0.3654822335025381
 40
0.3654822335025381
 40
0.3654822335025381
 40
0.3705583756345177
 40
0.3705583756345177
 40
0.3705583756345177
 40
0.3756345177664974
 40
0.3756345177664974
 40
0.3756345177664974
 40
0.3807106598984771
 40
0.3807106598984771
 40
0.3807106598984771
 40
0.3857868020304568
 40
0.3857868020304568
 40
0.3857868020304568
 40
0.3908629441624365
 40
0.3908629441624365
 40
0.3908629441624365
 40
0.3959390862944162
 40
0.3959390862944162
 40
0.3959390862944162
 40
0.4010152284263959
 40
0.4010152284263959
 40
0.4010152284263959
 40
0.4060913705583756
 40
0.4060913705583756
 40
0.4060913705583756
 40
0.4111675126903553
 40
0.4111675126903553
 40
0.4111675126903553
 40
0.416243654822335
 40
0.416243654822335
 40
0.416243654822335
 40
0.4213197969543147
 40
0.4213197969543147
 40
0.4213197969543147
 40
0.4263959390862944
 40
0.4263959390862944
 40
0.4263959390862944
 40
0.4314720812182741
 40
0.4314720812182741
 40
0.4314720812182741
 40
0.4365482233502538
 40
0.4365482233502538
 40
0.4365482233502538
 40
0.4416243654822335
 40
0.4416243654822335
 40
0.4416243654822335
 40
0.4467005076142131
 40
0.4467005076142131
 40
0.4467005076142131
 40
0.4517766497461929
 40
0.4517766497461929
 40
0.4517766497461929
 40
0.4568527918781726
 40
0.4568527918781726
 40
0.4568527918781726
 40
0.4619289340101522
 40
0.4619289340101522
 40
0.4619289340101522
 40
0.4670050761421319
 40
0.4670050761421319
 40
0.4670050761421319
 40
0.4720812182741116
 40
0.4720812182741116
 40
0.4720812182741116
 40
0.4771573604060914
 40
0.4771573604060914
 40
0.4771573604060914
 40
0.482233502538071
 40
0.482233502538071
 40
0.482233502538071
 40
0.4873096446700507
 40
0.4873096446700507
 40
0.4873096446700507
 40
0.4923857868020304
 40
0.4923857868020304
 40
0.4923857868020304
 40
0.4974619289340101
 40
0.4974619289340101
 40
0.4974619289340101
 40
0.5025380710659898
 40
0.5025380710659898
 40
0.5025380710659898
 40
0.5076142131979695
 40
0.5076142131979695
 40
0.5076142131979695
 40
0.5126903553299492
 40
0.5126903553299492
 40
0.5126903553299492
 40
0.5177664974619289
 40
0.5177664974619289
 40
0.5177664974619289
 40
0.5228426395939086
 40
0.5228426395939086
 40
0.5228426395939086
 40
0.5279187817258882
 40
0.5279187817258882
 40
0.5279187817258882
 40
0.532994923857868
 40
0.532994923857868
 40
0.532994923857868
 40
0.5380710659898477
 40
0.5380710659898477
 40
0.5380710659898477
 40
0.5431472081218274
 40
0.5431472081218274
 40
0.5431472081218274
 40
0.5482233502538071
 40
0.5482233502538071
 40
0.5482233502538071
 40
0.5532994923857868
 40
0.5532994923857868
 40
0.5532994923857868
 40
0.5583756345177665
 40
0.5583756345177665
 40
0.5583756345177665
 40
0.5634517766497461
 40
0.5634517766497461
 40
0.5634517766497461
 40
0.5685279187817258
 40
0.5685279187817258
 40
0.5685279187817258
 40
0.5736040609137055
 40
0.5736040609137055
 40
0.5736040609137055
 40
0.5786802030456852
 40
0.5786802030456852
 40
0.5786802030456852
 40
0.583756345177665
 40
0.583756345177665
 40
0.583756345177665
 40
0.5888324873096447
 40
0.5888324873096447
 40
0.5888324873096447
 40
0.5939086294416244
 40
0.5939086294416244
 40
0.5939086294416244
 40
0.598984771573604
 40
0.598984771573604
 40
0.598984771573604
 40
0.6040609137055837
 40
0.6040609137055837
 40
0.6040609137055837
 40
0.6091370558375634
 40
0.6091370558375634
 40
0.6091370558375634
 40
0.6142131979695431
 40
0.6142131979695431
 40
0.6142131979695431
 40
0.6192893401015228
 40
0.6192893401015228
 40
0.6192893401015228
 40
0.6243654822335025
 40
0.6243654822335025
 40
0.6243654822335025
 40
0.6294416243654822
 40
0.6294416243654822
 40
0.6294416243654822
 40
0.6345177664974618
 40
0.6345177664974618
 40
0.6345177664974618
 40
0.6395939086294415
 40
0.6395939086294415
 40
0.6395939086294415
 40
0.6446700507614213
 40
0.6446700507614213
 40
0.6446700507614213
 40
0.649746192893401
 40
0.649746192893401
 40
0.649746192893401
 40
0.6548223350253807
 40
0.6548223350253807
 40
0.6548223350253807
 40
0.6598984771573604
 40
0.6598984771573604
 40
0.6598984771573604
 40
0.6649746192893401
 40
0.6649746192893401
 40
0.6649746192893401
 40
0.6700507614213197
 40
0.6700507614213197
 40
0.6700507614213197
 40
0.6751269035532994
 40
0.6751269035532994
 40
0.6751269035532994
 40
0.6802030456852791
 40
0.6802030456852791
 40
0.6802030456852791
 40
0.6852791878172588
 40
0.6852791878172588
 40
0.6852791878172588
 40
0.6903553299492385
 40
0.6903553299492385
 40
0.6903553299492385
 40
0.6954314720812182
 40
0.6954314720812182
 40
0.6954314720812182
 40
0.700507614213198
 40
0.700507614213198
 40
0.700507614213198
 40
0.7055837563451776
 40
0.7055837563451776
 40
0.7055837563451776
 40
0.7106598984771573
 40
0.7106598984771573
 40
0.7106598984771573
 40
0.715736040609137
 40
0.715736040609137
 40
0.715736040609137
 40
0.7208121827411167
 40
0.7208121827411167
 40
0.7208121827411167
 40
0.7258883248730964
 40
0.7258883248730964
 40
0.7258883248730964
 40
0.7309644670050761
 40
0.7309644670050761
 40
0.7309644670050761
 40
0.7360406091370558
 40
0.7360406091370558
 40
0.7360406091370558
 40
0.7411167512690354
 40
0.7411167512690354
 40
0.7411167512690354
 40
0.7461928934010151
 40
0.7461928934010151
 40
0.7461928934010151
 40
0.7512690355329948
 40
0.7512690355329948
 40
0.7512690355329948
 40
0.7563451776649746
 40
0.7563451776649746
 40
0.7563451776649746
 40
0.7614213197969543
 40
0.7614213197969543
 40
0.7614213197969543
 40
0.766497461928934
 40
0.766497461928934
 40
0.766497461928934
 40
0.7715736040609137
 40
0.7715736040609137
 40
0.7715736040609137
 40
0.7766497461928933
 40
0.7766497461928933
 40
0.7766497461928933
 40
0.781725888324873
 40
0.781725888324873
 40
0.781725888324873
 40
0.7868020304568527
 40
0.7868020304568527
 40
0.7868020304568527
 40
0.7918781725888324
 40
0.7918781725888324
 40
0.7918781725888324
 40
0.7969543147208121
 40
0.7969543147208121
 40
0.7969543147208121
 40
0.8020304568527918
 40
0.8020304568527918
 40
0.8020304568527918
 40
0.8071065989847716
 40
0.8071065989847716
 40
0.8071065989847716
 40
0.8121827411167513
 40
0.8121827411167513
 40
0.8121827411167513
 40
0.8172588832487309
 40
0.8172588832487309
 40
0.8172588832487309
 40
0.8223350253807106
 40
0.8223350253807106
 40
0.8223350253807106
 40
0.8274111675126903
 40
0.8274111675126903
 40
0.8274111675126903
 40
0.83248730964467
 40
0.83248730964467
 40
0.83248730964467
 40
0.8375634517766497
 40
0.8375634517766497
 40
0.8375634517766497
 40
0.8426395939086294
 40
0.8426395939086294
 40
0.8426395939086294
 40
0.8477157360406091
 40
0.8477157360406091
 40
0.8477157360406091
 40
0.8527918781725887
 40
0.8527918781725887
 40
0.8527918781725887
 40
0.8578680203045684
 40
0.8578680203045684
 40
0.8578680203045684
 40
0.8629441624365481
 40
0.8629441624365481
 40
0.8629441624365481
 40
0.8680203045685279
 40
0.8680203045685279
 40
0.8680203045685279
 40
0.8730964467005076
 40
0.8730964467005076
 40
0.8730964467005076
 40
0.8781725888324873
 40
0.8781725888324873
 40
0.8781725888324873
 40
0.883248730964467
 40
0.883248730964467
 40
0.883248730964467
 40
0.8883248730964466
 40
0.8883248730964466
 40
0.8883248730964466
 40
0.8934010152284263
 40
0.8934010152284263
 40
0.8934010152284263
 40
0.898477157360406
 40
0.898477157360406
 40
0.898477157360406
 40
0.9035532994923857
 40
0.9035532994923857
 40
0.9035532994923857
 40
0.9086294416243654
 40
0.9086294416243654
 40
0.9086294416243654
 40
0.9137055837563451
 40
0.9137055837563451
 40
0.9137055837563451
 40
0.9187817258883249
 40
0.9187817258883249
 40
0.9187817258883249
 40
0.9238578680203045
 40
0.9238578680203045
 40
0.9238578680203045
 40
0.9289340101522842
 40
0.9289340101522842
 40
0.9289340101522842
 40
0.9340101522842639
 40
0.9340101522842639
 40
0.9340101522842639
 40
0.9390862944162436
 40
0.9390862944162436
 40
0.9390862944162436
 40
0.9441624365482233
 40
0.9441624365482233
 40
0.9441624365482233
 40
0.949238578680203
 40
0.949238578680203
 40
0.949238578680203
 40
0.9543147208121827
 40
0.9543147208121827
 40
0.9543147208121827
 40
0.9593908629441623
 40
0.9593908629441623
 40
0.9593908629441623
 40
0.964467005076142
 40
0.964467005076142
 40
0.964467005076142
 40
0.9695431472081217
 40
0.9695431472081217
 40
0.9695431472081217
 40
0.9746192893401014
 40
0.9746192893401014
 40
0.9746192893401014
 40
0.9796954314720812
 40
0.9796954314720812
 40
0.9796954314720812
 40
0.9847715736040609
 40
0.9847715736040609
 40
0.9847715736040609
 40
0.9898477157360406
 40
0.9898477157360406
 40
0.9898477157360406
 40
0.9949238578680202
 40
0.9949238578680202
 40
0.9949238578680202
 40
1.0
 40
1.0
 40
1.0
 40
1.0
 10
-2996.0262
 20
-932.7916
 30
0.0
 10
-2996.0885
 20
-933.2168
 30
0.0
 10
-2996.4039
 20
-933.7973
 30
0.0
 10
-2996.6215
 20
-934.1998
 30
0.0
 10
-2996.8393
 20
-934.6025
 30
0.0
 10
-2996.9591
 20
-934.8271
 30
0.0
 10
-2997.202
 20
-934.8676
 30
0.0
 10
-2997.445
 20
-934.9082
 30
0.0
 10
-2997.8108
 20
-934.7646
 30
0.0
 10
-2998.4859
 20
-934.3807
 30
0.0
 10
-2999.1081
 20
-934.0269
 30
0.0
 10
-2999.993
 20
-933.4684
 30
0.0
 10
-3000.8985
 20
-932.8944
 30
0.0
 10
-3000.9174
 20
-932.9031
 30
0.0
 10
-3000.9362
 20
-932.9118
 30
0.0
 10
-3000.9552
 20
-932.9203
 30
0.0
 10
-3001.4044
 20
-933.1224
 30
0.0
 10
-3001.9613
 20
-933.3342
 30
0.0
 10
-3002.4509
 20
-933.3972
 30
0.0
 10
-3002.9238
 20
-933.4578
 30
0.0
 10
-3003.4996
 20
-933.2921
 30
0.0
 10
-3003.3689
 20
-932.6979
 30
0.0
 10
-3003.2764
 20
-932.2773
 30
0.0
 10
-3002.7973
 20
-931.8303
 30
0.0
 10
-3002.4535
 20
-931.587
 30
0.0
 10
-3002.0155
 20
-931.2769
 30
0.0
 10
-3001.4997
 20
-931.0531
 30
0.0
 10
-3000.9972
 20
-930.8669
 30
0.0
 10
-3000.9437
 20
-930.847
 30
0.0
 10
-3000.8893
 20
-930.8284
 30
0.0
 10
-3000.8348
 20
-930.8103
 30
0.0
 10
-3000.9733
 20
-930.7649
 30
0.0
 10
-3001.1141
 20
-930.7261
 30
0.0
 10
-3001.2568
 20
-930.6952
 30
0.0
 10
-3001.6403
 20
-930.6123
 30
0.0
 10
-3002.0482
 20
-930.5767
 30
0.0
 10
-3002.4406
 20
-930.5787
 30
0.0
 10
-3002.5494
 20
-930.5793
 30
0.0
 10
-3004.1118
 20
-930.6692
 30
0.0
 10
-3004.1637
 20
-930.6803
 30
0.0
 10
-3004.5811
 20
-930.7692
 30
0.0
 10
-3005.0706
 20
-930.8424
 30
0.0
 10
-3005.4964
 20
-930.7962
 30
0.0
 10
-3005.8359
 20
-930.7592
 30
0.0
 10
-3006.2267
 20
-930.6206
 30
0.0
 10
-3006.3958
 20
-930.3043
 30
0.0
 10
-3006.5677
 20
-929.9827
 30
0.0
 10
-3006.4209
 20
-929.6505
 30
0.0
 10
-3006.1448
 20
-929.4447
 30
0.0
 10
-3006.0578
 20
-929.3799
 30
0.0
 10
-3005.964
 20
-929.3284
 30
0.0
 10
-3005.8671
 20
-929.2825
 30
0.0
 10
-3006.072
 20
-929.2279
 30
0.0
 10
-3006.2756
 20
-929.1714
 30
0.0
 10
-3006.4758
 20
-929.0972
 30
0.0
 10
-3006.982
 20
-928.9096
 30
0.0
 10
-3007.4553
 20
-928.6482
 30
0.0
 10
-3007.852
 20
-928.2819
 30
0.0
 10
-3008.2831
 20
-927.884
 30
0.0
 10
-3008.6472
 20
-927.349
 30
0.0
 10
-3008.9173
 20
-926.8324
 30
0.0
 10
-3009.0996
 20
-926.4839
 30
0.0
 10
-3009.2913
 20
-926.0438
 30
0.0
 10
-3009.3111
 20
-925.6486
 30
0.0
 10
-3009.3296
 20
-925.2766
 30
0.0
 10
-3009.1526
 20
-924.8838
 30
0.0
 10
-3008.7204
 20
-924.8948
 30
0.0
 10
-3008.4575
 20
-924.9016
 30
0.0
 10
-3008.1341
 20
-925.1091
 30
0.0
 10
-3007.8888
 20
-925.2078
 30
0.0
 10
-3007.5224
 20
-925.355
 30
0.0
 10
-3007.1152
 20
-925.4383
 30
0.0
 10
-3006.7266
 20
-925.5057
 30
0.0
 10
-3006.2186
 20
-925.5939
 30
0.0
 10
-3005.7063
 20
-925.6567
 30
0.0
 10
-3005.1938
 20
-925.7128
 30
0.0
 10
-3005.0184
 20
-925.732
 30
0.0
 10
-3004.7962
 20
-925.7651
 30
0.0
 10
-3004.6022
 20
-925.7697
 30
0.0
 10
-3004.6904
 20
-925.5182
 30
0.0
 10
-3004.7967
 20
-925.2749
 30
0.0
 10
-3004.8632
 20
-925.0146
 30
0.0
 10
-3004.9466
 20
-924.6887
 30
0.0
 10
-3005.0079
 20
-924.2413
 30
0.0
 10
-3004.9115
 20
-923.9151
 30
0.0
 10
-3004.7918
 20
-923.5104
 30
0.0
 10
-3004.4153
 20
-923.32
 30
0.0
 10
-3004.0212
 20
-923.498
 30
0.0
 10
-3003.7149
 20
-923.6364
 30
0.0
 10
-3003.4263
 20
-923.9927
 30
0.0
 10
-3003.2222
 20
-924.2533
 30
0.0
 10
-3002.9561
 20
-924.5929
 30
0.0
 10
-3002.7115
 20
-924.948
 30
0.0
 10
-3002.4477
 20
-925.2891
 30
0.0
 10
-3002.2598
 20
-925.5319
 30
0.0
 10
-3002.115
 20
-925.6949
 30
0.0
 10
-3001.8383
 20
-925.8413
 30
0.0
 10
-3001.4735
 20
-926.0344
 30
0.0
 10
-3001.0705
 20
-926.1599
 30
0.0
 10
-3000.6896
 20
-926.3193
 30
0.0
 10
-3000.4736
 20
-926.4098
 30
0.0
 10
-3000.1875
 20
-926.5744
 30
0.0
 10
-2999.9576
 20
-926.6357
 30
0.0
 10
-2999.9548
 20
-926.6194
 30
0.0
 10
-2999.9527
 20
-926.6042
 30
0.0
 10
-2999.9516
 20
-926.5943
 30
0.0
 10
-2999.9065
 20
-926.2007
 30
0.0
 10
-3000.0056
 20
-925.638
 30
0.0
 10
-3000.0973
 20
-925.2511
 30
0.0
 10
-3000.2115
 20
-924.7686
 30
0.0
 10
-3000.3922
 20
-924.2627
 30
0.0
 10
-3000.6745
 20
-923.8503
 30
0.0
 10
-3000.9553
 20
-923.44
 30
0.0
 10
-3001.3314
 20
-923.154
 30
0.0
 10
-3001.7517
 20
-922.8945
 30
0.0
 10
-3002.3318
 20
-922.5365
 30
0.0
 10
-3002.9515
 20
-922.2397
 30
0.0
 10
-3003.5654
 20
-921.9436
 30
0.0
 10
-3004.2403
 20
-921.6182
 30
0.0
 10
-3004.9352
 20
-921.293
 30
0.0
 10
-3005.4912
 20
-920.7828
 30
0.0
 10
-3005.9898
 20
-920.3253
 30
0.0
 10
-3006.4201
 20
-919.6722
 30
0.0
 10
-3006.6274
 20
-919.0306
 30
0.0
 10
-3006.769
 20
-918.5924
 30
0.0
 10
-3006.856
 20
-917.9417
 30
0.0
 10
-3006.4179
 20
-917.6346
 30
0.0
 10
-3006.0443
 20
-917.3725
 30
0.0
 10
-3005.5196
 20
-917.5474
 30
0.0
 10
-3005.1668
 20
-917.7616
 30
0.0
 10
-3004.8143
 20
-917.9754
 30
0.0
 10
-3004.5234
 20
-918.2863
 30
0.0
 10
-3004.2725
 20
-918.608
 30
0.0
 10
-3004.0676
 20
-918.8707
 30
0.0
 10
-3003.8888
 20
-919.1515
 30
0.0
 10
-3003.6908
 20
-919.4189
 30
0.0
 10
-3003.5346
 20
-919.6301
 30
0.0
 10
-3003.374
 20
-919.7969
 30
0.0
 10
-3003.1666
 20
-919.9597
 30
0.0
 10
-3003.0581
 20
-920.0448
 30
0.0
 10
-3002.9134
 20
-920.1511
 30
0.0
 10
-3002.7684
 20
-920.2399
 30
0.0
 10
-3002.8775
 20
-920.0305
 30
0.0
 10
-3003.0011
 20
-919.8274
 30
0.0
 10
-3003.1112
 20
-919.6189
 30
0.0
 10
-3003.3476
 20
-919.1707
 30
0.0
 10
-3003.5535
 20
-918.7087
 30
0.0
 10
-3003.7181
 20
-918.2299
 30
0.0
 10
-3004.1236
 20
-917.0506
 30
0.0
 10
-3004.3723
 20
-915.6974
 30
0.0
 10
-3004.4762
 20
-914.4564
 30
0.0
 10
-3004.5485
 20
-913.5917
 30
0.0
 10
-3004.5319
 20
-912.7446
 30
0.0
 10
-3004.3356
 20
-911.8956
 30
0.0
 10
-3004.2307
 20
-911.4418
 30
0.0
 10
-3004.0633
 20
-910.8863
 30
0.0
 10
-3003.8149
 20
-910.4903
 30
0.0
 10
-3003.5839
 20
-910.1224
 30
0.0
 10
-3003.1853
 20
-909.9636
 30
0.0
 10
-3002.8839
 20
-910.3636
 30
0.0
 10
-3002.6969
 20
-910.6118
 30
0.0
 10
-3002.5676
 20
-911.0508
 30
0.0
 10
-3002.4673
 20
-911.3483
 30
0.0
 10
-3002.2667
 20
-911.9439
 30
0.0
 10
-3002.0662
 20
-912.54
 30
0.0
 10
-3001.811
 20
-913.1155
 30
0.0
 10
-3001.5056
 20
-913.8042
 30
0.0
 10
-3001.1312
 20
-914.463
 30
0.0
 10
-3000.7379
 20
-915.1058
 30
0.0
 10
-3000.3481
 20
-915.7431
 30
0.0
 10
-2999.9375
 20
-916.3679
 30
0.0
 10
-2999.5155
 20
-916.9848
 30
0.0
 10
-2999.3627
 20
-917.2081
 30
0.0
 10
-2999.2089
 20
-917.4309
 30
0.0
 10
-2999.0518
 20
-917.6512
 30
0.0
 10
-2999.0593
 20
-917.4845
 30
0.0
 10
-2999.0602
 20
-917.3175
 30
0.0
 10
-2999.0502
 20
-917.1508
 30
0.0
 10
-2999.0271
 20
-916.7621
 30
0.0
 10
-2998.9378
 20
-916.3189
 30
0.0
 10
-2998.7548
 20
-915.972
 30
0.0
 10
-2998.6169
 20
-915.7106
 30
0.0
 10
-2998.4116
 20
-915.4927
 30
0.0
 10
-2998.1167
 20
-915.4125
 30
0.0
 10
-2997.8184
 20
-915.3313
 30
0.0
 10
-2997.5514
 20
-915.431
 30
0.0
 10
-2997.3478
 20
-915.6536
 30
0.0
 10
-2997.1189
 20
-915.9034
 30
0.0
 10
-2996.9749
 20
-916.2812
 30
0.0
 10
-2996.8887
 20
-916.6038
 30
0.0
 10
-2996.7579
 20
-917.094
 30
0.0
 10
-2996.7054
 20
-917.6133
 30
0.0
 10
-2996.6646
 20
-918.1176
 30
0.0
 10
-2996.6179
 20
-918.6946
 30
0.0
 10
-2996.6019
 20
-919.2824
 30
0.0
 10
-2996.4922
 20
-919.8519
 30
0.0
 10
-2996.4163
 20
-920.2454
 30
0.0
 10
-2996.2845
 20
-920.6157
 30
0.0
 10
-2996.0947
 20
-920.9694
 30
0.0
 10
-2996.0832
 20
-920.9908
 30
0.0
 10
-2996.0714
 20
-921.0123
 30
0.0
 10
-2996.0593
 20
-921.0338
 30
0.0
 10
-2996.0292
 20
-920.8918
 30
0.0
 10
-2996.0078
 20
-920.7469
 30
0.0
 10
-2995.9913
 20
-920.6059
 30
0.0
 10
-2995.9572
 20
-920.3127
 30
0.0
 10
-2995.945
 20
-919.9976
 30
0.0
 10
-2995.9942
 20
-919.7055
 30
0.0
 10
-2996.0431
 20
-919.4156
 30
0.0
 10
-2996.1676
 20
-919.1368
 30
0.0
 10
-2996.1797
 20
-918.8398
 30
0.0
 10
-2996.1933
 20
-918.5064
 30
0.0
 10
-2996.0302
 20
-918.1775
 30
0.0
 10
-2995.6922
 20
-918.074
 30
0.0
 10
-2995.2705
 20
-917.9449
 30
0.0
 10
-2994.9229
 20
-918.268
 30
0.0
 10
-2994.7154
 20
-918.593
 30
0.0
 10
-2994.4108
 20
-919.0702
 30
0.0
 10
-2994.18
 20
-919.7563
 30
0.0
 10
-2994.085
 20
-920.3122
 30
0.0
 10
-2993.9803
 20
-920.9245
 30
0.0
 10
-2994.0273
 20
-921.5016
 30
0.0
 10
-2994.1503
 20
-922.1067
 30
0.0
 10
-2994.2508
 20
-922.6014
 30
0.0
 10
-2994.421
 20
-923.1067
 30
0.0
 10
-2994.4633
 20
-923.6087
 30
0.0
 10
-2994.4867
 20
-923.8856
 30
0.0
 10
-2994.4457
 20
-924.098
 30
0.0
 10
-2994.322
 20
-924.3472
 30
0.0
 10
-2994.2147
 20
-924.5634
 30
0.0
 10
-2994.0743
 20
-924.7625
 30
0.0
 10
-2993.9413
 20
-924.9636
 30
0.0
 10
-2993.7198
 20
-925.2985
 30
0.0
 10
-2993.5124
 20
-925.6406
 30
0.0
 10
-2993.3392
 20
-926.0028
 30
0.0
 10
-2993.258
 20
-926.1726
 30
0.0
 10
-2993.1832
 20
-926.3456
 30
0.0
 10
-2993.1131
 20
-926.5202
 30
0.0
 10
-2993.0299
 20
-926.0124
 30
0.0
 10
-2992.9295
 20
-925.5074
 30
0.0
 10
-2992.8181
 20
-925.0048
 30
0.0
 10
-2992.6802
 20
-924.3831
 30
0.0
 10
-2992.5127
 20
-923.7823
 30
0.0
 10
-2992.2551
 20
-923.1974
 30
0.0
 10
-2991.9604
 20
-922.5289
 30
0.0
 10
-2991.5797
 20
-921.8718
 30
0.0
 10
-2991.1577
 20
-921.274
 30
0.0
 10
-2990.9068
 20
-920.9185
 30
0.0
 10
-2990.5231
 20
-920.4181
 30
0.0
 10
-2990.1303
 20
-920.2185
 30
0.0
 10
-2989.7168
 20
-920.0085
 30
0.0
 10
-2989.31
 20
-920.164
 30
0.0
 10
-2989.1747
 20
-920.61
 30
0.0
 10
-2989.0654
 20
-920.9706
 30
0.0
 10
-2989.1443
 20
-921.4788
 30
0.0
 10
-2989.2158
 20
-921.845
 30
0.0
 10
-2989.2731
 20
-922.1388
 30
0.0
 10
-2989.3454
 20
-922.4291
 30
0.0
 10
-2989.4203
 20
-922.7189
 30
0.0
 10
-2989.3414
 20
-922.6471
 30
0.0
 10
-2989.2647
 20
-922.5731
 30
0.0
 10
-2989.1923
 20
-922.4955
 30
0.0
 10
-2989.0312
 20
-922.323
 30
0.0
 10
-2988.918
 20
-922.1456
 30
0.0
 10
-2988.8229
 20
-921.9307
 30
0.0
 10
-2988.7263
 20
-921.7122
 30
0.0
 10
-2988.6422
 20
-921.4628
 30
0.0
 10
-2988.6075
 20
-921.2264
 30
0.0
 10
-2988.5783
 20
-921.028
 30
0.0
 10
-2988.5939
 20
-920.8324
 30
0.0
 10
-2988.6044
 20
-920.6334
 30
0.0
 10
-2988.6175
 20
-920.3815
 30
0.0
 10
-2988.6163
 20
-920.1112
 30
0.0
 10
-2988.4375
 20
-919.9101
 30
0.0
 10
-2988.227
 20
-919.6736
 30
0.0
 10
-2987.8802
 20
-919.653
 30
0.0
 10
-2987.5968
 20
-919.7546
 30
0.0
 10
-2987.2698
 20
-919.8718
 30
0.0
 10
-2987.0214
 20
-920.1363
 30
0.0
 10
-2986.9219
 20
-920.4655
 30
0.0
 10
-2986.8542
 20
-920.6893
 30
0.0
 10
-2986.851
 20
-920.9459
 30
0.0
 10
-2986.8705
 20
-921.1883
 30
0.0
 10
-2986.7438
 20
-921.125
 30
0.0
 10
-2986.6174
 20
-921.0601
 30
0.0
 10
-2986.4885
 20
-921.0066
 30
0.0
 10
-2986.0128
 20
-920.8089
 30
0.0
 10
-2985.4729
 20
-920.6351
 30
0.0
 10
-2984.9588
 20
-920.5792
 30
0.0
 10
-2984.5555
 20
-920.5352
 30
0.0
 10
-2983.9827
 20
-920.5585
 30
0.0
 10
-2983.6431
 20
-920.7997
 30
0.0
 10
-2983.2087
 20
-921.1082
 30
0.0
 10
-2983.3814
 20
-921.5693
 30
0.0
 10
-2983.5938
 20
-921.9488
 30
0.0
 10
-2983.9104
 20
-922.5145
 30
0.0
 10
-2984.3179
 20
-923.049
 30
0.0
 10
-2984.7175
 20
-923.5597
 30
0.0
 10
-2985.2211
 20
-924.2034
 30
0.0
 10
-2985.7501
 20
-924.8273
 30
0.0
 10
-2986.2858
 20
-925.4449
 30
0.0
 10
-2986.4608
 20
-925.6466
 30
0.0
 10
-2986.6404
 20
-925.8443
 30
0.0
 10
-2986.8165
 20
-926.0451
 30
0.0
 10
-2986.6395
 20
-926.01
 30
0.0
 10
-2986.4622
 20
-925.9762
 30
0.0
 10
-2986.283
 20
-925.9521
 30
0.0
 10
-2985.923
 20
-925.9038
 30
0.0
 10
-2985.3764
 20
-925.8571
 30
0.0
 10
-2985.0396
 20
-926.0018
 30
0.0
 10
-2984.6775
 20
-926.1574
 30
0.0
 10
-2984.5481
 20
-926.5401
 30
0.0
 10
-2984.7259
 20
-926.885
 30
0.0
 10
-2984.888
 20
-927.1995
 30
0.0
 10
-2985.2228
 20
-927.3022
 30
0.0
 10
-2985.5504
 20
-927.3549
 30
0.0
 10
-2986.0291
 20
-927.432
 30
0.0
 10
-2986.5138
 20
-927.4488
 30
0.0
 10
-2986.9854
 20
-927.5694
 30
0.0
 10
-2987.4852
 20
-927.6972
 30
0.0
 10
-2987.9978
 20
-927.9286
 30
0.0
 10
-2988.4254
 20
-928.2142
 30
0.0
 10
-2988.7837
 20
-928.4535
 30
0.0
 10
-2989.0693
 20
-928.7355
 30
0.0
 10
-2989.3285
 20
-929.0765
 30
0.0
 10
-2989.4717
 20
-929.265
 30
0.0
 10
-2989.6227
 20
-929.4783
 30
0.0
 10
-2989.7441
 20
-929.6933
 30
0.0
 10
-2989.3556
 20
-929.6397
 30
0.0
 10
-2988.9746
 20
-929.5745
 30
0.0
 10
-2988.5775
 20
-929.562
 30
0.0
 10
-2987.8779
 20
-929.5397
 30
0.0
 10
-2987.0157
 20
-929.5923
 30
0.0
 10
-2986.344
 20
-929.7889
 30
0.0
 10
-2985.8305
 20
-929.9393
 30
0.0
 10
-2985.3685
 20
-930.2171
 30
0.0
 10
-2985.2228
 20
-930.7593
 30
0.0
 10
-2985.1233
 20
-931.1305
 30
0.0
 10
-2985.1961
 20
-931.5475
 30
0.0
 10
-2985.3406
 20
-931.8978
 30
0.0
 10
-2985.3881
 20
-932.0131
 30
0.0
 10
-2985.5306
 20
-932.2399
 30
0.0
 10
-2985.5781
 20
-932.3675
 30
0.0
 10
-2985.5259
 20
-932.4082
 30
0.0
 10
-2985.4252
 20
-932.4657
 30
0.0
 10
-2985.3878
 20
-932.4859
 30
0.0
 10
-2984.9944
 20
-932.6978
 30
0.0
 10
-2984.5535
 20
-932.8616
 30
0.0
 10
-2984.1311
 20
-933.0079
 30
0.0
 10
-2983.6907
 20
-933.1604
 30
0.0
 10
-2983.2419
 20
-933.2879
 30
0.0
 10
-2982.7904
 20
-933.404
 30
0.0
 10
-2982.4839
 20
-933.4829
 30
0.0
 10
-2981.987
 20
-933.5834
 30
0.0
 10
-2981.7471
 20
-933.7855
 30
0.0
 10
-2981.3702
 20
-934.1031
 30
0.0
 10
-2981.5684
 20
-934.5202
 30
0.0
 10
-2981.8633
 20
-934.8048
 30
0.0
 10
-2982.2809
 20
-935.2079
 30
0.0
 10
-2982.8328
 20
-935.4101
 30
0.0
 10
-2983.4014
 20
-935.495
 30
0.0
 10
-2984.2656
 20
-935.624
 30
0.0
 10
-2985.2763
 20
-935.5487
 30
0.0
 10
-2986.1428
 20
-935.4422
 30
0.0
 10
-2986.8133
 20
-935.3598
 30
0.0
 10
-2987.4716
 20
-935.2065
 30
0.0
 10
-2988.1408
 20
-935.1182
 30
0.0
 10
-2988.1845
 20
-935.1125
 30
0.0
 10
-2988.2596
 20
-935.1033
 30
0.0
 10
-2988.3253
 20
-935.1002
 30
0.0
 10
-2988.3213
 20
-935.161
 30
0.0
 10
-2988.312
 20
-935.2277
 30
0.0
 10
-2988.3083
 20
-935.275
 30
0.0
 10
-2988.279
 20
-935.646
 30
0.0
 10
-2988.4641
 20
-935.8857
 30
0.0
 10
-2988.8499
 20
-935.9003
 30
0.0
 10
-2989.2036
 20
-935.9137
 30
0.0
 10
-2989.6849
 20
-935.7625
 30
0.0
 10
-2989.9928
 20
-935.5925
 30
0.0
 10
-2990.3993
 20
-935.368
 30
0.0
 10
-2990.6741
 20
-935.0348
 30
0.0
 10
-2990.9024
 20
-934.6403
 30
0.0
 10
-2991.1404
 20
-934.2291
 30
0.0
 10
-2991.3176
 20
-933.7883
 30
0.0
 10
-2991.5245
 20
-933.3619
 30
0.0
 10
-2991.684
 20
-933.0334
 30
0.0
 10
-2991.6325
 20
-932.9532
 30
0.0
 10
-2991.7943
 20
-932.6258
 30
0.0
 10
-2991.922
 20
-932.3675
 30
0.0
 10
-2992.0225
 20
-932.0629
 30
0.0
 10
-2991.7583
 20
-931.8446
 30
0.0
 10
-2991.3693
 20
-931.5234
 30
0.0
 10
-2990.3642
 20
-931.9546
 30
0.0
 10
-2990.0017
 20
-932.1995
 30
0.0
 10
-2989.5561
 20
-932.5006
 30
0.0
 10
-2989.1356
 20
-932.8387
 30
0.0
 10
-2988.674
 20
-933.1161
 30
0.0
 10
-2988.2426
 20
-933.3754
 30
0.0
 10
-2987.7523
 20
-933.6039
 30
0.0
 10
-2987.2629
 20
-933.7302
 30
0.0
 10
-2986.8792
 20
-933.8293
 30
0.0
 10
-2986.5033
 20
-933.8499
 30
0.0
 10
-2986.1088
 20
-933.8477
 30
0.0
 10
-2985.9819
 20
-933.847
 30
0.0
 10
-2985.8529
 20
-933.8461
 30
0.0
 10
-2985.7239
 20
-933.841
 30
0.0
 10
-2985.814
 20
-933.8039
 30
0.0
 10
-2985.9035
 20
-933.7651
 30
0.0
 10
-2985.9921
 20
-933.7241
 30
0.0
 10
-2986.5295
 20
-933.4764
 30
0.0
 10
-2987.047
 20
-933.1813
 30
0.0
 10
-2987.55
 20
-932.8714
 30
0.0
 10
-2988.0918
 20
-932.5375
 30
0.0
 10
-2988.6162
 20
-932.1692
 30
0.0
 10
-2989.1806
 20
-931.8728
 30
0.0
 10
-2990.0835
 20
-931.3988
 30
0.0
 10
-2989.9741
 20
-931.3631
 30
0.0
 10
-2991.0319
 20
-931.1865
 30
0.0
 10
-2991.2524
 20
-931.1806
 30
0.0
 10
-2991.5669
 20
-931.2012
 30
0.0
 10
-2991.7661
 20
-931.1062
 30
0.0
 10
-2992.1376
 20
-930.929
 30
0.0
 10
-2992.049
 20
-930.5508
 30
0.0
 10
-2991.9291
 20
-930.2459
 30
0.0
 10
-2991.7497
 20
-929.79
 30
0.0
 10
-2991.6867
 20
-929.5331
 30
0.0
 10
-2991.428
 20
-929.1169
 30
0.0
 10
-2990.9966
 20
-928.4229
 30
0.0
 10
-2990.5125
 20
-927.758
 30
0.0
 10
-2990.0066
 20
-927.1155
 30
0.0
 10
-2989.4662
 20
-926.4292
 30
0.0
 10
-2988.8883
 20
-925.7732
 30
0.0
 10
-2988.2993
 20
-925.1275
 30
0.0
 10
-2987.6978
 20
-924.468
 30
0.0
 10
-2987.0872
 20
-923.8163
 30
0.0
 10
-2986.463
 20
-923.1778
 30
0.0
 10
-2986.2505
 20
-922.9604
 30
0.0
 10
-2986.0325
 20
-922.7482
 30
0.0
 10
-2985.8173
 20
-922.5334
 30
0.0
 10
-2986.143
 20
-922.6907
 30
0.0
 10
-2986.4613
 20
-922.8619
 30
0.0
 10
-2986.772
 20
-923.0496
 30
0.0
 10
-2987.4912
 20
-923.4845
 30
0.0
 10
-2988.1814
 20
-923.9863
 30
0.0
 10
-2988.8193
 20
-924.5312
 30
0.0
 10
-2989.4189
 20
-925.0431
 30
0.0
 10
-2989.986
 20
-925.6086
 30
0.0
 10
-2990.4816
 20
-926.2201
 30
0.0
 10
-2990.8345
 20
-926.6557
 30
0.0
 10
-2991.1323
 20
-927.1166
 30
0.0
 10
-2991.4027
 20
-927.6058
 30
0.0
 10
-2991.6401
 20
-928.0354
 30
0.0
 10
-2991.8641
 20
-928.4741
 30
0.0
 10
-2992.0546
 20
-928.9262
 30
0.0
 10
-2992.2267
 20
-929.3345
 30
0.0
 10
-2992.3603
 20
-929.7529
 30
0.0
 10
-2992.4742
 20
-930.1804
 30
0.0
 10
-2992.5997
 20
-930.6516
 30
0.0
 10
-2992.7183
 20
-931.1345
 30
0.0
 10
-2992.7833
 20
-931.618
 30
0.0
 10
-2992.8298
 20
-931.9642
 30
0.0
 10
-2992.8101
 20
-932.2229
 30
0.0
 10
-2992.7465
 20
-932.5643
 30
0.0
 10
-2992.6622
 20
-933.0172
 30
0.0
 10
-2992.5498
 20
-933.4814
 30
0.0
 10
-2992.3723
 20
-933.9081
 30
0.0
 10
-2992.2104
 20
-934.2973
 30
0.0
 10
-2991.9817
 20
-934.6648
 30
0.0
 10
-2991.6988
 20
-934.9795
 30
0.0
 10
-2991.4735
 20
-935.23
 30
0.0
 10
-2991.2108
 20
-935.4373
 30
0.0
 10
-2990.9558
 20
-935.6563
 30
0.0
 10
-2990.7746
 20
-935.8118
 30
0.0
 10
-2990.5819
 20
-935.9883
 30
0.0
 10
-2990.4452
 20
-936.1841
 30
0.0
 10
-2990.0926
 20
-936.6889
 30
0.0
 10
-2990.5913
 20
-936.9296
 30
0.0
 10
-2991.0255
 20
-936.9981
 30
0.0
 10
-2991.6634
 20
-937.0986
 30
0.0
 10
-2992.3146
 20
-937.1213
 30
0.0
 10
-2992.9583
 20
-937.1683
 30
0.0
 10
-2993.2675
 20
-937.1908
 30
0.0
 10
-2993.709
 20
-937.2682
 30
0.0
 10
-2993.9834
 20
-937.0961
 30
0.0
 10
-2994.3341
 20
-936.8763
 30
0.0
 10
-2994.3835
 20
-936.3952
 30
0.0
 10
-2994.3991
 20
-936.0227
 30
0.0
 10
-2994.4277
 20
-935.339
 30
0.0
 10
-2994.3683
 20
-934.6437
 30
0.0
 10
-2994.3164
 20
-933.9619
 30
0.0
 10
-2994.3007
 20
-933.7554
 30
0.0
 10
-2994.2313
 20
-933.1714
 30
0.0
 10
-2994.2914
 20
-932.9959
 30
0.0
 10
-2994.3252
 20
-932.8972
 30
0.0
 10
-2994.5391
 20
-932.7429
 30
0.0
 10
-2994.6191
 20
-932.6692
 30
0.0
 10
-2994.851
 20
-932.4558
 30
0.0
 10
-2995.0939
 20
-932.1559
 30
0.0
 10
-2995.1269
 20
-931.8339
 30
0.0
 10
-2995.1615
 20
-931.4964
 30
0.0
 10
-2994.9658
 20
-931.2267
 30
0.0
 10
-2994.7588
 20
-930.9817
 30
0.0
 10
-2994.6113
 20
-930.8071
 30
0.0
 10
-2994.4605
 20
-930.6399
 30
0.0
 10
-2994.3707
 20
-930.4272
 30
0.0
 10
-2994.2576
 20
-930.16
 30
0.0
 10
-2994.2201
 20
-929.8209
 30
0.0
 10
-2994.1991
 20
-929.5333
 30
0.0
 10
-2994.1689
 20
-929.1163
 30
0.0
 10
-2994.1848
 20
-928.7138
 30
0.0
 10
-2994.27
 20
-928.3034
 30
0.0
 10
-2994.3918
 20
-927.7156
 30
0.0
 10
-2994.6343
 20
-927.1436
 30
0.0
 10
-2994.912
 20
-926.6122
 30
0.0
 10
-2995.3155
 20
-925.84
 30
0.0
 10
-2995.8033
 20
-925.1084
 30
0.0
 10
-2996.2981
 20
-924.3913
 30
0.0
 10
-2996.885
 20
-923.5406
 30
0.0
 10
-2997.5035
 20
-922.712
 30
0.0
 10
-2998.1492
 20
-921.9042
 30
0.0
 10
-2998.949
 20
-920.9038
 30
0.0
 10
-2999.7841
 20
-919.9268
 30
0.0
 10
-3000.4913
 20
-918.8581
 30
0.0
 10
-3001.0998
 20
-917.9385
 30
0.0
 10
-3001.5852
 20
-916.9584
 30
0.0
 10
-3002.0523
 20
-915.9634
 30
0.0
 10
-3002.1359
 20
-915.7853
 30
0.0
 10
-3002.2184
 20
-915.6054
 30
0.0
 10
-3002.3035
 20
-915.4269
 30
0.0
 10
-3002.1845
 20
-916.1876
 30
0.0
 10
-3001.9782
 20
-916.9717
 30
0.0
 10
-3001.7364
 20
-917.6939
 30
0.0
 10
-3001.4921
 20
-918.4234
 30
0.0
 10
-3001.1598
 20
-919.1041
 30
0.0
 10
-3000.8149
 20
-919.7906
 30
0.0
 10
-3000.4338
 20
-920.5489
 30
0.0
 10
-3000.0503
 20
-921.3075
 30
0.0
 10
-2999.582
 20
-922.0181
 30
0.0
 10
-2999.0445
 20
-922.834
 30
0.0
 10
-2998.4123
 20
-923.5853
 30
0.0
 10
-2997.811
 20
-924.3549
 30
0.0
 10
-2997.1214
 20
-925.2375
 30
0.0
 10
-2996.4412
 20
-926.1426
 30
0.0
 10
-2995.8757
 20
-927.1091
 30
0.0
 10
-2995.4478
 20
-927.8408
 30
0.0
 10
-2995.4987
 20
-927.9328
 30
0.0
 10
-2995.2449
 20
-928.7407
 30
0.0
 10
-2995.135
 20
-929.0907
 30
0.0
 10
-2994.9899
 20
-929.6003
 30
0.0
 10
-2995.0938
 20
-929.96
 30
0.0
 10
-2995.2295
 20
-930.4297
 30
0.0
 10
-2995.6639
 20
-930.4572
 30
0.0
 10
-2996.0412
 20
-930.2424
 30
0.0
 10
-2996.4334
 20
-930.019
 30
0.0
 10
-2996.7986
 20
-929.668
 30
0.0
 10
-2997.145
 20
-929.3785
 30
0.0
 10
-2997.5976
 20
-929.0002
 30
0.0
 10
-2999.4655
 20
-928.352
 30
0.0
 10
-3000.0521
 20
-928.1063
 30
0.0
 10
-3000.6406
 20
-927.8598
 30
0.0
 10
-3001.2488
 20
-927.6687
 30
0.0
 10
-3001.8557
 20
-927.4726
 30
0.0
 10
-3002.3057
 20
-927.327
 30
0.0
 10
-3002.7551
 20
-927.1583
 30
0.0
 10
-3003.2176
 20
-927.0553
 30
0.0
 10
-3003.5748
 20
-926.9757
 30
0.0
 10
-3003.908
 20
-926.9783
 30
0.0
 10
-3004.2712
 20
-926.9907
 30
0.0
 10
-3004.8392
 20
-927.01
 30
0.0
 10
-3005.4091
 20
-927.043
 30
0.0
 10
-3005.9768
 20
-926.9988
 30
0.0
 10
-3006.1887
 20
-926.9824
 30
0.0
 10
-3006.3966
 20
-926.953
 30
0.0
 10
-3006.6031
 20
-926.9145
 30
0.0
 10
-3006.5726
 20
-926.9331
 30
0.0
 10
-3006.542
 20
-926.9513
 30
0.0
 10
-3006.5114
 20
-926.9691
 30
0.0
 10
-3006.1096
 20
-927.2029
 30
0.0
 10
-3005.6659
 20
-927.4049
 30
0.0
 10
-3005.2301
 20
-927.5685
 30
0.0
 10
-3004.8067
 20
-927.7274
 30
0.0
 10
-3004.3804
 20
-927.8185
 30
0.0
 10
-3003.9365
 20
-927.8995
 30
0.0
 10
-3003.147
 20
-928.0434
 30
0.0
 10
-3002.3567
 20
-928.1824
 30
0.0
 10
-3001.5759
 20
-928.3683
 30
0.0
 10
-2999.8753
 20
-928.826
 30
0.0
 10
-2997.4744
 20
-930.3409
 30
0.0
 10
-2996.8973
 20
-930.8059
 30
0.0
 10
-2996.3466
 20
-931.2494
 30
0.0
 10
-2995.921
 20
-932.0759
 30
0.0
 10
-2996.0262
 20
-932.7916
 30
0.0
  0
SPLINE
  5
72
330
1F
100
AcDbEntity
  8
Layer 1
 62
     1
370
     9
100
AcDbSpline
210
0.0
220
0.0
230
1.0
 70
    11
 71
     3
 72
    68
 73
    64
 74
     0
 42
0.0000000001
 43
0.0000000001
 40
0.0
 40
0.0
 40
0.0
 40
0.0
 40
0.0476190476190476
 40
0.0476190476190476
 40
0.0476190476190476
 40
0.0952380952380952
 40
0.0952380952380952
 40
0.0952380952380952
 40
0.1428571428571428
 40
0.1428571428571428
 40
0.1428571428571428
 40
0.1904761904761905
 40
0.1904761904761905
 40
0.1904761904761905
 40
0.2380952380952381
 40
0.2380952380952381
 40
0.2380952380952381
 40
0.2857142857142857
 40
0.2857142857142857
 40
0.2857142857142857
 40
0.3333333333333333
 40
0.3333333333333333
 40
0.3333333333333333
 40
0.3809523809523809
 40
0.3809523809523809
 40
0.3809523809523809
 40
0.4285714285714285
 40
0.4285714285714285
 40
0.4285714285714285
 40
0.4761904761904762
 40
0.4761904761904762
 40
0.4761904761904762
 40
0.5238095238095237
 40
0.5238095238095237
 40
0.5238095238095237
 40
0.5714285714285714
 40
0.5714285714285714
 40
0.5714285714285714
 40
0.6190476190476191
 40
0.6190476190476191
 40
0.6190476190476191
 40
0.6666666666666666
 40
0.6666666666666666
 40
0.6666666666666666
 40
0.7142857142857142
 40
0.7142857142857142
 40
0.7142857142857142
 40
0.7619047619047619
 40
0.7619047619047619
 40
0.7619047619047619
 40
0.8095238095238095
 40
0.8095238095238095
 40
0.8095238095238095
 40
0.8571428571428571
 40
0.8571428571428571
 40
0.8571428571428571
 40
0.9047619047619047
 40
0.9047619047619047
 40
0.9047619047619047
 40
0.9523809523809523
 40
0.9523809523809523
 40
0.9523809523809523
 40
1.0
 40
1.0
 40
1.0
 40
1.0
 10
-3004.9392
 20
-932.6406
 30
0.0
 10
-3004.6068
 20
-932.8607
 30
0.0
 10
-3004.2528
 20
-933.3119
 30
0.0
 10
-3003.886
 20
-933.6976
 30
0.0
 10
-3003.5193
 20
-934.0834
 30
0.0
 10
-3003.1396
 20
-934.4037
 30
0.0
 10
-3002.3147
 20
-934.878
 30
0.0
 10
-3001.4899
 20
-935.3522
 30
0.0
 10
-3000.2198
 20
-935.9804
 30
0.0
 10
-2998.8243
 20
-936.5011
 30
0.0
 10
-2997.4289
 20
-937.0218
 30
0.0
 10
-2995.9083
 20
-937.4351
 30
0.0
 10
-2994.517
 20
-937.6872
 30
0.0
 10
-2993.1259
 20
-937.9393
 30
0.0
 10
-2991.8641
 20
-938.0303
 30
0.0
 10
-2990.8865
 20
-937.8442
 30
0.0
 10
-2989.9088
 20
-937.6583
 30
0.0
 10
-2989.2153
 20
-937.1954
 30
0.0
 10
-2988.7599
 20
-936.9185
 30
0.0
 10
-2988.3046
 20
-936.6416
 30
0.0
 10
-2988.0873
 20
-936.5507
 30
0.0
 10
-2987.9327
 20
-936.6582
 30
0.0
 10
-2987.7782
 20
-936.7656
 30
0.0
 10
-2987.6862
 20
-937.0714
 30
0.0
 10
-2987.6109
 20
-937.4269
 30
0.0
 10
-2987.5358
 20
-937.7823
 30
0.0
 10
-2987.4774
 20
-938.1873
 30
0.0
 10
-2987.5233
 20
-938.6625
 30
0.0
 10
-2987.5693
 20
-939.1379
 30
0.0
 10
-2987.7197
 20
-939.6833
 30
0.0
 10
-2987.9536
 20
-940.0884
 30
0.0
 10
-2988.1876
 20
-940.4935
 30
0.0
 10
-2988.5051
 20
-940.7579
 30
0.0
 10
-2988.8016
 20
-940.9604
 30
0.0
 10
-2989.0983
 20
-941.163
 30
0.0
 10
-2989.3741
 20
-941.3035
 30
0.0
 10
-2989.9172
 20
-941.3985
 30
0.0
 10
-2990.4604
 20
-941.4936
 30
0.0
 10
-2991.2708
 20
-941.5432
 30
0.0
 10
-2992.6078
 20
-941.382
 30
0.0
 10
-2993.9447
 20
-941.2209
 30
0.0
 10
-2995.808
 20
-940.8488
 30
0.0
 10
-2997.617
 20
-940.3446
 30
0.0
 10
-2999.4261
 20
-939.8404
 30
0.0
 10
-3001.1807
 20
-939.204
 30
0.0
 10
-3002.5886
 20
-938.6088
 30
0.0
 10
-3003.9966
 20
-938.0137
 30
0.0
 10
-3005.0578
 20
-937.4599
 30
0.0
 10
-3005.6469
 20
-937.0714
 30
0.0
 10
-3006.236
 20
-936.683
 30
0.0
 10
-3006.3529
 20
-936.4598
 30
0.0
 10
-3006.4999
 20
-936.0815
 30
0.0
 10
-3006.6471
 20
-935.7033
 30
0.0
 10
-3006.8244
 20
-935.1698
 30
0.0
 10
-3006.8595
 20
-934.6892
 30
0.0
 10
-3006.8946
 20
-934.2087
 30
0.0
 10
-3006.7876
 20
-933.7808
 30
0.0
 10
-3006.6029
 20
-933.4153
 30
0.0
 10
-3006.4183
 20
-933.0497
 30
0.0
 10
-3006.1558
 20
-932.7461
 30
0.0
 10
-3005.8692
 20
-932.5888
 30
0.0
 10
-3005.5826
 20
-932.4316
 30
0.0
 10
-3005.2716
 20
-932.4206
 30
0.0
 10
-3004.9392
 20
-932.6406
 30
0.0
  0
SPLINE
  5
73
330
1F
100
AcDbEntity
  8
Layer 1
 62
     1
370
     9
100
AcDbSpline
210
0.0
220
0.0
230
1.0
 70
    11
 71
     3
 72
    44
 73
    40
 74
     0
 42
0.0000000001
 43
0.0000000001
 40
0.0
 40
0.0
 40
0.0
 40
0.0
 40
0.0769230769230769
 40
0.0769230769230769
 40
0.0769230769230769
 40
0.1538461538461539
 40
0.1538461538461539
 40
0.1538461538461539
 40
0.2307692307692308
 40
0.2307692307692308
 40
0.2307692307692308
 40
0.3076923076923077
 40
0.3076923076923077
 40
0.3076923076923077
 40
0.3846153846153846
 40
0.3846153846153846
 40
0.3846153846153846
 40
0.4615384615384616
 40
0.4615384615384616
 40
0.4615384615384616
 40
0.5384615384615385
 40
0.5384615384615385
 40
0.5384615384615385
 40
0.6153846153846154
 40
0.6153846153846154
 40
0.6153846153846154
 40
0.6923076923076923
 40
0.6923076923076923
 40
0.6923076923076923
 40
0.7692307692307693
 40
0.7692307692307693
 40
0.7692307692307693
 40
0.8461538461538463
 40
0.8461538461538463
 40
0.8461538461538463
 40
0.9230769230769231
 40
0.9230769230769231
 40
0.9230769230769231
 40
1.0
 40
1.0
 40
1.0
 40
1.0
 10
-2990.1836
 20
-942.0176
 30
0.0
 10
-2991.0037
 20
-942.1096
 30
0.0
 10
-2991.8747
 20
-942.0499
 30
0.0
 10
-2992.6781
 20
-941.9531
 30
0.0
 10
-2994.3702
 20
-941.7492
 30
0.0
 10
-2996.1349
 20
-941.3554
 30
0.0
 10
-2997.7748
 20
-940.8984
 30
0.0
 10
-2999.4822
 20
-940.4225
 30
0.0
 10
-3001.1857
 20
-939.8274
 30
0.0
 10
-3002.8172
 20
-939.1379
 30
0.0
 10
-3003.731
 20
-938.7517
 30
0.0
 10
-3004.7587
 20
-938.2912
 30
0.0
 10
-3005.6324
 20
-937.7628
 30
0.0
 10
-3005.6988
 20
-938.6873
 30
0.0
 10
-3005.75
 20
-939.5829
 30
0.0
 10
-3005.6036
 20
-940.1069
 30
0.0
 10
-3005.4449
 20
-940.6756
 30
0.0
 10
-3005.0539
 20
-940.8074
 30
0.0
 10
-3004.6066
 20
-940.8711
 30
0.0
 10
-3004.1594
 20
-940.9349
 30
0.0
 10
-3003.6561
 20
-940.9308
 30
0.0
 10
-3002.7263
 20
-941.1036
 30
0.0
 10
-3001.7966
 20
-941.2764
 30
0.0
 10
-3000.4405
 20
-941.6261
 30
0.0
 10
-2998.9846
 20
-942.0129
 30
0.0
 10
-2997.5286
 20
-942.3998
 30
0.0
 10
-2995.9728
 20
-942.8237
 30
0.0
 10
-2994.8288
 20
-943.2578
 30
0.0
 10
-2993.6848
 20
-943.692
 30
0.0
 10
-2992.9528
 20
-944.1364
 30
0.0
 10
-2992.2581
 20
-944.4388
 30
0.0
 10
-2991.5634
 20
-944.7413
 30
0.0
 10
-2990.906
 20
-944.9017
 30
0.0
 10
-2990.5524
 20
-944.8318
 30
0.0
 10
-2990.1989
 20
-944.7619
 30
0.0
 10
-2990.1489
 20
-944.4615
 30
0.0
 10
-2990.1392
 20
-943.9257
 30
0.0
 10
-2990.1302
 20
-943.4292
 30
0.0
 10
-2990.1557
 20
-942.731
 30
0.0
 10
-2990.1836
 20
-942.0176
 30
0.0
  0
SPLINE
  5
74
330
1F
100
AcDbEntity
  8
Layer 1
 62
     5
370
     9
100
AcDbSpline
210
0.0
220
0.0
230
1.0
 70
    11
 71
     3
 72
    56
 73
    52
 74
     0
 42
0.0000000001
 43
0.0000000001
 40
0.0
 40
0.0
 40
0.0
 40
0.0
 40
0.0588235294117647
 40
0.0588235294117647
 40
0.0588235294117647
 40
0.1176470588235294
 40
0.1176470588235294
 40
0.1176470588235294
 40
0.1764705882352941
 40
0.1764705882352941
 40
0.1764705882352941
 40
0.2352941176470588
 40
0.2352941176470588
 40
0.2352941176470588
 40
0.2941176470588235
 40
0.2941176470588235
 40
0.2941176470588235
 40
0.3529411764705882
 40
0.3529411764705882
 40
0.3529411764705882
 40
0.4117647058823529
 40
0.4117647058823529
 40
0.4117647058823529
 40
0.4705882352941176
 40
0.4705882352941176
 40
0.4705882352941176
 40
0.5294117647058824
 40
0.5294117647058824
 40
0.5294117647058824
 40
0.5882352941176471
 40
0.5882352941176471
 40
0.5882352941176471
 40
0.6470588235294118
 40
0.6470588235294118
 40
0.6470588235294118
 40
0.7058823529411764
 40
0.7058823529411764
 40
0.7058823529411764
 40
0.7647058823529411
 40
0.7647058823529411
 40
0.7647058823529411
 40
0.8235294117647058
 40
0.8235294117647058
 40
0.8235294117647058
 40
0.8823529411764706
 40
0.8823529411764706
 40
0.8823529411764706
 40
0.9411764705882353
 40
0.9411764705882353
 40
0.9411764705882353
 40
1.0
 40
1.0
 40
1.0
 40
1.0
 10
-3005.265
 20
-941.2945
 30
0.0
 10
-3005.2997
 20
-941.7988
 30
0.0
 10
-3005.329
 20
-942.2935
 30
0.0
 10
-3005.2792
 20
-942.649
 30
0.0
 10
-3005.2257
 20
-943.0307
 30
0.0
 10
-3005.0807
 20
-943.2523
 30
0.0
 10
-3004.6789
 20
-943.3052
 30
0.0
 10
-3004.2773
 20
-943.3582
 30
0.0
 10
-3003.6186
 20
-943.2428
 30
0.0
 10
-3002.8403
 20
-943.2755
 30
0.0
 10
-3002.062
 20
-943.3083
 30
0.0
 10
-3001.1641
 20
-943.4891
 30
0.0
 10
-3000.3227
 20
-943.6994
 30
0.0
 10
-2999.4814
 20
-943.9099
 30
0.0
 10
-2998.6968
 20
-944.1498
 30
0.0
 10
-2997.909
 20
-944.4552
 30
0.0
 10
-2997.1213
 20
-944.7608
 30
0.0
 10
-2996.3305
 20
-945.1318
 30
0.0
 10
-2995.4749
 20
-945.5853
 30
0.0
 10
-2994.6194
 20
-946.0388
 30
0.0
 10
-2993.6994
 20
-946.5749
 30
0.0
 10
-2993.1842
 20
-946.9131
 30
0.0
 10
-2992.6689
 20
-947.2513
 30
0.0
 10
-2992.5587
 20
-947.3916
 30
0.0
 10
-2992.4657
 20
-947.4259
 30
0.0
 10
-2992.3728
 20
-947.4602
 30
0.0
 10
-2992.2972
 20
-947.3885
 30
0.0
 10
-2992.1633
 20
-947.2201
 30
0.0
 10
-2992.0294
 20
-947.0519
 30
0.0
 10
-2991.8371
 20
-946.7869
 30
0.0
 10
-2991.7001
 20
-946.4284
 30
0.0
 10
-2991.5798
 20
-946.1136
 30
0.0
 10
-2991.5017
 20
-945.7268
 30
0.0
 10
-2991.4291
 20
-945.3311
 30
0.0
 10
-2991.8159
 20
-945.239
 30
0.0
 10
-2992.1993
 20
-945.0929
 30
0.0
 10
-2992.4924
 20
-944.9654
 30
0.0
 10
-2993.359
 20
-944.588
 30
0.0
 10
-2994.137
 20
-944.1366
 30
0.0
 10
-2995.0371
 20
-943.795
 30
0.0
 10
-2996.349
 20
-943.2971
 30
0.0
 10
-2997.7776
 20
-942.9294
 30
0.0
 10
-2999.1355
 20
-942.5686
 30
0.0
 10
-3000.3454
 20
-942.2471
 30
0.0
 10
-3001.6035
 20
-941.8977
 30
0.0
 10
-3002.8336
 20
-941.6691
 30
0.0
 10
-3003.4718
 20
-941.5504
 30
0.0
 10
-3004.0629
 20
-941.5299
 30
0.0
 10
-3004.6895
 20
-941.4406
 30
0.0
 10
-3004.8996
 20
-941.4107
 30
0.0
 10
-3005.0921
 20
-941.3637
 30
0.0
 10
-3005.265
 20
-941.2945
 30
0.0
  0
SPLINE
  5
75
330
1F
100
AcDbEntity
  8
Layer 1
 62
     1
370
     9
100
AcDbSpline
210
0.0
220
0.0
230
1.0
 70
    11
 71
     3
 72
    53
 73
    49
 74
     0
 42
0.0000000001
 43
0.0000000001
 40
0.0
 40
0.0
 40
0.0
 40
0.0
 40
0.0625
 40
0.0625
 40
0.0625
 40
0.125
 40
0.125
 40
0.125
 40
0.1875
 40
0.1875
 40
0.1875
 40
0.25
 40
0.25
 40
0.25
 40
0.3125
 40
0.3125
 40
0.3125
 40
0.375
 40
0.375
 40
0.375
 40
0.4375
 40
0.4375
 40
0.4375
 40
0.5
 40
0.5
 40
0.5
 40
0.5625
 40
0.5625
 40
0.5625
 40
0.625
 40
0.625
 40
0.625
 40
0.6875
 40
0.6875
 40
0.6875
 40
0.75
 40
0.75
 40
0.75
 40
0.8125
 40
0.8125
 40
0.8125
 40
0.875
 40
0.875
 40
0.875
 40
0.9375
 40
0.9375
 40
0.9375
 40
1.0
 40
1.0
 40
1.0
 40
1.0
 10
-2993.3912
 20
-947.4732
 30
0.0
 10
-2993.4343
 20
-947.4415
 30
0.0
 10
-2993.4734
 20
-947.4138
 30
0.0
 10
-2993.5058
 20
-947.3925
 30
0.0
 10
-2994.2162
 20
-946.9262
 30
0.0
 10
-2994.9981
 20
-946.4908
 30
0.0
 10
-2995.7496
 20
-946.0924
 30
0.0
 10
-2996.5201
 20
-945.684
 30
0.0
 10
-2997.307
 20
-945.3067
 30
0.0
 10
-2998.1213
 20
-944.9909
 30
0.0
 10
-2998.887
 20
-944.694
 30
0.0
 10
-2999.6681
 20
-944.4566
 30
0.0
 10
-3000.4653
 20
-944.2572
 30
0.0
 10
-3001.2352
 20
-944.0647
 30
0.0
 10
-3002.0724
 20
-943.8837
 30
0.0
 10
-3002.8649
 20
-943.8503
 30
0.0
 10
-3003.4689
 20
-943.825
 30
0.0
 10
-3004.1906
 20
-943.9501
 30
0.0
 10
-3004.7558
 20
-943.8755
 30
0.0
 10
-3004.8804
 20
-943.859
 30
0.0
 10
-3004.9937
 20
-943.831
 30
0.0
 10
-3005.096
 20
-943.7921
 30
0.0
 10
-3005.266
 20
-943.8671
 30
0.0
 10
-3005.4057
 20
-943.955
 30
0.0
 10
-3005.4409
 20
-944.0846
 30
0.0
 10
-3005.4908
 20
-944.2683
 30
0.0
 10
-3005.4683
 20
-944.994
 30
0.0
 10
-3005.1013
 20
-945.1056
 30
0.0
 10
-3004.038
 20
-945.429
 30
0.0
 10
-3002.3722
 20
-945.5466
 30
0.0
 10
-3001.3051
 20
-945.8181
 30
0.0
 10
-3000.4448
 20
-946.0369
 30
0.0
 10
-2999.5053
 20
-946.3345
 30
0.0
 10
-2998.6659
 20
-946.6609
 30
0.0
 10
-2997.8264
 20
-946.9872
 30
0.0
 10
-2997.0871
 20
-947.3426
 30
0.0
 10
-2996.4274
 20
-947.737
 30
0.0
 10
-2995.7677
 20
-948.1315
 30
0.0
 10
-2995.0615
 20
-948.4413
 30
0.0
 10
-2994.5437
 20
-948.7139
 30
0.0
 10
-2994.0259
 20
-948.9865
 30
0.0
 10
-2993.5707
 20
-949.0981
 30
0.0
 10
-2993.3598
 20
-949.0693
 30
0.0
 10
-2993.1489
 20
-949.0404
 30
0.0
 10
-2993.1824
 20
-948.8709
 30
0.0
 10
-2993.2293
 20
-948.5725
 30
0.0
 10
-2993.2699
 20
-948.3138
 30
0.0
 10
-2993.339
 20
-947.8418
 30
0.0
 10
-2993.3912
 20
-947.4732
 30
0.0
  0
SPLINE
  5
76
330
1F
100
AcDbEntity
  8
Layer 1
 62
     1
370
     9
100
AcDbSpline
210
0.0
220
0.0
230
1.0
 70
    11
 71
     3
 72
    98
 73
    94
 74
     0
 42
0.0000000001
 43
0.0000000001
 40
0.0
 40
0.0
 40
0.0
 40
0.0
 40
0.032258064516129
 40
0.032258064516129
 40
0.032258064516129
 40
0.0645161290322581
 40
0.0645161290322581
 40
0.0645161290322581
 40
0.0967741935483871
 40
0.0967741935483871
 40
0.0967741935483871
 40
0.1290322580645161
 40
0.1290322580645161
 40
0.1290322580645161
 40
0.1612903225806452
 40
0.1612903225806452
 40
0.1612903225806452
 40
0.1935483870967742
 40
0.1935483870967742
 40
0.1935483870967742
 40
0.2258064516129032
 40
0.2258064516129032
 40
0.2258064516129032
 40
0.2580645161290323
 40
0.2580645161290323
 40
0.2580645161290323
 40
0.2903225806451613
 40
0.2903225806451613
 40
0.2903225806451613
 40
0.3225806451612903
 40
0.3225806451612903
 40
0.3225806451612903
 40
0.3548387096774194
 40
0.3548387096774194
 40
0.3548387096774194
 40
0.3870967741935484
 40
0.3870967741935484
 40
0.3870967741935484
 40
0.4193548387096774
 40
0.4193548387096774
 40
0.4193548387096774
 40
0.4516129032258064
 40
0.4516129032258064
 40
0.4516129032258064
 40
0.4838709677419355
 40
0.4838709677419355
 40
0.4838709677419355
 40
0.5161290322580645
 40
0.5161290322580645
 40
0.5161290322580645
 40
0.5483870967741935
 40
0.5483870967741935
 40
0.5483870967741935
 40
0.5806451612903225
 40
0.5806451612903225
 40
0.5806451612903225
 40
0.6129032258064516
 40
0.6129032258064516
 40
0.6129032258064516
 40
0.6451612903225806
 40
0.6451612903225806
 40
0.6451612903225806
 40
0.6774193548387096
 40
0.6774193548387096
 40
0.6774193548387096
 40
0.7096774193548387
 40
0.7096774193548387
 40
0.7096774193548387
 40
0.7419354838709677
 40
0.7419354838709677
 40
0.7419354838709677
 40
0.7741935483870968
 40
0.7741935483870968
 40
0.7741935483870968
 40
0.8064516129032258
 40
0.8064516129032258
 40
0.8064516129032258
 40
0.8387096774193548
 40
0.8387096774193548
 40
0.8387096774193548
 40
0.8709677419354839
 40
0.8709677419354839
 40
0.8709677419354839
 40
0.9032258064516129
 40
0.9032258064516129
 40
0.9032258064516129
 40
0.9354838709677419
 40
0.9354838709677419
 40
0.9354838709677419
 40
0.967741935483871
 40
0.967741935483871
 40
0.967741935483871
 40
1.0
 40
1.0
 40
1.0
 40
1.0
 10
-3005.1143
 20
-945.762
 30
0.0
 10
-3004.4058
 20
-945.9526
 30
0.0
 10
-3003.6708
 20
-946.0413
 30
0.0
 10
-3002.9459
 20
-946.148
 30
0.0
 10
-3002.8718
 20
-946.1589
 30
0.0
 10
-3002.8122
 20
-946.1998
 30
0.0
 10
-3002.7762
 20
-946.2649
 30
0.0
 10
-3002.7401
 20
-946.33
 30
0.0
 10
-3002.7372
 20
-946.4016
 30
0.0
 10
-3002.7677
 20
-946.4694
 30
0.0
 10
-3003.2608
 20
-947.5631
 30
0.0
 10
-3003.6306
 20
-948.3763
 30
0.0
 10
-3004.2465
 20
-949.4095
 30
0.0
 10
-3004.893
 20
-950.4937
 30
0.0
 10
-3005.696
 20
-951.6184
 30
0.0
 10
-3006.578
 20
-952.5226
 30
0.0
 10
-3007.191
 20
-953.1512
 30
0.0
 10
-3007.8743
 20
-953.6872
 30
0.0
 10
-3008.6369
 20
-954.1268
 30
0.0
 10
-3008.8557
 20
-954.2529
 30
0.0
 10
-3009.0554
 20
-954.3499
 30
0.0
 10
-3009.2664
 20
-954.4468
 30
0.0
 10
-3009.3881
 20
-954.5026
 30
0.0
 10
-3009.4629
 20
-954.6135
 30
0.0
 10
-3009.4682
 20
-954.7461
 30
0.0
 10
-3009.4736
 20
-954.8788
 30
0.0
 10
-3009.408
 20
-954.9952
 30
0.0
 10
-3009.2912
 20
-955.0605
 30
0.0
 10
-3009.1286
 20
-955.1514
 30
0.0
 10
-3008.9588
 20
-955.2372
 30
0.0
 10
-3008.8087
 20
-955.3207
 30
0.0
 10
-3008.4707
 20
-955.5087
 30
0.0
 10
-3008.187
 20
-955.6935
 30
0.0
 10
-3007.9546
 20
-956.0093
 30
0.0
 10
-3007.714
 20
-956.3361
 30
0.0
 10
-3007.5612
 20
-956.7372
 30
0.0
 10
-3007.3631
 20
-957.0913
 30
0.0
 10
-3007.1622
 20
-957.4505
 30
0.0
 10
-3006.9413
 20
-957.7009
 30
0.0
 10
-3006.5947
 20
-957.9355
 30
0.0
 10
-3006.1328
 20
-958.2483
 30
0.0
 10
-3005.5906
 20
-958.4814
 30
0.0
 10
-3005.107
 20
-958.769
 30
0.0
 10
-3004.7106
 20
-959.0048
 30
0.0
 10
-3004.2534
 20
-959.3293
 30
0.0
 10
-3003.9696
 20
-959.6951
 30
0.0
 10
-3003.7467
 20
-959.9826
 30
0.0
 10
-3003.598
 20
-960.3769
 30
0.0
 10
-3003.9102
 20
-960.6625
 30
0.0
 10
-3004.1963
 20
-960.9241
 30
0.0
 10
-3004.6994
 20
-960.9416
 30
0.0
 10
-3005.0336
 20
-960.7659
 30
0.0
 10
-3005.4016
 20
-960.5725
 30
0.0
 10
-3005.5798
 20
-960.2043
 30
0.0
 10
-3005.8886
 20
-959.9667
 30
0.0
 10
-3006.1411
 20
-959.7724
 30
0.0
 10
-3006.5572
 20
-959.7052
 30
0.0
 10
-3006.86
 20
-959.6108
 30
0.0
 10
-3007.3122
 20
-959.4697
 30
0.0
 10
-3007.8124
 20
-959.2452
 30
0.0
 10
-3008.1756
 20
-958.9402
 30
0.0
 10
-3008.5254
 20
-958.6463
 30
0.0
 10
-3008.7505
 20
-958.2726
 30
0.0
 10
-3008.8923
 20
-957.8444
 30
0.0
 10
-3008.9956
 20
-957.5322
 30
0.0
 10
-3009.0463
 20
-957.1512
 30
0.0
 10
-3009.1866
 20
-956.8614
 30
0.0
 10
-3009.3278
 20
-956.5697
 30
0.0
 10
-3009.5632
 20
-956.4049
 30
0.0
 10
-3009.8656
 20
-956.2947
 30
0.0
 10
-3010.2882
 20
-956.1406
 30
0.0
 10
-3010.89
 20
-956.0782
 30
0.0
 10
-3011.2491
 20
-955.8211
 30
0.0
 10
-3011.6543
 20
-955.5311
 30
0.0
 10
-3011.6504
 20
-955.0622
 30
0.0
 10
-3011.4976
 20
-954.6352
 30
0.0
 10
-3011.3391
 20
-954.1921
 30
0.0
 10
-3011.0339
 20
-953.8016
 30
0.0
 10
-3010.7011
 20
-953.4723
 30
0.0
 10
-3010.223
 20
-952.9994
 30
0.0
 10
-3009.7151
 20
-952.5993
 30
0.0
 10
-3009.2466
 20
-952.0994
 30
0.0
 10
-3008.5441
 20
-951.3499
 30
0.0
 10
-3007.8826
 20
-950.4797
 30
0.0
 10
-3007.315
 20
-949.6238
 30
0.0
 10
-3006.7897
 20
-948.8314
 30
0.0
 10
-3006.3195
 20
-947.9944
 30
0.0
 10
-3005.9083
 20
-947.1385
 30
0.0
 10
-3005.671
 20
-946.6445
 30
0.0
 10
-3005.5909
 20
-946.4117
 30
0.0
 10
-3005.3926
 20
-945.9015
 30
0.0
 10
-3005.3497
 20
-945.7909
 30
0.0
 10
-3005.23
 20
-945.731
 30
0.0
 10
-3005.1143
 20
-945.762
 30
0.0
  0
SPLINE
  5
77
330
1F
100
AcDbEntity
  8
Layer 1
 62
     1
370
     9
100
AcDbSpline
210
0.0
220
0.0
230
1.0
 70
    11
 71
     3
 72
    44
 73
    40
 74
     0
 42
0.0000000001
 43
0.0000000001
 40
0.0
 40
0.0
 40
0.0
 40
0.0
 40
0.0769230769230769
 40
0.0769230769230769
 40
0.0769230769230769
 40
0.1538461538461539
 40
0.1538461538461539
 40
0.1538461538461539
 40
0.2307692307692308
 40
0.2307692307692308
 40
0.2307692307692308
 40
0.3076923076923077
 40
0.3076923076923077
 40
0.3076923076923077
 40
0.3846153846153846
 40
0.3846153846153846
 40
0.3846153846153846
 40
0.4615384615384616
 40
0.4615384615384616
 40
0.4615384615384616
 40
0.5384615384615385
 40
0.5384615384615385
 40
0.5384615384615385
 40
0.6153846153846154
 40
0.6153846153846154
 40
0.6153846153846154
 40
0.6923076923076923
 40
0.6923076923076923
 40
0.6923076923076923
 40
0.7692307692307693
 40
0.7692307692307693
 40
0.7692307692307693
 40
0.8461538461538463
 40
0.8461538461538463
 40
0.8461538461538463
 40
0.9230769230769231
 40
0.9230769230769231
 40
0.9230769230769231
 40
1.0
 40
1.0
 40
1.0
 40
1.0
 10
-2999.8647
 20
-947.5606
 30
0.0
 10
-2999.8722
 20
-947.7458
 30
0.0
 10
-2999.9402
 20
-947.9419
 30
0.0
 10
-3000.0172
 20
-948.1419
 30
0.0
 10
-3000.2762
 20
-948.8145
 30
0.0
 10
-3000.5826
 20
-949.4706
 30
0.0
 10
-3000.9233
 20
-950.1065
 30
0.0
 10
-3001.4114
 20
-951.0171
 30
0.0
 10
-3001.6207
 20
-951.3617
 30
0.0
 10
-3002.2667
 20
-952.1711
 30
0.0
 10
-3002.8337
 20
-952.8817
 30
0.0
 10
-3004.3047
 20
-954.2593
 30
0.0
 10
-3005.0679
 20
-954.7641
 30
0.0
 10
-3005.5615
 20
-955.0903
 30
0.0
 10
-3006.178
 20
-955.3873
 30
0.0
 10
-3006.7627
 20
-955.5003
 30
0.0
 10
-3007.5142
 20
-955.6454
 30
0.0
 10
-3007.9385
 20
-955.124
 30
0.0
 10
-3007.4417
 20
-954.4901
 30
0.0
 10
-3007.0835
 20
-954.0331
 30
0.0
 10
-3006.5581
 20
-953.7033
 30
0.0
 10
-3006.1472
 20
-953.2926
 30
0.0
 10
-3005.7303
 20
-952.876
 30
0.0
 10
-3004.6139
 20
-951.6963
 30
0.0
 10
-3004.2705
 20
-951.2183
 30
0.0
 10
-3003.835
 20
-950.6123
 30
0.0
 10
-3003.798
 20
-950.5216
 30
0.0
 10
-3003.4276
 20
-949.8748
 30
0.0
 10
-3003.0804
 20
-949.2686
 30
0.0
 10
-3002.7431
 20
-948.6507
 30
0.0
 10
-3002.4609
 20
-948.0118
 30
0.0
 10
-3002.3089
 20
-947.6675
 30
0.0
 10
-3002.2077
 20
-947.3028
 30
0.0
 10
-3002.0478
 20
-946.9613
 30
0.0
 10
-3001.9937
 20
-946.8457
 30
0.0
 10
-3001.9297
 20
-946.7542
 30
0.0
 10
-3001.8559
 20
-946.6852
 30
0.0
 10
-3001.1921
 20
-946.977
 30
0.0
 10
-3000.5284
 20
-947.2688
 30
0.0
 10
-2999.8647
 20
-947.5606
 30
0.0
  0
SPLINE
  5
78
330
1F
100
AcDbEntity
  8
Layer 1
 62
     1
370
     9
100
AcDbSpline
210
0.0
220
0.0
230
1.0
 70
    11
 71
     3
 72
    44
 73
    40
 74
     0
 42
0.0000000001
 43
0.0000000001
 40
0.0
 40
0.0
 40
0.0
 40
0.0
 40
0.0769230769230769
 40
0.0769230769230769
 40
0.0769230769230769
 40
0.1538461538461539
 40
0.1538461538461539
 40
0.1538461538461539
 40
0.2307692307692308
 40
0.2307692307692308
 40
0.2307692307692308
 40
0.3076923076923077
 40
0.3076923076923077
 40
0.3076923076923077
 40
0.3846153846153846
 40
0.3846153846153846
 40
0.3846153846153846
 40
0.4615384615384616
 40
0.4615384615384616
 40
0.4615384615384616
 40
0.5384615384615385
 40
0.5384615384615385
 40
0.5384615384615385
 40
0.6153846153846154
 40
0.6153846153846154
 40
0.6153846153846154
 40
0.6923076923076923
 40
0.6923076923076923
 40
0.6923076923076923
 40
0.7692307692307693
 40
0.7692307692307693
 40
0.7692307692307693
 40
0.8461538461538463
 40
0.8461538461538463
 40
0.8461538461538463
 40
0.9230769230769231
 40
0.9230769230769231
 40
0.9230769230769231
 40
1.0
 40
1.0
 40
1.0
 40
1.0
 10
-2997.0228
 20
-948.8101
 30
0.0
 10
-2996.9806
 20
-949.0464
 30
0.0
 10
-2997.0741
 20
-949.3018
 30
0.0
 10
-2997.1838
 20
-949.5636
 30
0.0
 10
-2997.4622
 20
-950.2285
 30
0.0
 10
-2997.7876
 20
-950.8757
 30
0.0
 10
-2998.1467
 20
-951.5016
 30
0.0
 10
-2998.6611
 20
-952.3979
 30
0.0
 10
-2998.8802
 20
-952.7363
 30
0.0
 10
-2999.5495
 20
-953.5271
 30
0.0
 10
-3000.137
 20
-954.2213
 30
0.0
 10
-3001.6474
 20
-955.5565
 30
0.0
 10
-3002.425
 20
-956.0393
 30
0.0
 10
-3002.9279
 20
-956.3514
 30
0.0
 10
-3003.5528
 20
-956.6307
 30
0.0
 10
-3004.1405
 20
-956.727
 30
0.0
 10
-3004.8959
 20
-956.8507
 30
0.0
 10
-3005.3049
 20
-956.3174
 30
0.0
 10
-3004.7898
 20
-955.6979
 30
0.0
 10
-3004.4185
 20
-955.2513
 30
0.0
 10
-3003.8837
 20
-954.9366
 30
0.0
 10
-3003.4611
 20
-954.5377
 30
0.0
 10
-3003.0322
 20
-954.1332
 30
0.0
 10
-3001.882
 20
-952.9857
 30
0.0
 10
-3001.5248
 20
-952.5177
 30
0.0
 10
-3001.0719
 20
-951.9244
 30
0.0
 10
-3001.0322
 20
-951.8347
 30
0.0
 10
-3000.6432
 20
-951.1987
 30
0.0
 10
-3000.2785
 20
-950.6026
 30
0.0
 10
-2999.9234
 20
-949.9947
 30
0.0
 10
-2999.6228
 20
-949.3641
 30
0.0
 10
-2999.4607
 20
-949.0243
 30
0.0
 10
-2999.3489
 20
-948.6625
 30
0.0
 10
-2999.1793
 20
-948.3258
 30
0.0
 10
-2999.1003
 20
-948.1688
 30
0.0
 10
-2999.0037
 20
-948.0583
 30
0.0
 10
-2998.8903
 20
-947.9891
 30
0.0
 10
-2998.2678
 20
-948.2628
 30
0.0
 10
-2997.6452
 20
-948.5365
 30
0.0
 10
-2997.0228
 20
-948.8101
 30
0.0
  0
SPLINE
  5
79
330
1F
100
AcDbEntity
  8
Layer 1
 62
     1
370
     9
100
AcDbSpline
210
0.0
220
0.0
230
1.0
 70
    11
 71
     3
 72
    53
 73
    49
 74
     0
 42
0.0000000001
 43
0.0000000001
 40
0.0
 40
0.0
 40
0.0
 40
0.0
 40
0.0625
 40
0.0625
 40
0.0625
 40
0.125
 40
0.125
 40
0.125
 40
0.1875
 40
0.1875
 40
0.1875
 40
0.25
 40
0.25
 40
0.25
 40
0.3125
 40
0.3125
 40
0.3125
 40
0.375
 40
0.375
 40
0.375
 40
0.4375
 40
0.4375
 40
0.4375
 40
0.5
 40
0.5
 40
0.5
 40
0.5625
 40
0.5625
 40
0.5625
 40
0.625
 40
0.625
 40
0.625
 40
0.6875
 40
0.6875
 40
0.6875
 40
0.75
 40
0.75
 40
0.75
 40
0.8125
 40
0.8125
 40
0.8125
 40
0.875
 40
0.875
 40
0.875
 40
0.9375
 40
0.9375
 40
0.9375
 40
1.0
 40
1.0
 40
1.0
 40
1.0
 10
-2994.6152
 20
-949.8686
 30
0.0
 10
-2995.2242
 20
-949.6008
 30
0.0
 10
-2995.8334
 20
-949.333
 30
0.0
 10
-2996.4424
 20
-949.0654
 30
0.0
 10
-2996.4673
 20
-949.297
 30
0.0
 10
-2996.5437
 20
-949.5381
 30
0.0
 10
-2996.6465
 20
-949.7839
 30
0.0
 10
-2996.9342
 20
-950.471
 30
0.0
 10
-2997.2697
 20
-951.1388
 30
0.0
 10
-2997.6409
 20
-951.7856
 30
0.0
 10
-2998.104
 20
-952.5926
 30
0.0
 10
-2998.4995
 20
-953.1828
 30
0.0
 10
-2999.1035
 20
-953.8965
 30
0.0
 10
-2999.5189
 20
-954.3872
 30
0.0
 10
-3000.0458
 20
-954.8682
 30
0.0
 10
-3000.53
 20
-955.2929
 30
0.0
 10
-3001.013
 20
-955.7166
 30
0.0
 10
-3001.5693
 20
-956.1874
 30
0.0
 10
-3002.1158
 20
-956.5266
 30
0.0
 10
-3002.6876
 20
-956.8817
 30
0.0
 10
-3003.3771
 20
-957.1851
 30
0.0
 10
-3004.0454
 20
-957.2947
 30
0.0
 10
-3004.27
 20
-957.3315
 30
0.0
 10
-3004.4786
 20
-957.3271
 30
0.0
 10
-3004.6652
 20
-957.2895
 30
0.0
 10
-3004.8051
 20
-957.3682
 30
0.0
 10
-3004.9202
 20
-957.4457
 30
0.0
 10
-3004.9559
 20
-957.5194
 30
0.0
 10
-3005.0085
 20
-957.6276
 30
0.0
 10
-3004.8906
 20
-957.7276
 30
0.0
 10
-3004.634
 20
-957.9211
 30
0.0
 10
-3004.3774
 20
-958.1147
 30
0.0
 10
-3004.0709
 20
-958.3276
 30
0.0
 10
-3003.7722
 20
-958.5814
 30
0.0
 10
-3003.4734
 20
-958.8353
 30
0.0
 10
-3003.4092
 20
-958.9724
 30
0.0
 10
-3002.9233
 20
-958.8913
 30
0.0
 10
-3002.4374
 20
-958.8102
 30
0.0
 10
-3001.6673
 20
-958.4273
 30
0.0
 10
-3000.8237
 20
-957.7967
 30
0.0
 10
-2999.0376
 20
-956.4616
 30
0.0
 10
-2997.2004
 20
-954.3313
 30
0.0
 10
-2995.9419
 20
-952.4984
 30
0.0
 10
-2995.3423
 20
-951.6249
 30
0.0
 10
-2995.1152
 20
-951.0656
 30
0.0
 10
-2994.854
 20
-950.5815
 30
0.0
 10
-2994.6789
 20
-950.2567
 30
0.0
 10
-2994.5649
 20
-950.0415
 30
0.0
 10
-2994.6152
 20
-949.8686
 30
0.0
  0
SPLINE
  5
7A
330
1F
100
AcDbEntity
  8
Layer 1
 62
     1
370
     9
100
AcDbSpline
210
0.0
220
0.0
230
1.0
 70
    11
 71
     3
 72
    80
 73
    76
 74
     0
 42
0.0000000001
 43
0.0000000001
 40
0.0
 40
0.0
 40
0.0
 40
0.0
 40
0.04
 40
0.04
 40
0.04
 40
0.08
 40
0.08
 40
0.08
 40
0.12
 40
0.12
 40
0.12
 40
0.16
 40
0.16
 40
0.16
 40
0.2
 40
0.2
 40
0.2
 40
0.24
 40
0.24
 40
0.24
 40
0.28
 40
0.28
 40
0.28
 40
0.32
 40
0.32
 40
0.32
 40
0.36
 40
0.36
 40
0.36
 40
0.4
 40
0.4
 40
0.4
 40
0.44
 40
0.44
 40
0.44
 40
0.48
 40
0.48
 40
0.48
 40
0.52
 40
0.52
 40
0.52
 40
0.56
 40
0.56
 40
0.56
 40
0.6
 40
0.6
 40
0.6
 40
0.64
 40
0.64
 40
0.64
 40
0.68
 40
0.68
 40
0.68
 40
0.72
 40
0.72
 40
0.72
 40
0.76
 40
0.76
 40
0.76
 40
0.8
 40
0.8
 40
0.8
 40
0.84
 40
0.84
 40
0.84
 40
0.88
 40
0.88
 40
0.88
 40
0.92
 40
0.92
 40
0.92
 40
0.96
 40
0.96
 40
0.96
 40
1.0
 40
1.0
 40
1.0
 40
1.0
 10
-3005.9675
 20
-960.7082
 30
0.0
 10
-3006.0532
 20
-960.6086
 30
0.0
 10
-3006.1459
 20
-960.4976
 30
0.0
 10
-3006.2457
 20
-960.4209
 30
0.0
 10
-3006.3858
 20
-960.3131
 30
0.0
 10
-3006.8568
 20
-960.215
 30
0.0
 10
-3007.0349
 20
-960.1595
 30
0.0
 10
-3007.5656
 20
-959.9939
 30
0.0
 10
-3008.1259
 20
-959.7366
 30
0.0
 10
-3008.5521
 20
-959.3788
 30
0.0
 10
-3008.9841
 20
-959.0159
 30
0.0
 10
-3009.2697
 20
-958.5532
 30
0.0
 10
-3009.4451
 20
-958.0234
 30
0.0
 10
-3009.5379
 20
-957.7429
 30
0.0
 10
-3009.5878
 20
-957.3647
 30
0.0
 10
-3009.7113
 20
-957.11
 30
0.0
 10
-3009.7842
 20
-956.9592
 30
0.0
 10
-3009.913
 20
-956.8906
 30
0.0
 10
-3010.0667
 20
-956.8346
 30
0.0
 10
-3010.5913
 20
-956.6433
 30
0.0
 10
-3011.105
 20
-956.6346
 30
0.0
 10
-3011.5901
 20
-956.2873
 30
0.0
 10
-3011.9563
 20
-956.0252
 30
0.0
 10
-3012.1327
 20
-955.6673
 30
0.0
 10
-3012.167
 20
-955.28
 30
0.0
 10
-3013.0315
 20
-956.0532
 30
0.0
 10
-3013.904
 20
-956.8116
 30
0.0
 10
-3014.8803
 20
-957.3768
 30
0.0
 10
-3015.9376
 20
-957.9889
 30
0.0
 10
-3017.1167
 20
-958.3745
 30
0.0
 10
-3018.286
 20
-958.4276
 30
0.0
 10
-3019.4553
 20
-958.4806
 30
0.0
 10
-3020.615
 20
-958.201
 30
0.0
 10
-3021.3068
 20
-957.8684
 30
0.0
 10
-3021.9986
 20
-957.5358
 30
0.0
 10
-3022.4554
 20
-957.1504
 30
0.0
 10
-3022.4943
 20
-956.8612
 30
0.0
 10
-3022.5388
 20
-956.5317
 30
0.0
 10
-3021.7321
 20
-956.1333
 30
0.0
 10
-3021.8622
 20
-955.0777
 30
0.0
 10
-3021.911
 20
-954.6826
 30
0.0
 10
-3022.1058
 20
-954.2489
 30
0.0
 10
-3022.4907
 20
-953.9259
 30
0.0
 10
-3022.8757
 20
-953.603
 30
0.0
 10
-3023.4506
 20
-953.3909
 30
0.0
 10
-3024.0303
 20
-953.3764
 30
0.0
 10
-3024.6101
 20
-953.362
 30
0.0
 10
-3025.1949
 20
-953.5451
 30
0.0
 10
-3025.6382
 20
-953.762
 30
0.0
 10
-3026.0816
 20
-953.9789
 30
0.0
 10
-3026.3836
 20
-954.2295
 30
0.0
 10
-3026.637
 20
-954.5765
 30
0.0
 10
-3026.8904
 20
-954.9235
 30
0.0
 10
-3027.0951
 20
-955.367
 30
0.0
 10
-3027.1243
 20
-955.9309
 30
0.0
 10
-3027.1535
 20
-956.4949
 30
0.0
 10
-3026.9596
 20
-957.1562
 30
0.0
 10
-3026.7149
 20
-957.7142
 30
0.0
 10
-3026.1951
 20
-958.8999
 30
0.0
 10
-3024.0335
 20
-960.1434
 30
0.0
 10
-3023.0944
 20
-960.6014
 30
0.0
 10
-3022.2358
 20
-961.0202
 30
0.0
 10
-3021.2728
 20
-961.2353
 30
0.0
 10
-3020.1663
 20
-961.5282
 30
0.0
 10
-3019.0598
 20
-961.8212
 30
0.0
 10
-3017.7262
 20
-962.1094
 30
0.0
 10
-3016.2076
 20
-962.2479
 30
0.0
 10
-3014.689
 20
-962.3866
 30
0.0
 10
-3012.9855
 20
-962.3754
 30
0.0
 10
-3011.5334
 20
-962.2545
 30
0.0
 10
-3010.0814
 20
-962.1336
 30
0.0
 10
-3008.8808
 20
-961.903
 30
0.0
 10
-3007.9561
 20
-961.6051
 30
0.0
 10
-3007.142
 20
-961.3428
 30
0.0
 10
-3006.542
 20
-961.0286
 30
0.0
 10
-3005.9675
 20
-960.7082
 30
0.0
  0
SPLINE
  5
7B
330
1F
100
AcDbEntity
  8
Layer 1
 62
     1
370
     9
100
AcDbSpline
210
0.0
220
0.0
230
1.0
 70
    11
 71
     3
 72
   191
 73
   187
 74
     0
 42
0.0000000001
 43
0.0000000001
 40
0.0
 40
0.0
 40
0.0
 40
0.0
 40
0.0161290322580645
 40
0.0161290322580645
 40
0.0161290322580645
 40
0.032258064516129
 40
0.032258064516129
 40
0.032258064516129
 40
0.0483870967741935
 40
0.0483870967741935
 40
0.0483870967741935
 40
0.0645161290322581
 40
0.0645161290322581
 40
0.0645161290322581
 40
0.0806451612903226
 40
0.0806451612903226
 40
0.0806451612903226
 40
0.0967741935483871
 40
0.0967741935483871
 40
0.0967741935483871
 40
0.1129032258064516
 40
0.1129032258064516
 40
0.1129032258064516
 40
0.1290322580645161
 40
0.1290322580645161
 40
0.1290322580645161
 40
0.1451612903225806
 40
0.1451612903225806
 40
0.1451612903225806
 40
0.1612903225806452
 40
0.1612903225806452
 40
0.1612903225806452
 40
0.1774193548387097
 40
0.1774193548387097
 40
0.1774193548387097
 40
0.1935483870967742
 40
0.1935483870967742
 40
0.1935483870967742
 40
0.2096774193548387
 40
0.2096774193548387
 40
0.2096774193548387
 40
0.2258064516129032
 40
0.2258064516129032
 40
0.2258064516129032
 40
0.2419354838709677
 40
0.2419354838709677
 40
0.2419354838709677
 40
0.2580645161290323
 40
0.2580645161290323
 40
0.2580645161290323
 40
0.2741935483870968
 40
0.2741935483870968
 40
0.2741935483870968
 40
0.2903225806451613
 40
0.2903225806451613
 40
0.2903225806451613
 40
0.3064516129032258
 40
0.3064516129032258
 40
0.3064516129032258
 40
0.3225806451612903
 40
0.3225806451612903
 40
0.3225806451612903
 40
0.3387096774193548
 40
0.3387096774193548
 40
0.3387096774193548
 40
0.3548387096774194
 40
0.3548387096774194
 40
0.3548387096774194
 40
0.3709677419354839
 40
0.3709677419354839
 40
0.3709677419354839
 40
0.3870967741935484
 40
0.3870967741935484
 40
0.3870967741935484
 40
0.4032258064516129
 40
0.4032258064516129
 40
0.4032258064516129
 40
0.4193548387096774
 40
0.4193548387096774
 40
0.4193548387096774
 40
0.4354838709677419
 40
0.4354838709677419
 40
0.4354838709677419
 40
0.4516129032258064
 40
0.4516129032258064
 40
0.4516129032258064
 40
0.4677419354838709
 40
0.4677419354838709
 40
0.4677419354838709
 40
0.4838709677419355
 40
0.4838709677419355
 40
0.4838709677419355
 40
0.5
 40
0.5
 40
0.5
 40
0.5161290322580645
 40
0.5161290322580645
 40
0.5161290322580645
 40
0.532258064516129
 40
0.532258064516129
 40
0.532258064516129
 40
0.5483870967741935
 40
0.5483870967741935
 40
0.5483870967741935
 40
0.564516129032258
 40
0.564516129032258
 40
0.564516129032258
 40
0.5806451612903225
 40
0.5806451612903225
 40
0.5806451612903225
 40
0.5967741935483871
 40
0.5967741935483871
 40
0.5967741935483871
 40
0.6129032258064516
 40
0.6129032258064516
 40
0.6129032258064516
 40
0.6290322580645161
 40
0.6290322580645161
 40
0.6290322580645161
 40
0.6451612903225806
 40
0.6451612903225806
 40
0.6451612903225806
 40
0.6612903225806451
 40
0.6612903225806451
 40
0.6612903225806451
 40
0.6774193548387096
 40
0.6774193548387096
 40
0.6774193548387096
 40
0.6935483870967741
 40
0.6935483870967741
 40
0.6935483870967741
 40
0.7096774193548387
 40
0.7096774193548387
 40
0.7096774193548387
 40
0.7258064516129032
 40
0.7258064516129032
 40
0.7258064516129032
 40
0.7419354838709677
 40
0.7419354838709677
 40
0.7419354838709677
 40
0.7580645161290323
 40
0.7580645161290323
 40
0.7580645161290323
 40
0.7741935483870968
 40
0.7741935483870968
 40
0.7741935483870968
 40
0.7903225806451613
 40
0.7903225806451613
 40
0.7903225806451613
 40
0.8064516129032258
 40
0.8064516129032258
 40
0.8064516129032258
 40
0.8225806451612903
 40
0.8225806451612903
 40
0.8225806451612903
 40
0.8387096774193548
 40
0.8387096774193548
 40
0.8387096774193548
 40
0.8548387096774194
 40
0.8548387096774194
 40
0.8548387096774194
 40
0.8709677419354839
 40
0.8709677419354839
 40
0.8709677419354839
 40
0.8870967741935484
 40
0.8870967741935484
 40
0.8870967741935484
 40
0.9032258064516129
 40
0.9032258064516129
 40
0.9032258064516129
 40
0.9193548387096774
 40
0.9193548387096774
 40
0.9193548387096774
 40
0.9354838709677419
 40
0.9354838709677419
 40
0.9354838709677419
 40
0.9516129032258064
 40
0.9516129032258064
 40
0.9516129032258064
 40
0.967741935483871
 40
0.967741935483871
 40
0.967741935483871
 40
0.9838709677419355
 40
0.9838709677419355
 40
0.9838709677419355
 40
1.0
 40
1.0
 40
1.0
 40
1.0
 10
-3061.4909
 20
-926.6278
 30
0.0
 10
-3061.3748
 20
-925.3458
 30
0.0
 10
-3061.2979
 20
-924.0624
 30
0.0
 10
-3061.2347
 20
-922.7756
 30
0.0
 10
-3061.1747
 20
-921.5527
 30
0.0
 10
-3061.3677
 20
-919.1959
 30
0.0
 10
-3060.1631
 20
-918.5215
 30
0.0
 10
-3059.4609
 20
-918.1283
 30
0.0
 10
-3055.8224
 20
-918.3232
 30
0.0
 10
-3054.8318
 20
-918.3308
 30
0.0
 10
-3053.3888
 20
-918.3419
 30
0.0
 10
-3051.3099
 20
-918.483
 30
0.0
 10
-3051.0806
 20
-920.3725
 30
0.0
 10
-3051.0688
 20
-920.4698
 30
0.0
 10
-3051.0945
 20
-920.5582
 30
0.0
 10
-3051.1562
 20
-920.6328
 30
0.0
 10
-3051.218
 20
-920.7073
 30
0.0
 10
-3051.2986
 20
-920.7472
 30
0.0
 10
-3051.3936
 20
-920.7503
 30
0.0
 10
-3052.7684
 20
-920.7962
 30
0.0
 10
-3054.1618
 20
-921.0876
 30
0.0
 10
-3053.9533
 20
-922.8226
 30
0.0
 10
-3053.8598
 20
-923.6008
 30
0.0
 10
-3053.1268
 20
-925.2919
 30
0.0
 10
-3052.5677
 20
-926.073
 30
0.0
 10
-3052.4013
 20
-925.956
 30
0.0
 10
-3052.2301
 20
-925.8138
 30
0.0
 10
-3052.0934
 20
-925.7031
 30
0.0
 10
-3051.735
 20
-925.4124
 30
0.0
 10
-3051.3846
 20
-925.1088
 30
0.0
 10
-3051.0386
 20
-924.8025
 30
0.0
 10
-3050.449
 20
-924.2805
 30
0.0
 10
-3049.826
 20
-923.727
 30
0.0
 10
-3049.2759
 20
-923.1614
 30
0.0
 10
-3048.178
 20
-922.0324
 30
0.0
 10
-3047.2716
 20
-920.7942
 30
0.0
 10
-3046.3436
 20
-919.5178
 30
0.0
 10
-3046.0682
 20
-919.1389
 30
0.0
 10
-3045.7756
 20
-918.6787
 30
0.0
 10
-3045.3211
 20
-918.5207
 30
0.0
 10
-3044.8883
 20
-918.3701
 30
0.0
 10
-3044.0772
 20
-918.4439
 30
0.0
 10
-3043.6154
 20
-918.4559
 30
0.0
 10
-3040.1125
 20
-918.5465
 30
0.0
 10
-3036.6005
 20
-918.3438
 30
0.0
 10
-3033.1001
 20
-918.5058
 30
0.0
 10
-3032.9549
 20
-918.5125
 30
0.0
 10
-3032.8358
 20
-918.6119
 30
0.0
 10
-3032.7992
 20
-918.757
 30
0.0
 10
-3032.5361
 20
-919.7992
 30
0.0
 10
-3034.2203
 20
-922.4204
 30
0.0
 10
-3034.9061
 20
-923.1927
 30
0.0
 10
-3035.1879
 20
-923.5101
 30
0.0
 10
-3035.5271
 20
-923.7817
 30
0.0
 10
-3035.8522
 20
-924.0503
 30
0.0
 10
-3036.0718
 20
-924.2316
 30
0.0
 10
-3036.3927
 20
-924.4853
 30
0.0
 10
-3036.5541
 20
-924.7215
 30
0.0
 10
-3036.7329
 20
-924.9829
 30
0.0
 10
-3036.8568
 20
-925.3727
 30
0.0
 10
-3036.9581
 20
-925.6749
 30
0.0
 10
-3037.0905
 20
-926.0702
 30
0.0
 10
-3037.2236
 20
-926.4891
 30
0.0
 10
-3037.4312
 20
-926.8498
 30
0.0
 10
-3037.7015
 20
-927.3199
 30
0.0
 10
-3038.0169
 20
-927.7603
 30
0.0
 10
-3038.4358
 20
-928.1008
 30
0.0
 10
-3038.6185
 20
-928.2494
 30
0.0
 10
-3038.8882
 20
-928.397
 30
0.0
 10
-3039.041
 20
-928.5633
 30
0.0
 10
-3039.3344
 20
-928.8824
 30
0.0
 10
-3039.6202
 20
-930.1656
 30
0.0
 10
-3039.8377
 20
-930.6535
 30
0.0
 10
-3040.2449
 20
-931.567
 30
0.0
 10
-3040.6216
 20
-932.2053
 30
0.0
 10
-3041.4301
 20
-932.7719
 30
0.0
 10
-3042.0412
 20
-933.2002
 30
0.0
 10
-3042.2084
 20
-933.5389
 30
0.0
 10
-3042.4553
 20
-934.2776
 30
0.0
 10
-3042.7387
 20
-935.1259
 30
0.0
 10
-3043.0766
 20
-935.786
 30
0.0
 10
-3043.6975
 20
-936.4182
 30
0.0
 10
-3043.9175
 20
-936.6423
 30
0.0
 10
-3044.1488
 20
-936.8553
 30
0.0
 10
-3044.3989
 20
-937.0435
 30
0.0
 10
-3044.5305
 20
-937.1425
 30
0.0
 10
-3044.6687
 20
-937.2281
 30
0.0
 10
-3044.7999
 20
-937.3251
 30
0.0
 10
-3045.0073
 20
-937.4785
 30
0.0
 10
-3045.0615
 20
-937.7328
 30
0.0
 10
-3045.1289
 20
-937.9764
 30
0.0
 10
-3045.4139
 20
-939.0057
 30
0.0
 10
-3045.8423
 20
-940.1771
 30
0.0
 10
-3046.6274
 20
-940.9188
 30
0.0
 10
-3046.8446
 20
-941.1239
 30
0.0
 10
-3047.0694
 20
-941.2759
 30
0.0
 10
-3047.3144
 20
-941.4397
 30
0.0
 10
-3047.4684
 20
-941.5426
 30
0.0
 10
-3047.6286
 20
-941.6508
 30
0.0
 10
-3047.7422
 20
-941.8022
 30
0.0
 10
-3047.8218
 20
-941.9082
 30
0.0
 10
-3047.9172
 20
-942.2434
 30
0.0
 10
-3047.9576
 20
-942.3754
 30
0.0
 10
-3048.0719
 20
-942.7495
 30
0.0
 10
-3048.1825
 20
-943.1195
 30
0.0
 10
-3048.3233
 20
-943.4846
 30
0.0
 10
-3048.6952
 20
-944.4487
 30
0.0
 10
-3049.2376
 20
-945.3032
 30
0.0
 10
-3050.1217
 20
-945.8423
 30
0.0
 10
-3051.5128
 20
-946.6907
 30
0.0
 10
-3054.8756
 20
-946.3091
 30
0.0
 10
-3056.5397
 20
-946.3115
 30
0.0
 10
-3057.7019
 20
-946.3131
 30
0.0
 10
-3058.8659
 20
-946.3608
 30
0.0
 10
-3060.03
 20
-946.3625
 30
0.0
 10
-3060.7478
 20
-946.3636
 30
0.0
 10
-3062.6945
 20
-946.3879
 30
0.0
 10
-3063.321
 20
-946.11
 30
0.0
 10
-3063.8664
 20
-945.868
 30
0.0
 10
-3064.8496
 20
-945.0367
 30
0.0
 10
-3065.233
 20
-944.5627
 30
0.0
 10
-3066.0662
 20
-943.5324
 30
0.0
 10
-3065.9947
 20
-943.3271
 30
0.0
 10
-3065.9962
 20
-942.0148
 30
0.0
 10
-3065.9965
 20
-941.7351
 30
0.0
 10
-3066.2338
 20
-941.5014
 30
0.0
 10
-3066.4233
 20
-941.3323
 30
0.0
 10
-3066.7392
 20
-941.0504
 30
0.0
 10
-3067.0937
 20
-940.8147
 30
0.0
 10
-3067.3745
 20
-940.4916
 30
0.0
 10
-3067.8775
 20
-939.9129
 30
0.0
 10
-3068.1245
 20
-939.2695
 30
0.0
 10
-3068.3617
 20
-938.547
 30
0.0
 10
-3068.4788
 20
-938.1903
 30
0.0
 10
-3068.6502
 20
-937.5724
 30
0.0
 10
-3068.9585
 20
-937.3433
 30
0.0
 10
-3069.9703
 20
-936.5915
 30
0.0
 10
-3070.7829
 20
-935.8197
 30
0.0
 10
-3071.1138
 20
-934.5492
 30
0.0
 10
-3071.3473
 20
-933.6524
 30
0.0
 10
-3071.3986
 20
-933.3148
 30
0.0
 10
-3072.1959
 20
-932.7031
 30
0.0
 10
-3073.0429
 20
-932.0532
 30
0.0
 10
-3073.5622
 20
-931.2977
 30
0.0
 10
-3073.8366
 20
-930.2497
 30
0.0
 10
-3073.9412
 20
-929.8503
 30
0.0
 10
-3074.0448
 20
-928.9875
 30
0.0
 10
-3074.3108
 20
-928.6954
 30
0.0
 10
-3074.5108
 20
-928.4759
 30
0.0
 10
-3074.7134
 20
-928.2952
 30
0.0
 10
-3074.9693
 20
-928.1494
 30
0.0
 10
-3075.1797
 20
-928.0295
 30
0.0
 10
-3075.3632
 20
-927.9507
 30
0.0
 10
-3075.5495
 20
-927.7842
 30
0.0
 10
-3076.1831
 20
-927.218
 30
0.0
 10
-3076.7136
 20
-925.519
 30
0.0
 10
-3076.9747
 20
-924.7312
 30
0.0
 10
-3077.1397
 20
-924.2334
 30
0.0
 10
-3077.1629
 20
-924.3491
 30
0.0
 10
-3077.6084
 20
-924.0929
 30
0.0
 10
-3078.5093
 20
-923.5745
 30
0.0
 10
-3079.18
 20
-922.3508
 30
0.0
 10
-3079.5775
 20
-921.3915
 30
0.0
 10
-3079.8225
 20
-920.8006
 30
0.0
 10
-3080.3091
 20
-919.4022
 30
0.0
 10
-3080.1855
 20
-918.7598
 30
0.0
 10
-3080.1554
 20
-918.6034
 30
0.0
 10
-3080.0277
 20
-918.4927
 30
0.0
 10
-3079.8731
 20
-918.4891
 30
0.0
 10
-3077.4981
 20
-918.4328
 30
0.0
 10
-3075.1224
 20
-918.4514
 30
0.0
 10
-3072.7471
 20
-918.4506
 30
0.0
 10
-3071.953
 20
-918.4504
 30
0.0
 10
-3071.1623
 20
-918.4278
 30
0.0
 10
-3070.3687
 20
-918.4131
 30
0.0
 10
-3069.8995
 20
-918.4043
 30
0.0
 10
-3069.3812
 20
-918.3913
 30
0.0
 10
-3068.9176
 20
-918.4698
 30
0.0
 10
-3067.9852
 20
-918.6277
 30
0.0
 10
-3067.5274
 20
-919.2165
 30
0.0
 10
-3066.9821
 20
-919.9514
 30
0.0
 10
-3065.3643
 20
-922.1326
 30
0.0
 10
-3063.4646
 20
-924.0631
 30
0.0
 10
-3061.7787
 20
-926.1825
 30
0.0
 10
-3061.7228
 20
-926.2527
 30
0.0
 10
-3061.6075
 20
-926.4452
 30
0.0
 10
-3061.4909
 20
-926.6278
 30
0.0
  0
SPLINE
  5
7C
330
1F
100
AcDbEntity
  8
Layer 1
 62
     5
370
     9
100
AcDbSpline
210
0.0
220
0.0
230
1.0
 70
    11
 71
     3
 72
    23
 73
    19
 74
     0
 42
0.0000000001
 43
0.0000000001
 40
0.0
 40
0.0
 40
0.0
 40
0.0
 40
0.1666666666666667
 40
0.1666666666666667
 40
0.1666666666666667
 40
0.3333333333333333
 40
0.3333333333333333
 40
0.3333333333333333
 40
0.5
 40
0.5
 40
0.5
 40
0.6666666666666666
 40
0.6666666666666666
 40
0.6666666666666666
 40
0.8333333333333333
 40
0.8333333333333333
 40
0.8333333333333333
 40
1.0
 40
1.0
 40
1.0
 40
1.0
 10
-3063.804
 20
-927.0841
 30
0.0
 10
-3063.9534
 20
-926.3324
 30
0.0
 10
-3064.6446
 20
-925.3611
 30
0.0
 10
-3065.0802
 20
-924.9907
 30
0.0
 10
-3065.8107
 20
-924.3693
 30
0.0
 10
-3066.9335
 20
-924.5294
 30
0.0
 10
-3068.1165
 20
-924.5276
 30
0.0
 10
-3070.4778
 20
-924.524
 30
0.0
 10
-3072.8536
 20
-924.5021
 30
0.0
 10
-3075.2134
 20
-924.5255
 30
0.0
 10
-3075.1028
 20
-925.3773
 30
0.0
 10
-3074.5198
 20
-926.3116
 30
0.0
 10
-3074.0301
 20
-926.6784
 30
0.0
 10
-3073.2995
 20
-927.2258
 30
0.0
 10
-3072.0527
 20
-927.0783
 30
0.0
 10
-3070.9192
 20
-927.0795
 30
0.0
 10
-3068.5481
 20
-927.0821
 30
0.0
 10
-3066.1747
 20
-927.0894
 30
0.0
 10
-3063.804
 20
-927.0841
 30
0.0
  0
SPLINE
  5
7D
330
1F
100
AcDbEntity
  8
Layer 1
 62
     5
370
     9
100
AcDbSpline
210
0.0
220
0.0
230
1.0
 70
    11
 71
     3
 72
    23
 73
    19
 74
     0
 42
0.0000000001
 43
0.0000000001
 40
0.0
 40
0.0
 40
0.0
 40
0.0
 40
0.1666666666666667
 40
0.1666666666666667
 40
0.1666666666666667
 40
0.3333333333333333
 40
0.3333333333333333
 40
0.3333333333333333
 40
0.5
 40
0.5
 40
0.5
 40
0.6666666666666666
 40
0.6666666666666666
 40
0.6666666666666666
 40
0.8333333333333333
 40
0.8333333333333333
 40
0.8333333333333333
 40
1.0
 40
1.0
 40
1.0
 40
1.0
 10
-3066.8556
 20
-922.914
 30
0.0
 10
-3067.0373
 20
-922.4948
 30
0.0
 10
-3067.8953
 20
-921.4404
 30
0.0
 10
-3068.1971
 20
-921.1223
 30
0.0
 10
-3068.8979
 20
-920.3835
 30
0.0
 10
-3069.5315
 20
-920.4452
 30
0.0
 10
-3070.9192
 20
-920.4492
 30
0.0
 10
-3073.2133
 20
-920.4558
 30
0.0
 10
-3075.5098
 20
-920.4596
 30
0.0
 10
-3077.8039
 20
-920.4592
 30
0.0
 10
-3077.6511
 20
-921.3664
 30
0.0
 10
-3077.125
 20
-922.0016
 30
0.0
 10
-3076.6089
 20
-922.4371
 30
0.0
 10
-3075.8355
 20
-923.0895
 30
0.0
 10
-3074.9427
 20
-922.9054
 30
0.0
 10
-3073.7218
 20
-922.9048
 30
0.0
 10
-3071.4381
 20
-922.9038
 30
0.0
 10
-3069.1375
 20
-922.8834
 30
0.0
 10
-3066.8556
 20
-922.914
 30
0.0
  0
SPLINE
  5
7E
330
1F
100
AcDbEntity
  8
Layer 1
 62
     1
370
     9
100
AcDbSpline
210
0.0
220
0.0
230
1.0
 70
    11
 71
     3
 72
    32
 73
    28
 74
     0
 42
0.0000000001
 43
0.0000000001
 40
0.0
 40
0.0
 40
0.0
 40
0.0
 40
0.1111111111111111
 40
0.1111111111111111
 40
0.1111111111111111
 40
0.2222222222222222
 40
0.2222222222222222
 40
0.2222222222222222
 40
0.3333333333333333
 40
0.3333333333333333
 40
0.3333333333333333
 40
0.4444444444444444
 40
0.4444444444444444
 40
0.4444444444444444
 40
0.5555555555555556
 40
0.5555555555555556
 40
0.5555555555555556
 40
0.6666666666666666
 40
0.6666666666666666
 40
0.6666666666666666
 40
0.7777777777777777
 40
0.7777777777777777
 40
0.7777777777777777
 40
0.8888888888888888
 40
0.8888888888888888
 40
0.8888888888888888
 40
1.0
 40
1.0
 40
1.0
 40
1.0
 10
-3059.5366
 20
-922.276
 30
0.0
 10
-3058.8013
 20
-922.1647
 30
0.0
 10
-3058.0451
 20
-922.1544
 30
0.0
 10
-3057.3046
 20
-922.185
 30
0.0
 10
-3057.0023
 20
-922.1975
 30
0.0
 10
-3056.7008
 20
-922.218
 30
0.0
 10
-3056.3989
 20
-922.2383
 30
0.0
 10
-3056.2417
 20
-922.2488
 30
0.0
 10
-3056.0446
 20
-922.2698
 30
0.0
 10
-3055.8887
 20
-922.259
 30
0.0
 10
-3055.724
 20
-922.2477
 30
0.0
 10
-3055.7391
 20
-921.9992
 30
0.0
 10
-3055.7259
 20
-921.8615
 30
0.0
 10
-3055.6826
 20
-921.4116
 30
0.0
 10
-3055.6242
 20
-921.0234
 30
0.0
 10
-3055.3008
 20
-920.6832
 30
0.0
 10
-3054.8981
 20
-920.2595
 30
0.0
 10
-3054.3916
 20
-920.3561
 30
0.0
 10
-3054.1421
 20
-919.9405
 30
0.0
 10
-3055.5975
 20
-919.4457
 30
0.0
 10
-3056.8262
 20
-920.1531
 30
0.0
 10
-3058.3094
 20
-919.9847
 30
0.0
 10
-3059.0487
 20
-919.9008
 30
0.0
 10
-3059.6482
 20
-920.0836
 30
0.0
 10
-3059.7411
 20
-920.9233
 30
0.0
 10
-3059.7783
 20
-921.2599
 30
0.0
 10
-3059.699
 20
-921.9159
 30
0.0
 10
-3059.5366
 20
-922.276
 30
0.0
  0
SPLINE
  5
7F
330
1F
100
AcDbEntity
  8
Layer 1
 62
     5
370
     9
100
AcDbSpline
210
0.0
220
0.0
230
1.0
 70
    11
 71
     3
 72
    17
 73
    13
 74
     0
 42
0.0000000001
 43
0.0000000001
 40
0.0
 40
0.0
 40
0.0
 40
0.0
 40
0.25
 40
0.25
 40
0.25
 40
0.5
 40
0.5
 40
0.5
 40
0.75
 40
0.75
 40
0.75
 40
1.0
 40
1.0
 40
1.0
 40
1.0
 10
-3059.4792
 20
-927.0416
 30
0.0
 10
-3059.4792
 20
-927.0416
 30
0.0
 10
-3054.5719
 20
-927.0349
 30
0.0
 10
-3054.5719
 20
-927.0349
 30
0.0
 10
-3054.5975
 20
-926.4767
 30
0.0
 10
-3055.3788
 20
-924.8314
 30
0.0
 10
-3055.7277
 20
-924.5836
 30
0.0
 10
-3056.2706
 20
-924.1978
 30
0.0
 10
-3058.6669
 20
-924.3828
 30
0.0
 10
-3059.4794
 20
-924.4066
 30
0.0
 10
-3059.4794
 20
-924.4066
 30
0.0
 10
-3059.4792
 20
-927.0416
 30
0.0
 10
-3059.4792
 20
-927.0416
 30
0.0
  0
SPLINE
  5
80
330
1F
100
AcDbEntity
  8
Layer 1
 62
     1
370
     9
100
AcDbSpline
210
0.0
220
0.0
230
1.0
 70
    11
 71
     3
 72
    11
 73
     7
 74
     0
 42
0.0000000001
 43
0.0000000001
 40
0.0
 40
0.0
 40
0.0
 40
0.0
 40
0.5
 40
0.5
 40
0.5
 40
1.0
 40
1.0
 40
1.0
 40
1.0
 10
-3038.6889
 20
-925.5996
 30
0.0
 10
-3038.6889
 20
-925.5996
 30
0.0
 10
-3042.6754
 20
-927.6388
 30
0.0
 10
-3042.6754
 20
-927.6388
 30
0.0
 10
-3040.2393
 20
-927.9551
 30
0.0
 10
-3038.8698
 20
-927.1929
 30
0.0
 10
-3038.6889
 20
-925.5996
 30
0.0
  0
SPLINE
  5
81
330
1F
100
AcDbEntity
  8
Layer 1
 62
     1
370
     9
100
AcDbSpline
210
0.0
220
0.0
230
1.0
 70
    11
 71
     3
 72
    20
 73
    16
 74
     0
 42
0.0000000001
 43
0.0000000001
 40
0.0
 40
0.0
 40
0.0
 40
0.0
 40
0.2
 40
0.2
 40
0.2
 40
0.4
 40
0.4
 40
0.4
 40
0.6000000000000001
 40
0.6000000000000001
 40
0.6000000000000001
 40
0.8
 40
0.8
 40
0.8
 40
1.0
 40
1.0
 40
1.0
 40
1.0
 10
-3064.7225
 20
-940.001
 30
0.0
 10
-3064.0264
 20
-939.0335
 30
0.0
 10
-3063.3461
 20
-938.1016
 30
0.0
 10
-3062.682
 20
-937.2057
 30
0.0
 10
-3062.682
 20
-937.2057
 30
0.0
 10
-3063.3716
 20
-937.2207
 30
0.0
 10
-3063.3716
 20
-937.2207
 30
0.0
 10
-3063.3716
 20
-937.2207
 30
0.0
 10
-3066.8442
 20
-937.2108
 30
0.0
 10
-3066.8442
 20
-937.2108
 30
0.0
 10
-3066.9162
 20
-938.4747
 30
0.0
 10
-3066.1062
 20
-939.6698
 30
0.0
 10
-3065.0065
 20
-939.947
 30
0.0
 10
-3064.9784
 20
-939.9541
 30
0.0
 10
-3064.8529
 20
-939.9776
 30
0.0
 10
-3064.7225
 20
-940.001
 30
0.0
  0
SPLINE
  5
82
330
1F
100
AcDbEntity
  8
Layer 1
 62
     1
370
     9
100
AcDbSpline
210
0.0
220
0.0
230
1.0
 70
    11
 71
     3
 72
    23
 73
    19
 74
     0
 42
0.0000000001
 43
0.0000000001
 40
0.0
 40
0.0
 40
0.0
 40
0.0
 40
0.1666666666666667
 40
0.1666666666666667
 40
0.1666666666666667
 40
0.3333333333333333
 40
0.3333333333333333
 40
0.3333333333333333
 40
0.5
 40
0.5
 40
0.5
 40
0.6666666666666666
 40
0.6666666666666666
 40
0.6666666666666666
 40
0.8333333333333333
 40
0.8333333333333333
 40
0.8333333333333333
 40
1.0
 40
1.0
 40
1.0
 40
1.0
 10
-3059.4067
 20
-932.9125
 30
0.0
 10
-3059.4067
 20
-932.9125
 30
0.0
 10
-3060.0931
 20
-932.9123
 30
0.0
 10
-3060.0931
 20
-932.9123
 30
0.0
 10
-3060.0931
 20
-932.9123
 30
0.0
 10
-3069.6435
 20
-932.9007
 30
0.0
 10
-3069.6435
 20
-932.9007
 30
0.0
 10
-3069.7871
 20
-933.8041
 30
0.0
 10
-3069.0074
 20
-934.903
 30
0.0
 10
-3068.41
 20
-935.2935
 30
0.0
 10
-3067.6972
 20
-935.7594
 30
0.0
 10
-3064.0936
 20
-935.5486
 30
0.0
 10
-3062.6283
 20
-935.5632
 30
0.0
 10
-3062.5687
 20
-935.5637
 30
0.0
 10
-3061.9599
 20
-935.5642
 30
0.0
 10
-3061.453
 20
-935.5644
 30
0.0
 10
-3060.752
 20
-934.638
 30
0.0
 10
-3060.0698
 20
-933.754
 30
0.0
 10
-3059.4067
 20
-932.9125
 30
0.0
  0
SPLINE
  5
83
330
1F
100
AcDbEntity
  8
Layer 1
 62
     1
370
     9
100
AcDbSpline
210
0.0
220
0.0
230
1.0
 70
    11
 71
     3
 72
    32
 73
    28
 74
     0
 42
0.0000000001
 43
0.0000000001
 40
0.0
 40
0.0
 40
0.0
 40
0.0
 40
0.1111111111111111
 40
0.1111111111111111
 40
0.1111111111111111
 40
0.2222222222222222
 40
0.2222222222222222
 40
0.2222222222222222
 40
0.3333333333333333
 40
0.3333333333333333
 40
0.3333333333333333
 40
0.4444444444444444
 40
0.4444444444444444
 40
0.4444444444444444
 40
0.5555555555555556
 40
0.5555555555555556
 40
0.5555555555555556
 40
0.6666666666666666
 40
0.6666666666666666
 40
0.6666666666666666
 40
0.7777777777777777
 40
0.7777777777777777
 40
0.7777777777777777
 40
0.8888888888888888
 40
0.8888888888888888
 40
0.8888888888888888
 40
1.0
 40
1.0
 40
1.0
 40
1.0
 10
-3055.7654
 20
-928.4981
 30
0.0
 10
-3055.7654
 20
-928.4981
 30
0.0
 10
-3058.0024
 20
-928.5049
 30
0.0
 10
-3058.0024
 20
-928.5049
 30
0.0
 10
-3059.1919
 20
-928.5045
 30
0.0
 10
-3059.3018
 20
-928.2957
 30
0.0
 10
-3059.774
 20
-929.0759
 30
0.0
 10
-3060.1226
 20
-929.652
 30
0.0
 10
-3060.2508
 20
-930.048
 30
0.0
 10
-3061.0489
 20
-930.137
 30
0.0
 10
-3062.5602
 20
-929.3648
 30
0.0
 10
-3061.2627
 20
-928.6356
 30
0.0
 10
-3063.9733
 20
-928.6381
 30
0.0
 10
-3063.9733
 20
-928.6381
 30
0.0
 10
-3072.3085
 20
-928.6534
 30
0.0
 10
-3072.3085
 20
-928.6534
 30
0.0
 10
-3071.9445
 20
-931.6066
 30
0.0
 10
-3070.0989
 20
-931.3166
 30
0.0
 10
-3068.1165
 20
-931.3158
 30
0.0
 10
-3068.1165
 20
-931.3158
 30
0.0
 10
-3058.9773
 20
-931.3117
 30
0.0
 10
-3058.9773
 20
-931.3117
 30
0.0
 10
-3058.277
 20
-931.3118
 30
0.0
 10
-3058.1795
 20
-931.3237
 30
0.0
 10
-3057.8868
 20
-931.0173
 30
0.0
 10
-3057.1544
 20
-930.1209
 30
0.0
 10
-3056.4471
 20
-929.2811
 30
0.0
 10
-3055.7654
 20
-928.4981
 30
0.0
  0
SPLINE
  5
84
330
1F
100
AcDbEntity
  8
Layer 1
 62
     1
370
     9
100
AcDbSpline
210
0.0
220
0.0
230
1.0
 70
    11
 71
     3
 72
    23
 73
    19
 74
     0
 42
0.0000000001
 43
0.0000000001
 40
0.0
 40
0.0
 40
0.0
 40
0.0
 40
0.1666666666666667
 40
0.1666666666666667
 40
0.1666666666666667
 40
0.3333333333333333
 40
0.3333333333333333
 40
0.3333333333333333
 40
0.5
 40
0.5
 40
0.5
 40
0.6666666666666666
 40
0.6666666666666666
 40
0.6666666666666666
 40
0.8333333333333333
 40
0.8333333333333333
 40
0.8333333333333333
 40
1.0
 40
1.0
 40
1.0
 40
1.0
 10
-3048.7101
 20
-931.4342
 30
0.0
 10
-3048.4103
 20
-931.1584
 30
0.0
 10
-3048.0991
 20
-930.8919
 30
0.0
 10
-3047.7762
 20
-930.6351
 30
0.0
 10
-3047.3308
 20
-930.2807
 30
0.0
 10
-3046.8292
 20
-929.9185
 30
0.0
 10
-3046.4928
 20
-929.6198
 30
0.0
 10
-3046.3956
 20
-929.5335
 30
0.0
 10
-3045.4962
 20
-928.853
 30
0.0
 10
-3045.3473
 20
-928.7911
 30
0.0
 10
-3044.8159
 20
-928.5704
 30
0.0
 10
-3042.2421
 20
-928.7173
 30
0.0
 10
-3041.4885
 20
-928.747
 30
0.0
 10
-3041.2632
 20
-929.6383
 30
0.0
 10
-3041.7807
 20
-931.4226
 30
0.0
 10
-3043.6235
 20
-931.4246
 30
0.0
 10
-3043.6235
 20
-931.4246
 30
0.0
 10
-3048.7101
 20
-931.4342
 30
0.0
 10
-3048.7101
 20
-931.4342
 30
0.0
  0
SPLINE
  5
85
330
1F
100
AcDbEntity
  8
Layer 1
 62
     1
370
     9
100
AcDbSpline
210
0.0
220
0.0
230
1.0
 70
    11
 71
     3
 72
    23
 73
    19
 74
     0
 42
0.0000000001
 43
0.0000000001
 40
0.0
 40
0.0
 40
0.0
 40
0.0
 40
0.1666666666666667
 40
0.1666666666666667
 40
0.1666666666666667
 40
0.3333333333333333
 40
0.3333333333333333
 40
0.3333333333333333
 40
0.5
 40
0.5
 40
0.5
 40
0.6666666666666666
 40
0.6666666666666666
 40
0.6666666666666666
 40
0.8333333333333333
 40
0.8333333333333333
 40
0.8333333333333333
 40
1.0
 40
1.0
 40
1.0
 40
1.0
 10
-3057.1464
 20
-941.6244
 30
0.0
 10
-3057.8069
 20
-942.503
 30
0.0
 10
-3058.4896
 20
-943.4252
 30
0.0
 10
-3059.1944
 20
-944.3906
 30
0.0
 10
-3057.2361
 20
-944.4324
 30
0.0
 10
-3055.2114
 20
-944.3878
 30
0.0
 10
-3053.2488
 20
-944.3929
 30
0.0
 10
-3051.7939
 20
-944.3967
 30
0.0
 10
-3050.7866
 20
-944.1822
 30
0.0
 10
-3050.3189
 20
-942.905
 30
0.0
 10
-3050.2714
 20
-942.7754
 30
0.0
 10
-3050.1945
 20
-942.4965
 30
0.0
 10
-3050.1825
 20
-942.3448
 30
0.0
 10
-3050.0895
 20
-941.1698
 30
0.0
 10
-3050.7393
 20
-941.6443
 30
0.0
 10
-3056.4192
 20
-941.6227
 30
0.0
 10
-3056.7258
 20
-941.6216
 30
0.0
 10
-3056.9614
 20
-941.6198
 30
0.0
 10
-3057.1464
 20
-941.6244
 30
0.0
  0
SPLINE
  5
86
330
1F
100
AcDbEntity
  8
Layer 1
 62
     1
370
     9
100
AcDbSpline
210
0.0
220
0.0
230
1.0
 70
    11
 71
     3
 72
    20
 73
    16
 74
     0
 42
0.0000000001
 43
0.0000000001
 40
0.0
 40
0.0
 40
0.0
 40
0.0
 40
0.2
 40
0.2
 40
0.2
 40
0.4
 40
0.4
 40
0.4
 40
0.6000000000000001
 40
0.6000000000000001
 40
0.6000000000000001
 40
0.8
 40
0.8
 40
0.8
 40
1.0
 40
1.0
 40
1.0
 40
1.0
 10
-3053.759
 20
-937.26
 30
0.0
 10
-3054.443
 20
-938.1088
 30
0.0
 10
-3055.1577
 20
-939.0182
 30
0.0
 10
-3055.903
 20
-939.988
 30
0.0
 10
-3055.903
 20
-939.988
 30
0.0
 10
-3049.96
 20
-939.9933
 30
0.0
 10
-3049.96
 20
-939.9933
 30
0.0
 10
-3047.2491
 20
-940.0015
 30
0.0
 10
-3047.0584
 20
-937.5058
 30
0.0
 10
-3047.2729
 20
-937.3157
 30
0.0
 10
-3047.4522
 20
-937.1568
 30
0.0
 10
-3051.9802
 20
-937.2391
 30
0.0
 10
-3053.0063
 20
-937.2414
 30
0.0
 10
-3053.3255
 20
-937.2422
 30
0.0
 10
-3053.5683
 20
-937.2462
 30
0.0
 10
-3053.759
 20
-937.26
 30
0.0
  0
SPLINE
  5
87
330
1F
100
AcDbEntity
  8
Layer 1
 62
     1
370
     9
100
AcDbSpline
210
0.0
220
0.0
230
1.0
 70
    11
 71
     3
 72
    20
 73
    16
 74
     0
 42
0.0000000001
 43
0.0000000001
 40
0.0
 40
0.0
 40
0.0
 40
0.0
 40
0.2
 40
0.2
 40
0.2
 40
0.4
 40
0.4
 40
0.4
 40
0.6000000000000001
 40
0.6000000000000001
 40
0.6000000000000001
 40
0.8
 40
0.8
 40
0.8
 40
1.0
 40
1.0
 40
1.0
 40
1.0
 10
-3050.1301
 20
-933.0087
 30
0.0
 10
-3050.8388
 20
-933.7792
 30
0.0
 10
-3051.5957
 20
-934.645
 30
0.0
 10
-3052.4008
 20
-935.6057
 30
0.0
 10
-3052.4008
 20
-935.6057
 30
0.0
 10
-3047.1573
 20
-935.6227
 30
0.0
 10
-3047.1573
 20
-935.6227
 30
0.0
 10
-3045.1454
 20
-935.6192
 30
0.0
 10
-3044.1036
 20
-934.7889
 30
0.0
 10
-3044.0971
 20
-932.9573
 30
0.0
 10
-3044.0971
 20
-932.9573
 30
0.0
 10
-3048.4977
 20
-932.9583
 30
0.0
 10
-3048.4977
 20
-932.9583
 30
0.0
 10
-3049.3671
 20
-932.9562
 30
0.0
 10
-3049.7929
 20
-932.9149
 30
0.0
 10
-3050.1301
 20
-933.0087
 30
0.0
  0
SPLINE
  5
88
330
1F
100
AcDbEntity
  8
Layer 1
 62
     1
370
     9
100
AcDbSpline
210
0.0
220
0.0
230
1.0
 70
    11
 71
     3
 72
   329
 73
   325
 74
     0
 42
0.0000000001
 43
0.0000000001
 40
0.0
 40
0.0
 40
0.0
 40
0.0
 40
0.0092592592592593
 40
0.0092592592592593
 40
0.0092592592592593
 40
0.0185185185185185
 40
0.0185185185185185
 40
0.0185185185185185
 40
0.0277777777777778
 40
0.0277777777777778
 40
0.0277777777777778
 40
0.037037037037037
 40
0.037037037037037
 40
0.037037037037037
 40
0.0462962962962963
 40
0.0462962962962963
 40
0.0462962962962963
 40
0.0555555555555556
 40
0.0555555555555556
 40
0.0555555555555556
 40
0.0648148148148148
 40
0.0648148148148148
 40
0.0648148148148148
 40
0.0740740740740741
 40
0.0740740740740741
 40
0.0740740740740741
 40
0.0833333333333333
 40
0.0833333333333333
 40
0.0833333333333333
 40
0.0925925925925926
 40
0.0925925925925926
 40
0.0925925925925926
 40
0.1018518518518518
 40
0.1018518518518518
 40
0.1018518518518518
 40
0.1111111111111111
 40
0.1111111111111111
 40
0.1111111111111111
 40
0.1203703703703704
 40
0.1203703703703704
 40
0.1203703703703704
 40
0.1296296296296296
 40
0.1296296296296296
 40
0.1296296296296296
 40
0.1388888888888889
 40
0.1388888888888889
 40
0.1388888888888889
 40
0.1481481481481481
 40
0.1481481481481481
 40
0.1481481481481481
 40
0.1574074074074074
 40
0.1574074074074074
 40
0.1574074074074074
 40
0.1666666666666667
 40
0.1666666666666667
 40
0.1666666666666667
 40
0.1759259259259259
 40
0.1759259259259259
 40
0.1759259259259259
 40
0.1851851851851852
 40
0.1851851851851852
 40
0.1851851851851852
 40
0.1944444444444444
 40
0.1944444444444444
 40
0.1944444444444444
 40
0.2037037037037037
 40
0.2037037037037037
 40
0.2037037037037037
 40
0.212962962962963
 40
0.212962962962963
 40
0.212962962962963
 40
0.2222222222222222
 40
0.2222222222222222
 40
0.2222222222222222
 40
0.2314814814814815
 40
0.2314814814814815
 40
0.2314814814814815
 40
0.2407407407407407
 40
0.2407407407407407
 40
0.2407407407407407
 40
0.25
 40
0.25
 40
0.25
 40
0.2592592592592592
 40
0.2592592592592592
 40
0.2592592592592592
 40
0.2685185185185185
 40
0.2685185185185185
 40
0.2685185185185185
 40
0.2777777777777778
 40
0.2777777777777778
 40
0.2777777777777778
 40
0.287037037037037
 40
0.287037037037037
 40
0.287037037037037
 40
0.2962962962962963
 40
0.2962962962962963
 40
0.2962962962962963
 40
0.3055555555555555
 40
0.3055555555555555
 40
0.3055555555555555
 40
0.3148148148148148
 40
0.3148148148148148
 40
0.3148148148148148
 40
0.3240740740740741
 40
0.3240740740740741
 40
0.3240740740740741
 40
0.3333333333333333
 40
0.3333333333333333
 40
0.3333333333333333
 40
0.3425925925925926
 40
0.3425925925925926
 40
0.3425925925925926
 40
0.3518518518518519
 40
0.3518518518518519
 40
0.3518518518518519
 40
0.3611111111111111
 40
0.3611111111111111
 40
0.3611111111111111
 40
0.3703703703703703
 40
0.3703703703703703
 40
0.3703703703703703
 40
0.3796296296296296
 40
0.3796296296296296
 40
0.3796296296296296
 40
0.3888888888888888
 40
0.3888888888888888
 40
0.3888888888888888
 40
0.3981481481481481
 40
0.3981481481481481
 40
0.3981481481481481
 40
0.4074074074074074
 40
0.4074074074074074
 40
0.4074074074074074
 40
0.4166666666666666
 40
0.4166666666666666
 40
0.4166666666666666
 40
0.4259259259259259
 40
0.4259259259259259
 40
0.4259259259259259
 40
0.4351851851851852
 40
0.4351851851851852
 40
0.4351851851851852
 40
0.4444444444444444
 40
0.4444444444444444
 40
0.4444444444444444
 40
0.4537037037037037
 40
0.4537037037037037
 40
0.4537037037037037
 40
0.4629629629629629
 40
0.4629629629629629
 40
0.4629629629629629
 40
0.4722222222222222
 40
0.4722222222222222
 40
0.4722222222222222
 40
0.4814814814814815
 40
0.4814814814814815
 40
0.4814814814814815
 40
0.4907407407407407
 40
0.4907407407407407
 40
0.4907407407407407
 40
0.5
 40
0.5
 40
0.5
 40
0.5092592592592592
 40
0.5092592592592592
 40
0.5092592592592592
 40
0.5185185185185185
 40
0.5185185185185185
 40
0.5185185185185185
 40
0.5277777777777778
 40
0.5277777777777778
 40
0.5277777777777778
 40
0.537037037037037
 40
0.537037037037037
 40
0.537037037037037
 40
0.5462962962962963
 40
0.5462962962962963
 40
0.5462962962962963
 40
0.5555555555555556
 40
0.5555555555555556
 40
0.5555555555555556
 40
0.5648148148148148
 40
0.5648148148148148
 40
0.5648148148148148
 40
0.5740740740740741
 40
0.5740740740740741
 40
0.5740740740740741
 40
0.5833333333333333
 40
0.5833333333333333
 40
0.5833333333333333
 40
0.5925925925925926
 40
0.5925925925925926
 40
0.5925925925925926
 40
0.6018518518518519
 40
0.6018518518518519
 40
0.6018518518518519
 40
0.611111111111111
 40
0.611111111111111
 40
0.611111111111111
 40
0.6203703703703703
 40
0.6203703703703703
 40
0.6203703703703703
 40
0.6296296296296295
 40
0.6296296296296295
 40
0.6296296296296295
 40
0.6388888888888888
 40
0.6388888888888888
 40
0.6388888888888888
 40
0.6481481481481481
 40
0.6481481481481481
 40
0.6481481481481481
 40
0.6574074074074073
 40
0.6574074074074073
 40
0.6574074074074073
 40
0.6666666666666666
 40
0.6666666666666666
 40
0.6666666666666666
 40
0.6759259259259259
 40
0.6759259259259259
 40
0.6759259259259259
 40
0.6851851851851851
 40
0.6851851851851851
 40
0.6851851851851851
 40
0.6944444444444444
 40
0.6944444444444444
 40
0.6944444444444444
 40
0.7037037037037037
 40
0.7037037037037037
 40
0.7037037037037037
 40
0.7129629629629629
 40
0.7129629629629629
 40
0.7129629629629629
 40
0.7222222222222222
 40
0.7222222222222222
 40
0.7222222222222222
 40
0.7314814814814814
 40
0.7314814814814814
 40
0.7314814814814814
 40
0.7407407407407407
 40
0.7407407407407407
 40
0.7407407407407407
 40
0.75
 40
0.75
 40
0.75
 40
0.7592592592592592
 40
0.7592592592592592
 40
0.7592592592592592
 40
0.7685185185185185
 40
0.7685185185185185
 40
0.7685185185185185
 40
0.7777777777777777
 40
0.7777777777777777
 40
0.7777777777777777
 40
0.787037037037037
 40
0.787037037037037
 40
0.787037037037037
 40
0.7962962962962963
 40
0.7962962962962963
 40
0.7962962962962963
 40
0.8055555555555555
 40
0.8055555555555555
 40
0.8055555555555555
 40
0.8148148148148148
 40
0.8148148148148148
 40
0.8148148148148148
 40
0.8240740740740741
 40
0.8240740740740741
 40
0.8240740740740741
 40
0.8333333333333333
 40
0.8333333333333333
 40
0.8333333333333333
 40
0.8425925925925926
 40
0.8425925925925926
 40
0.8425925925925926
 40
0.8518518518518519
 40
0.8518518518518519
 40
0.8518518518518519
 40
0.861111111111111
 40
0.861111111111111
 40
0.861111111111111
 40
0.8703703703703703
 40
0.8703703703703703
 40
0.8703703703703703
 40
0.8796296296296295
 40
0.8796296296296295
 40
0.8796296296296295
 40
0.8888888888888888
 40
0.8888888888888888
 40
0.8888888888888888
 40
0.8981481481481481
 40
0.8981481481481481
 40
0.8981481481481481
 40
0.9074074074074073
 40
0.9074074074074073
 40
0.9074074074074073
 40
0.9166666666666666
 40
0.9166666666666666
 40
0.9166666666666666
 40
0.9259259259259258
 40
0.9259259259259258
 40
0.9259259259259258
 40
0.9351851851851851
 40
0.9351851851851851
 40
0.9351851851851851
 40
0.9444444444444444
 40
0.9444444444444444
 40
0.9444444444444444
 40
0.9537037037037036
 40
0.9537037037037036
 40
0.9537037037037036
 40
0.9629629629629629
 40
0.9629629629629629
 40
0.9629629629629629
 40
0.9722222222222222
 40
0.9722222222222222
 40
0.9722222222222222
 40
0.9814814814814814
 40
0.9814814814814814
 40
0.9814814814814814
 40
0.9907407407407407
 40
0.9907407407407407
 40
0.9907407407407407
 40
1.0
 40
1.0
 40
1.0
 40
1.0
 10
-3053.4033
 20
-946.9566
 30
0.0
 10
-3052.7774
 20
-946.9569
 30
0.0
 10
-3052.1513
 20
-946.932
 30
0.0
 10
-3051.5754
 20
-946.8547
 30
0.0
 10
-3051.5749
 20
-946.8605
 30
0.0
 10
-3051.5745
 20
-946.8664
 30
0.0
 10
-3051.5748
 20
-946.8726
 30
0.0
 10
-3051.5831
 20
-947.111
 30
0.0
 10
-3051.5944
 20
-947.3491
 30
0.0
 10
-3051.6057
 20
-947.5873
 30
0.0
 10
-3051.625
 20
-947.9921
 30
0.0
 10
-3051.6448
 20
-948.3944
 30
0.0
 10
-3051.6469
 20
-948.7995
 30
0.0
 10
-3051.6492
 20
-949.2319
 30
0.0
 10
-3051.6168
 20
-949.5979
 30
0.0
 10
-3051.4526
 20
-950.0038
 30
0.0
 10
-3051.2287
 20
-950.5572
 30
0.0
 10
-3050.8082
 20
-951.0615
 30
0.0
 10
-3050.2937
 20
-951.3455
 30
0.0
 10
-3049.7093
 20
-951.6682
 30
0.0
 10
-3048.9469
 20
-951.7496
 30
0.0
 10
-3048.2953
 20
-951.6585
 30
0.0
 10
-3047.6285
 20
-951.5655
 30
0.0
 10
-3047.0475
 20
-951.2875
 30
0.0
 10
-3046.5022
 20
-950.889
 30
0.0
 10
-3045.9474
 20
-950.4836
 30
0.0
 10
-3045.4422
 20
-949.9644
 30
0.0
 10
-3045.1099
 20
-949.3483
 30
0.0
 10
-3044.7969
 20
-948.7679
 30
0.0
 10
-3044.6172
 20
-948.0647
 30
0.0
 10
-3044.5564
 20
-947.4056
 30
0.0
 10
-3044.5138
 20
-946.9441
 30
0.0
 10
-3044.5689
 20
-946.4956
 30
0.0
 10
-3044.5326
 20
-946.0587
 30
0.0
 10
-3044.5083
 20
-945.7658
 30
0.0
 10
-3044.4038
 20
-945.5803
 30
0.0
 10
-3044.1187
 20
-945.501
 30
0.0
 10
-3043.8326
 20
-945.4215
 30
0.0
 10
-3043.4707
 20
-945.4603
 30
0.0
 10
-3043.1852
 20
-945.5243
 30
0.0
 10
-3042.7911
 20
-945.6127
 30
0.0
 10
-3042.3625
 20
-945.7852
 30
0.0
 10
-3042.0412
 20
-946.0409
 30
0.0
 10
-3041.7294
 20
-946.289
 30
0.0
 10
-3041.5133
 20
-946.6195
 30
0.0
 10
-3041.3319
 20
-946.9748
 30
0.0
 10
-3041.2423
 20
-947.1503
 30
0.0
 10
-3041.1413
 20
-947.4917
 30
0.0
 10
-3040.9079
 20
-947.373
 30
0.0
 10
-3040.5088
 20
-947.17
 30
0.0
 10
-3039.9822
 20
-946.3174
 30
0.0
 10
-3039.7753
 20
-945.9246
 30
0.0
 10
-3039.3417
 20
-945.1021
 30
0.0
 10
-3039.0591
 20
-944.1751
 30
0.0
 10
-3038.8924
 20
-943.2572
 30
0.0
 10
-3038.7248
 20
-942.334
 30
0.0
 10
-3038.7404
 20
-941.9399
 30
0.0
 10
-3038.7351
 20
-941.0016
 30
0.0
 10
-3038.7336
 20
-940.7373
 30
0.0
 10
-3038.7425
 20
-940.477
 30
0.0
 10
-3038.7544
 20
-940.2131
 30
0.0
 10
-3038.7608
 20
-940.0693
 30
0.0
 10
-3038.771
 20
-939.9064
 30
0.0
 10
-3038.7451
 20
-939.7646
 30
0.0
 10
-3038.7018
 20
-939.5276
 30
0.0
 10
-3038.5586
 20
-939.3478
 30
0.0
 10
-3038.3587
 20
-939.2293
 30
0.0
 10
-3038.1521
 20
-939.1069
 30
0.0
 10
-3037.9347
 20
-939.0818
 30
0.0
 10
-3037.7006
 20
-939.1086
 30
0.0
 10
-3037.3887
 20
-939.1443
 30
0.0
 10
-3037.0607
 20
-939.2668
 30
0.0
 10
-3036.7887
 20
-939.4256
 30
0.0
 10
-3036.4359
 20
-939.6312
 30
0.0
 10
-3036.1507
 20
-939.9124
 30
0.0
 10
-3035.9356
 20
-940.2667
 30
0.0
 10
-3035.6537
 20
-940.7308
 30
0.0
 10
-3035.5177
 20
-941.2745
 30
0.0
 10
-3035.4703
 20
-941.8158
 30
0.0
 10
-3035.4079
 20
-942.5281
 30
0.0
 10
-3035.3865
 20
-942.7027
 30
0.0
 10
-3035.533
 20
-943.4008
 30
0.0
 10
-3035.6952
 20
-944.1743
 30
0.0
 10
-3035.9656
 20
-944.899
 30
0.0
 10
-3036.3366
 20
-945.5917
 30
0.0
 10
-3036.7313
 20
-946.3289
 30
0.0
 10
-3037.2309
 20
-947.031
 30
0.0
 10
-3037.7506
 20
-947.6802
 30
0.0
 10
-3038.2041
 20
-948.2471
 30
0.0
 10
-3038.6956
 20
-948.8058
 30
0.0
 10
-3039.2112
 20
-949.3135
 30
0.0
 10
-3039.3524
 20
-949.4525
 30
0.0
 10
-3039.8661
 20
-949.8983
 30
0.0
 10
-3039.9605
 20
-950.0637
 30
0.0
 10
-3039.8667
 20
-950.0424
 30
0.0
 10
-3039.6992
 20
-949.9409
 30
0.0
 10
-3039.6526
 20
-949.9108
 30
0.0
 10
-3038.9859
 20
-949.4779
 30
0.0
 10
-3038.2097
 20
-948.6646
 30
0.0
 10
-3037.6647
 20
-948.0801
 30
0.0
 10
-3036.7777
 20
-947.129
 30
0.0
 10
-3035.9112
 20
-946.0987
 30
0.0
 10
-3035.1172
 20
-945.0636
 30
0.0
 10
-3034.6029
 20
-944.3931
 30
0.0
 10
-3034.144
 20
-943.7332
 30
0.0
 10
-3033.7628
 20
-942.9728
 30
0.0
 10
-3033.4486
 20
-942.3459
 30
0.0
 10
-3033.1716
 20
-941.6639
 30
0.0
 10
-3032.9974
 20
-940.9816
 30
0.0
 10
-3032.8387
 20
-940.3601
 30
0.0
 10
-3032.7715
 20
-939.7372
 30
0.0
 10
-3032.8229
 20
-939.096
 30
0.0
 10
-3032.8728
 20
-938.4729
 30
0.0
 10
-3033.03
 20
-937.8537
 30
0.0
 10
-3033.2947
 20
-937.2905
 30
0.0
 10
-3033.5096
 20
-936.8332
 30
0.0
 10
-3033.8736
 20
-936.2599
 30
0.0
 10
-3034.2767
 20
-935.9572
 30
0.0
 10
-3034.509
 20
-935.7827
 30
0.0
 10
-3034.8064
 20
-935.6747
 30
0.0
 10
-3035.0831
 20
-935.8047
 30
0.0
 10
-3035.3059
 20
-935.9094
 30
0.0
 10
-3035.4797
 20
-936.1861
 30
0.0
 10
-3035.6262
 20
-936.3805
 30
0.0
 10
-3035.8432
 20
-936.6687
 30
0.0
 10
-3036.0979
 20
-936.9728
 30
0.0
 10
-3036.3723
 20
-937.2038
 30
0.0
 10
-3036.6342
 20
-937.4241
 30
0.0
 10
-3036.9169
 20
-937.5735
 30
0.0
 10
-3037.2555
 20
-937.6098
 30
0.0
 10
-3037.581
 20
-937.6444
 30
0.0
 10
-3037.9406
 20
-937.5741
 30
0.0
 10
-3038.2299
 20
-937.4155
 30
0.0
 10
-3038.5634
 20
-937.2326
 30
0.0
 10
-3038.7735
 20
-936.9452
 30
0.0
 10
-3038.9364
 20
-936.5996
 30
0.0
 10
-3039.1418
 20
-936.1636
 30
0.0
 10
-3039.2811
 20
-935.6319
 30
0.0
 10
-3039.3371
 20
-935.1496
 30
0.0
 10
-3039.3958
 20
-934.6438
 30
0.0
 10
-3039.3646
 20
-934.1423
 30
0.0
 10
-3039.2448
 20
-933.6485
 30
0.0
 10
-3039.1352
 20
-933.1969
 30
0.0
 10
-3038.9424
 20
-932.7085
 30
0.0
 10
-3038.6358
 20
-932.3605
 30
0.0
 10
-3038.3428
 20
-932.0283
 30
0.0
 10
-3037.9625
 20
-931.846
 30
0.0
 10
-3037.5401
 20
-931.7596
 30
0.0
 10
-3037.0868
 20
-931.6669
 30
0.0
 10
-3036.611
 20
-931.6899
 30
0.0
 10
-3036.1548
 20
-931.7475
 30
0.0
 10
-3035.5902
 20
-931.8189
 30
0.0
 10
-3035.0242
 20
-931.9489
 30
0.0
 10
-3034.4942
 20
-932.1643
 30
0.0
 10
-3033.9314
 20
-932.3927
 30
0.0
 10
-3033.3855
 20
-932.7272
 30
0.0
 10
-3032.9632
 20
-933.1774
 30
0.0
 10
-3032.5878
 20
-933.5776
 30
0.0
 10
-3032.287
 20
-934.0945
 30
0.0
 10
-3032.0839
 20
-934.6095
 30
0.0
 10
-3031.9522
 20
-934.9433
 30
0.0
 10
-3031.8944
 20
-935.234
 30
0.0
 10
-3031.8034
 20
-935.573
 30
0.0
 10
-3031.7647
 20
-935.7173
 30
0.0
 10
-3031.708
 20
-935.9049
 30
0.0
 10
-3031.5669
 20
-935.9761
 30
0.0
 10
-3031.377
 20
-936.0717
 30
0.0
 10
-3031.1862
 20
-936.0355
 30
0.0
 10
-3030.9933
 20
-936.1961
 30
0.0
 10
-3030.7334
 20
-936.4128
 30
0.0
 10
-3030.6905
 20
-936.8892
 30
0.0
 10
-3030.6735
 20
-937.207
 30
0.0
 10
-3030.6372
 20
-937.886
 30
0.0
 10
-3030.7048
 20
-938.6299
 30
0.0
 10
-3030.8271
 20
-939.2966
 30
0.0
 10
-3030.9757
 20
-940.1064
 30
0.0
 10
-3031.2262
 20
-940.9149
 30
0.0
 10
-3031.5166
 20
-941.6821
 30
0.0
 10
-3031.7572
 20
-942.3171
 30
0.0
 10
-3032.0404
 20
-942.9758
 30
0.0
 10
-3032.3702
 20
-943.5674
 30
0.0
 10
-3032.4669
 20
-943.7408
 30
0.0
 10
-3032.8056
 20
-944.2304
 30
0.0
 10
-3032.8507
 20
-944.3877
 30
0.0
 10
-3032.8525
 20
-944.3936
 30
0.0
 10
-3032.8554
 20
-944.406
 30
0.0
 10
-3032.8564
 20
-944.4163
 30
0.0
 10
-3032.8209
 20
-944.4141
 30
0.0
 10
-3032.7567
 20
-944.381
 30
0.0
 10
-3032.7356
 20
-944.3687
 30
0.0
 10
-3032.4135
 20
-944.1811
 30
0.0
 10
-3032.0611
 20
-943.6697
 30
0.0
 10
-3031.8689
 20
-943.3556
 30
0.0
 10
-3031.4061
 20
-942.5994
 30
0.0
 10
-3031.0379
 20
-941.7074
 30
0.0
 10
-3030.7569
 20
-940.8638
 30
0.0
 10
-3030.4079
 20
-939.8164
 30
0.0
 10
-3030.1277
 20
-938.6541
 30
0.0
 10
-3029.9949
 20
-937.5556
 30
0.0
 10
-3029.8808
 20
-936.6101
 30
0.0
 10
-3029.8899
 20
-935.7064
 30
0.0
 10
-3030.0461
 20
-934.767
 30
0.0
 10
-3030.182
 20
-933.9493
 30
0.0
 10
-3030.4154
 20
-933.1276
 30
0.0
 10
-3030.7102
 20
-932.3559
 30
0.0
 10
-3030.9311
 20
-931.7779
 30
0.0
 10
-3031.2027
 20
-931.2405
 30
0.0
 10
-3031.438
 20
-930.674
 30
0.0
 10
-3031.5571
 20
-930.3875
 30
0.0
 10
-3031.7008
 20
-929.9993
 30
0.0
 10
-3031.6709
 20
-929.6821
 30
0.0
 10
-3031.6482
 20
-929.4405
 30
0.0
 10
-3031.5271
 20
-929.2422
 30
0.0
 10
-3031.3074
 20
-929.1477
 30
0.0
 10
-3031.0672
 20
-929.0445
 30
0.0
 10
-3030.792
 20
-929.1019
 30
0.0
 10
-3030.5589
 20
-929.1968
 30
0.0
 10
-3030.1891
 20
-929.3475
 30
0.0
 10
-3029.8529
 20
-929.6156
 30
0.0
 10
-3029.5914
 20
-929.9216
 30
0.0
 10
-3029.2686
 20
-930.2992
 30
0.0
 10
-3029.0223
 20
-930.7551
 30
0.0
 10
-3028.7532
 20
-931.1735
 30
0.0
 10
-3028.6463
 20
-931.3395
 30
0.0
 10
-3028.3642
 20
-931.7651
 30
0.0
 10
-3028.1905
 20
-931.8548
 30
0.0
 10
-3028.1856
 20
-931.8572
 30
0.0
 10
-3028.1749
 20
-931.8622
 30
0.0
 10
-3028.1669
 20
-931.8643
 30
0.0
 10
-3028.1435
 20
-931.8225
 30
0.0
 10
-3028.153
 20
-931.6882
 30
0.0
 10
-3028.1571
 20
-931.6509
 30
0.0
 10
-3028.2006
 20
-931.2627
 30
0.0
 10
-3028.4144
 20
-930.7862
 30
0.0
 10
-3028.5966
 20
-930.4492
 30
0.0
 10
-3028.9069
 20
-929.8758
 30
0.0
 10
-3029.3297
 20
-929.3117
 30
0.0
 10
-3029.8217
 20
-928.8922
 30
0.0
 10
-3030.3375
 20
-928.4524
 30
0.0
 10
-3030.9578
 20
-928.1466
 30
0.0
 10
-3031.5755
 20
-927.891
 30
0.0
 10
-3032.0369
 20
-927.7001
 30
0.0
 10
-3032.6424
 20
-927.5105
 30
0.0
 10
-3033.06
 20
-927.2486
 30
0.0
 10
-3033.3963
 20
-927.0377
 30
0.0
 10
-3033.5534
 20
-926.7925
 30
0.0
 10
-3033.6828
 20
-926.4173
 30
0.0
 10
-3033.8068
 20
-926.0576
 30
0.0
 10
-3033.8897
 20
-925.6569
 30
0.0
 10
-3033.8999
 20
-925.2749
 30
0.0
 10
-3033.9095
 20
-924.909
 30
0.0
 10
-3033.8523
 20
-924.5126
 30
0.0
 10
-3033.7193
 20
-924.1721
 30
0.0
 10
-3033.5991
 20
-923.8642
 30
0.0
 10
-3033.4217
 20
-923.6224
 30
0.0
 10
-3033.1053
 20
-923.5192
 30
0.0
 10
-3032.7477
 20
-923.4024
 30
0.0
 10
-3032.278
 20
-923.4851
 30
0.0
 10
-3031.9229
 20
-923.578
 30
0.0
 10
-3031.3937
 20
-923.7164
 30
0.0
 10
-3030.8601
 20
-923.9429
 30
0.0
 10
-3030.381
 20
-924.2114
 30
0.0
 10
-3029.8679
 20
-924.4992
 30
0.0
 10
-3029.3807
 20
-924.856
 30
0.0
 10
-3028.9356
 20
-925.245
 30
0.0
 10
-3028.4531
 20
-925.6666
 30
0.0
 10
-3028.0995
 20
-926.0815
 30
0.0
 10
-3027.7723
 20
-926.6463
 30
0.0
 10
-3027.3255
 20
-927.4178
 30
0.0
 10
-3026.9839
 20
-928.3245
 30
0.0
 10
-3026.7643
 20
-929.1921
 30
0.0
 10
-3026.4952
 20
-930.2561
 30
0.0
 10
-3026.3831
 20
-931.3735
 30
0.0
 10
-3026.3931
 20
-932.4718
 30
0.0
 10
-3026.4041
 20
-933.6729
 30
0.0
 10
-3026.5627
 20
-934.8721
 30
0.0
 10
-3026.8643
 20
-936.0323
 30
0.0
 10
-3027.1895
 20
-937.2822
 30
0.0
 10
-3027.6794
 20
-938.4896
 30
0.0
 10
-3028.2217
 20
-939.6545
 30
0.0
 10
-3028.8307
 20
-940.9624
 30
0.0
 10
-3029.5139
 20
-942.2162
 30
0.0
 10
-3030.3107
 20
-943.4131
 30
0.0
 10
-3031.1666
 20
-944.6987
 30
0.0
 10
-3032.1567
 20
-945.9556
 30
0.0
 10
-3033.1988
 20
-947.0842
 30
0.0
 10
-3034.1578
 20
-948.1229
 30
0.0
 10
-3035.1617
 20
-949.0128
 30
0.0
 10
-3036.2854
 20
-949.8564
 30
0.0
 10
-3037.4939
 20
-950.7637
 30
0.0
 10
-3038.8213
 20
-951.6368
 30
0.0
 10
-3040.1784
 20
-952.2885
 30
0.0
 10
-3041.2094
 20
-952.7836
 30
0.0
 10
-3042.5229
 20
-953.2738
 30
0.0
 10
-3043.6553
 20
-953.4349
 30
0.0
 10
-3043.9693
 20
-953.4795
 30
0.0
 10
-3044.2609
 20
-953.4896
 30
0.0
 10
-3044.5763
 20
-953.4664
 30
0.0
 10
-3044.7729
 20
-953.4519
 30
0.0
 10
-3044.9662
 20
-953.4268
 30
0.0
 10
-3045.163
 20
-953.4538
 30
0.0
 10
-3045.6289
 20
-953.5179
 30
0.0
 10
-3046.2341
 20
-953.8138
 30
0.0
 10
-3046.7098
 20
-953.9529
 30
0.0
 10
-3047.4295
 20
-954.1633
 30
0.0
 10
-3048.1593
 20
-954.226
 30
0.0
 10
-3048.9049
 20
-954.1843
 30
0.0
 10
-3049.772
 20
-954.1357
 30
0.0
 10
-3050.769
 20
-953.9442
 30
0.0
 10
-3051.5502
 20
-953.5435
 30
0.0
 10
-3052.2885
 20
-953.1648
 30
0.0
 10
-3052.86
 20
-952.5808
 30
0.0
 10
-3053.2666
 20
-951.8447
 30
0.0
 10
-3053.5972
 20
-951.2461
 30
0.0
 10
-3053.8348
 20
-950.5145
 30
0.0
 10
-3053.9066
 20
-949.8283
 30
0.0
 10
-3053.9594
 20
-949.3237
 30
0.0
 10
-3053.9097
 20
-948.9155
 30
0.0
 10
-3053.782
 20
-948.4304
 30
0.0
 10
-3053.6529
 20
-947.9403
 30
0.0
 10
-3053.5142
 20
-947.4749
 30
0.0
 10
-3053.4075
 20
-946.9756
 30
0.0
 10
-3053.4061
 20
-946.9692
 30
0.0
 10
-3053.4047
 20
-946.9628
 30
0.0
 10
-3053.4033
 20
-946.9566
 30
0.0
  0
SPLINE
  5
89
330
1F
100
AcDbEntity
  8
Layer 1
 62
     1
370
     9
100
AcDbSpline
210
0.0
220
0.0
230
1.0
 70
    11
 71
     3
 72
   887
 73
   883
 74
     0
 42
0.0000000001
 43
0.0000000001
 40
0.0
 40
0.0
 40
0.0
 40
0.0
 40
0.0034013605442177
 40
0.0034013605442177
 40
0.0034013605442177
 40
0.0068027210884354
 40
0.0068027210884354
 40
0.0068027210884354
 40
0.0102040816326531
 40
0.0102040816326531
 40
0.0102040816326531
 40
0.0136054421768707
 40
0.0136054421768707
 40
0.0136054421768707
 40
0.0170068027210884
 40
0.0170068027210884
 40
0.0170068027210884
 40
0.0204081632653061
 40
0.0204081632653061
 40
0.0204081632653061
 40
0.0238095238095238
 40
0.0238095238095238
 40
0.0238095238095238
 40
0.0272108843537415
 40
0.0272108843537415
 40
0.0272108843537415
 40
0.0306122448979592
 40
0.0306122448979592
 40
0.0306122448979592
 40
0.0340136054421769
 40
0.0340136054421769
 40
0.0340136054421769
 40
0.0374149659863946
 40
0.0374149659863946
 40
0.0374149659863946
 40
0.0408163265306122
 40
0.0408163265306122
 40
0.0408163265306122
 40
0.0442176870748299
 40
0.0442176870748299
 40
0.0442176870748299
 40
0.0476190476190476
 40
0.0476190476190476
 40
0.0476190476190476
 40
0.0510204081632653
 40
0.0510204081632653
 40
0.0510204081632653
 40
0.054421768707483
 40
0.054421768707483
 40
0.054421768707483
 40
0.0578231292517007
 40
0.0578231292517007
 40
0.0578231292517007
 40
0.0612244897959184
 40
0.0612244897959184
 40
0.0612244897959184
 40
0.0646258503401361
 40
0.0646258503401361
 40
0.0646258503401361
 40
0.0680272108843537
 40
0.0680272108843537
 40
0.0680272108843537
 40
0.0714285714285714
 40
0.0714285714285714
 40
0.0714285714285714
 40
0.0748299319727891
 40
0.0748299319727891
 40
0.0748299319727891
 40
0.0782312925170068
 40
0.0782312925170068
 40
0.0782312925170068
 40
0.0816326530612245
 40
0.0816326530612245
 40
0.0816326530612245
 40
0.0850340136054422
 40
0.0850340136054422
 40
0.0850340136054422
 40
0.0884353741496599
 40
0.0884353741496599
 40
0.0884353741496599
 40
0.0918367346938775
 40
0.0918367346938775
 40
0.0918367346938775
 40
0.0952380952380952
 40
0.0952380952380952
 40
0.0952380952380952
 40
0.0986394557823129
 40
0.0986394557823129
 40
0.0986394557823129
 40
0.1020408163265306
 40
0.1020408163265306
 40
0.1020408163265306
 40
0.1054421768707483
 40
0.1054421768707483
 40
0.1054421768707483
 40
0.108843537414966
 40
0.108843537414966
 40
0.108843537414966
 40
0.1122448979591837
 40
0.1122448979591837
 40
0.1122448979591837
 40
0.1156462585034014
 40
0.1156462585034014
 40
0.1156462585034014
 40
0.119047619047619
 40
0.119047619047619
 40
0.119047619047619
 40
0.1224489795918367
 40
0.1224489795918367
 40
0.1224489795918367
 40
0.1258503401360544
 40
0.1258503401360544
 40
0.1258503401360544
 40
0.1292517006802721
 40
0.1292517006802721
 40
0.1292517006802721
 40
0.1326530612244898
 40
0.1326530612244898
 40
0.1326530612244898
 40
0.1360544217687075
 40
0.1360544217687075
 40
0.1360544217687075
 40
0.1394557823129252
 40
0.1394557823129252
 40
0.1394557823129252
 40
0.1428571428571428
 40
0.1428571428571428
 40
0.1428571428571428
 40
0.1462585034013605
 40
0.1462585034013605
 40
0.1462585034013605
 40
0.1496598639455782
 40
0.1496598639455782
 40
0.1496598639455782
 40
0.1530612244897959
 40
0.1530612244897959
 40
0.1530612244897959
 40
0.1564625850340136
 40
0.1564625850340136
 40
0.1564625850340136
 40
0.1598639455782313
 40
0.1598639455782313
 40
0.1598639455782313
 40
0.163265306122449
 40
0.163265306122449
 40
0.163265306122449
 40
0.1666666666666667
 40
0.1666666666666667
 40
0.1666666666666667
 40
0.1700680272108843
 40
0.1700680272108843
 40
0.1700680272108843
 40
0.173469387755102
 40
0.173469387755102
 40
0.173469387755102
 40
0.1768707482993197
 40
0.1768707482993197
 40
0.1768707482993197
 40
0.1802721088435374
 40
0.1802721088435374
 40
0.1802721088435374
 40
0.1836734693877551
 40
0.1836734693877551
 40
0.1836734693877551
 40
0.1870748299319728
 40
0.1870748299319728
 40
0.1870748299319728
 40
0.1904761904761905
 40
0.1904761904761905
 40
0.1904761904761905
 40
0.1938775510204082
 40
0.1938775510204082
 40
0.1938775510204082
 40
0.1972789115646258
 40
0.1972789115646258
 40
0.1972789115646258
 40
0.2006802721088435
 40
0.2006802721088435
 40
0.2006802721088435
 40
0.2040816326530612
 40
0.2040816326530612
 40
0.2040816326530612
 40
0.2074829931972789
 40
0.2074829931972789
 40
0.2074829931972789
 40
0.2108843537414966
 40
0.2108843537414966
 40
0.2108843537414966
 40
0.2142857142857143
 40
0.2142857142857143
 40
0.2142857142857143
 40
0.217687074829932
 40
0.217687074829932
 40
0.217687074829932
 40
0.2210884353741497
 40
0.2210884353741497
 40
0.2210884353741497
 40
0.2244897959183673
 40
0.2244897959183673
 40
0.2244897959183673
 40
0.227891156462585
 40
0.227891156462585
 40
0.227891156462585
 40
0.2312925170068027
 40
0.2312925170068027
 40
0.2312925170068027
 40
0.2346938775510204
 40
0.2346938775510204
 40
0.2346938775510204
 40
0.2380952380952381
 40
0.2380952380952381
 40
0.2380952380952381
 40
0.2414965986394558
 40
0.2414965986394558
 40
0.2414965986394558
 40
0.2448979591836735
 40
0.2448979591836735
 40
0.2448979591836735
 40
0.2482993197278912
 40
0.2482993197278912
 40
0.2482993197278912
 40
0.2517006802721088
 40
0.2517006802721088
 40
0.2517006802721088
 40
0.2551020408163265
 40
0.2551020408163265
 40
0.2551020408163265
 40
0.2585034013605442
 40
0.2585034013605442
 40
0.2585034013605442
 40
0.2619047619047619
 40
0.2619047619047619
 40
0.2619047619047619
 40
0.2653061224489796
 40
0.2653061224489796
 40
0.2653061224489796
 40
0.2687074829931972
 40
0.2687074829931972
 40
0.2687074829931972
 40
0.2721088435374149
 40
0.2721088435374149
 40
0.2721088435374149
 40
0.2755102040816326
 40
0.2755102040816326
 40
0.2755102040816326
 40
0.2789115646258503
 40
0.2789115646258503
 40
0.2789115646258503
 40
0.282312925170068
 40
0.282312925170068
 40
0.282312925170068
 40
0.2857142857142857
 40
0.2857142857142857
 40
0.2857142857142857
 40
0.2891156462585034
 40
0.2891156462585034
 40
0.2891156462585034
 40
0.2925170068027211
 40
0.2925170068027211
 40
0.2925170068027211
 40
0.2959183673469388
 40
0.2959183673469388
 40
0.2959183673469388
 40
0.2993197278911565
 40
0.2993197278911565
 40
0.2993197278911565
 40
0.3027210884353742
 40
0.3027210884353742
 40
0.3027210884353742
 40
0.3061224489795918
 40
0.3061224489795918
 40
0.3061224489795918
 40
0.3095238095238095
 40
0.3095238095238095
 40
0.3095238095238095
 40
0.3129251700680272
 40
0.3129251700680272
 40
0.3129251700680272
 40
0.3163265306122449
 40
0.3163265306122449
 40
0.3163265306122449
 40
0.3197278911564626
 40
0.3197278911564626
 40
0.3197278911564626
 40
0.3231292517006802
 40
0.3231292517006802
 40
0.3231292517006802
 40
0.3265306122448979
 40
0.3265306122448979
 40
0.3265306122448979
 40
0.3299319727891156
 40
0.3299319727891156
 40
0.3299319727891156
 40
0.3333333333333333
 40
0.3333333333333333
 40
0.3333333333333333
 40
0.336734693877551
 40
0.336734693877551
 40
0.336734693877551
 40
0.3401360544217687
 40
0.3401360544217687
 40
0.3401360544217687
 40
0.3435374149659864
 40
0.3435374149659864
 40
0.3435374149659864
 40
0.3469387755102041
 40
0.3469387755102041
 40
0.3469387755102041
 40
0.3503401360544218
 40
0.3503401360544218
 40
0.3503401360544218
 40
0.3537414965986395
 40
0.3537414965986395
 40
0.3537414965986395
 40
0.3571428571428572
 40
0.3571428571428572
 40
0.3571428571428572
 40
0.3605442176870748
 40
0.3605442176870748
 40
0.3605442176870748
 40
0.3639455782312925
 40
0.3639455782312925
 40
0.3639455782312925
 40
0.3673469387755102
 40
0.3673469387755102
 40
0.3673469387755102
 40
0.3707482993197279
 40
0.3707482993197279
 40
0.3707482993197279
 40
0.3741496598639455
 40
0.3741496598639455
 40
0.3741496598639455
 40
0.3775510204081632
 40
0.3775510204081632
 40
0.3775510204081632
 40
0.3809523809523809
 40
0.3809523809523809
 40
0.3809523809523809
 40
0.3843537414965986
 40
0.3843537414965986
 40
0.3843537414965986
 40
0.3877551020408163
 40
0.3877551020408163
 40
0.3877551020408163
 40
0.391156462585034
 40
0.391156462585034
 40
0.391156462585034
 40
0.3945578231292517
 40
0.3945578231292517
 40
0.3945578231292517
 40
0.3979591836734694
 40
0.3979591836734694
 40
0.3979591836734694
 40
0.4013605442176871
 40
0.4013605442176871
 40
0.4013605442176871
 40
0.4047619047619048
 40
0.4047619047619048
 40
0.4047619047619048
 40
0.4081632653061225
 40
0.4081632653061225
 40
0.4081632653061225
 40
0.4115646258503401
 40
0.4115646258503401
 40
0.4115646258503401
 40
0.4149659863945578
 40
0.4149659863945578
 40
0.4149659863945578
 40
0.4183673469387755
 40
0.4183673469387755
 40
0.4183673469387755
 40
0.4217687074829932
 40
0.4217687074829932
 40
0.4217687074829932
 40
0.4251700680272109
 40
0.4251700680272109
 40
0.4251700680272109
 40
0.4285714285714285
 40
0.4285714285714285
 40
0.4285714285714285
 40
0.4319727891156462
 40
0.4319727891156462
 40
0.4319727891156462
 40
0.4353741496598639
 40
0.4353741496598639
 40
0.4353741496598639
 40
0.4387755102040816
 40
0.4387755102040816
 40
0.4387755102040816
 40
0.4421768707482993
 40
0.4421768707482993
 40
0.4421768707482993
 40
0.445578231292517
 40
0.445578231292517
 40
0.445578231292517
 40
0.4489795918367347
 40
0.4489795918367347
 40
0.4489795918367347
 40
0.4523809523809524
 40
0.4523809523809524
 40
0.4523809523809524
 40
0.4557823129251701
 40
0.4557823129251701
 40
0.4557823129251701
 40
0.4591836734693878
 40
0.4591836734693878
 40
0.4591836734693878
 40
0.4625850340136054
 40
0.4625850340136054
 40
0.4625850340136054
 40
0.4659863945578231
 40
0.4659863945578231
 40
0.4659863945578231
 40
0.4693877551020408
 40
0.4693877551020408
 40
0.4693877551020408
 40
0.4727891156462585
 40
0.4727891156462585
 40
0.4727891156462585
 40
0.4761904761904762
 40
0.4761904761904762
 40
0.4761904761904762
 40
0.4795918367346939
 40
0.4795918367346939
 40
0.4795918367346939
 40
0.4829931972789115
 40
0.4829931972789115
 40
0.4829931972789115
 40
0.4863945578231292
 40
0.4863945578231292
 40
0.4863945578231292
 40
0.4897959183673469
 40
0.4897959183673469
 40
0.4897959183673469
 40
0.4931972789115646
 40
0.4931972789115646
 40
0.4931972789115646
 40
0.4965986394557823
 40
0.4965986394557823
 40
0.4965986394557823
 40
0.5
 40
0.5
 40
0.5
 40
0.5034013605442177
 40
0.5034013605442177
 40
0.5034013605442177
 40
0.5068027210884354
 40
0.5068027210884354
 40
0.5068027210884354
 40
0.5102040816326531
 40
0.5102040816326531
 40
0.5102040816326531
 40
0.5136054421768708
 40
0.5136054421768708
 40
0.5136054421768708
 40
0.5170068027210885
 40
0.5170068027210885
 40
0.5170068027210885
 40
0.5204081632653061
 40
0.5204081632653061
 40
0.5204081632653061
 40
0.5238095238095238
 40
0.5238095238095238
 40
0.5238095238095238
 40
0.5272108843537415
 40
0.5272108843537415
 40
0.5272108843537415
 40
0.5306122448979592
 40
0.5306122448979592
 40
0.5306122448979592
 40
0.5340136054421768
 40
0.5340136054421768
 40
0.5340136054421768
 40
0.5374149659863945
 40
0.5374149659863945
 40
0.5374149659863945
 40
0.5408163265306122
 40
0.5408163265306122
 40
0.5408163265306122
 40
0.5442176870748299
 40
0.5442176870748299
 40
0.5442176870748299
 40
0.5476190476190476
 40
0.5476190476190476
 40
0.5476190476190476
 40
0.5510204081632653
 40
0.5510204081632653
 40
0.5510204081632653
 40
0.5544217687074829
 40
0.5544217687074829
 40
0.5544217687074829
 40
0.5578231292517006
 40
0.5578231292517006
 40
0.5578231292517006
 40
0.5612244897959183
 40
0.5612244897959183
 40
0.5612244897959183
 40
0.564625850340136
 40
0.564625850340136
 40
0.564625850340136
 40
0.5680272108843537
 40
0.5680272108843537
 40
0.5680272108843537
 40
0.5714285714285714
 40
0.5714285714285714
 40
0.5714285714285714
 40
0.5748299319727891
 40
0.5748299319727891
 40
0.5748299319727891
 40
0.5782312925170068
 40
0.5782312925170068
 40
0.5782312925170068
 40
0.5816326530612245
 40
0.5816326530612245
 40
0.5816326530612245
 40
0.5850340136054422
 40
0.5850340136054422
 40
0.5850340136054422
 40
0.5884353741496599
 40
0.5884353741496599
 40
0.5884353741496599
 40
0.5918367346938775
 40
0.5918367346938775
 40
0.5918367346938775
 40
0.5952380952380952
 40
0.5952380952380952
 40
0.5952380952380952
 40
0.5986394557823129
 40
0.5986394557823129
 40
0.5986394557823129
 40
0.6020408163265306
 40
0.6020408163265306
 40
0.6020408163265306
 40
0.6054421768707483
 40
0.6054421768707483
 40
0.6054421768707483
 40
0.608843537414966
 40
0.608843537414966
 40
0.608843537414966
 40
0.6122448979591837
 40
0.6122448979591837
 40
0.6122448979591837
 40
0.6156462585034014
 40
0.6156462585034014
 40
0.6156462585034014
 40
0.6190476190476191
 40
0.6190476190476191
 40
0.6190476190476191
 40
0.6224489795918368
 40
0.6224489795918368
 40
0.6224489795918368
 40
0.6258503401360545
 40
0.6258503401360545
 40
0.6258503401360545
 40
0.629251700680272
 40
0.629251700680272
 40
0.629251700680272
 40
0.6326530612244897
 40
0.6326530612244897
 40
0.6326530612244897
 40
0.6360544217687074
 40
0.6360544217687074
 40
0.6360544217687074
 40
0.6394557823129251
 40
0.6394557823129251
 40
0.6394557823129251
 40
0.6428571428571428
 40
0.6428571428571428
 40
0.6428571428571428
 40
0.6462585034013605
 40
0.6462585034013605
 40
0.6462585034013605
 40
0.6496598639455782
 40
0.6496598639455782
 40
0.6496598639455782
 40
0.6530612244897959
 40
0.6530612244897959
 40
0.6530612244897959
 40
0.6564625850340136
 40
0.6564625850340136
 40
0.6564625850340136
 40
0.6598639455782312
 40
0.6598639455782312
 40
0.6598639455782312
 40
0.6632653061224489
 40
0.6632653061224489
 40
0.6632653061224489
 40
0.6666666666666666
 40
0.6666666666666666
 40
0.6666666666666666
 40
0.6700680272108843
 40
0.6700680272108843
 40
0.6700680272108843
 40
0.673469387755102
 40
0.673469387755102
 40
0.673469387755102
 40
0.6768707482993197
 40
0.6768707482993197
 40
0.6768707482993197
 40
0.6802721088435374
 40
0.6802721088435374
 40
0.6802721088435374
 40
0.6836734693877551
 40
0.6836734693877551
 40
0.6836734693877551
 40
0.6870748299319728
 40
0.6870748299319728
 40
0.6870748299319728
 40
0.6904761904761905
 40
0.6904761904761905
 40
0.6904761904761905
 40
0.6938775510204082
 40
0.6938775510204082
 40
0.6938775510204082
 40
0.6972789115646258
 40
0.6972789115646258
 40
0.6972789115646258
 40
0.7006802721088435
 40
0.7006802721088435
 40
0.7006802721088435
 40
0.7040816326530612
 40
0.7040816326530612
 40
0.7040816326530612
 40
0.7074829931972789
 40
0.7074829931972789
 40
0.7074829931972789
 40
0.7108843537414966
 40
0.7108843537414966
 40
0.7108843537414966
 40
0.7142857142857143
 40
0.7142857142857143
 40
0.7142857142857143
 40
0.717687074829932
 40
0.717687074829932
 40
0.717687074829932
 40
0.7210884353741497
 40
0.7210884353741497
 40
0.7210884353741497
 40
0.7244897959183674
 40
0.7244897959183674
 40
0.7244897959183674
 40
0.727891156462585
 40
0.727891156462585
 40
0.727891156462585
 40
0.7312925170068026
 40
0.7312925170068026
 40
0.7312925170068026
 40
0.7346938775510203
 40
0.7346938775510203
 40
0.7346938775510203
 40
0.738095238095238
 40
0.738095238095238
 40
0.738095238095238
 40
0.7414965986394557
 40
0.7414965986394557
 40
0.7414965986394557
 40
0.7448979591836734
 40
0.7448979591836734
 40
0.7448979591836734
 40
0.7482993197278911
 40
0.7482993197278911
 40
0.7482993197278911
 40
0.7517006802721088
 40
0.7517006802721088
 40
0.7517006802721088
 40
0.7551020408163265
 40
0.7551020408163265
 40
0.7551020408163265
 40
0.7585034013605442
 40
0.7585034013605442
 40
0.7585034013605442
 40
0.7619047619047619
 40
0.7619047619047619
 40
0.7619047619047619
 40
0.7653061224489796
 40
0.7653061224489796
 40
0.7653061224489796
 40
0.7687074829931972
 40
0.7687074829931972
 40
0.7687074829931972
 40
0.7721088435374149
 40
0.7721088435374149
 40
0.7721088435374149
 40
0.7755102040816326
 40
0.7755102040816326
 40
0.7755102040816326
 40
0.7789115646258503
 40
0.7789115646258503
 40
0.7789115646258503
 40
0.782312925170068
 40
0.782312925170068
 40
0.782312925170068
 40
0.7857142857142857
 40
0.7857142857142857
 40
0.7857142857142857
 40
0.7891156462585034
 40
0.7891156462585034
 40
0.7891156462585034
 40
0.7925170068027211
 40
0.7925170068027211
 40
0.7925170068027211
 40
0.7959183673469388
 40
0.7959183673469388
 40
0.7959183673469388
 40
0.7993197278911565
 40
0.7993197278911565
 40
0.7993197278911565
 40
0.8027210884353742
 40
0.8027210884353742
 40
0.8027210884353742
 40
0.8061224489795918
 40
0.8061224489795918
 40
0.8061224489795918
 40
0.8095238095238095
 40
0.8095238095238095
 40
0.8095238095238095
 40
0.8129251700680272
 40
0.8129251700680272
 40
0.8129251700680272
 40
0.8163265306122449
 40
0.8163265306122449
 40
0.8163265306122449
 40
0.8197278911564626
 40
0.8197278911564626
 40
0.8197278911564626
 40
0.8231292517006802
 40
0.8231292517006802
 40
0.8231292517006802
 40
0.8265306122448979
 40
0.8265306122448979
 40
0.8265306122448979
 40
0.8299319727891156
 40
0.8299319727891156
 40
0.8299319727891156
 40
0.8333333333333333
 40
0.8333333333333333
 40
0.8333333333333333
 40
0.836734693877551
 40
0.836734693877551
 40
0.836734693877551
 40
0.8401360544217686
 40
0.8401360544217686
 40
0.8401360544217686
 40
0.8435374149659863
 40
0.8435374149659863
 40
0.8435374149659863
 40
0.846938775510204
 40
0.846938775510204
 40
0.846938775510204
 40
0.8503401360544217
 40
0.8503401360544217
 40
0.8503401360544217
 40
0.8537414965986394
 40
0.8537414965986394
 40
0.8537414965986394
 40
0.8571428571428571
 40
0.8571428571428571
 40
0.8571428571428571
 40
0.8605442176870748
 40
0.8605442176870748
 40
0.8605442176870748
 40
0.8639455782312925
 40
0.8639455782312925
 40
0.8639455782312925
 40
0.8673469387755102
 40
0.8673469387755102
 40
0.8673469387755102
 40
0.8707482993197279
 40
0.8707482993197279
 40
0.8707482993197279
 40
0.8741496598639455
 40
0.8741496598639455
 40
0.8741496598639455
 40
0.8775510204081632
 40
0.8775510204081632
 40
0.8775510204081632
 40
0.8809523809523809
 40
0.8809523809523809
 40
0.8809523809523809
 40
0.8843537414965986
 40
0.8843537414965986
 40
0.8843537414965986
 40
0.8877551020408163
 40
0.8877551020408163
 40
0.8877551020408163
 40
0.891156462585034
 40
0.891156462585034
 40
0.891156462585034
 40
0.8945578231292517
 40
0.8945578231292517
 40
0.8945578231292517
 40
0.8979591836734694
 40
0.8979591836734694
 40
0.8979591836734694
 40
0.9013605442176871
 40
0.9013605442176871
 40
0.9013605442176871
 40
0.9047619047619048
 40
0.9047619047619048
 40
0.9047619047619048
 40
0.9081632653061225
 40
0.9081632653061225
 40
0.9081632653061225
 40
0.9115646258503401
 40
0.9115646258503401
 40
0.9115646258503401
 40
0.9149659863945578
 40
0.9149659863945578
 40
0.9149659863945578
 40
0.9183673469387755
 40
0.9183673469387755
 40
0.9183673469387755
 40
0.9217687074829931
 40
0.9217687074829931
 40
0.9217687074829931
 40
0.9251700680272108
 40
0.9251700680272108
 40
0.9251700680272108
 40
0.9285714285714285
 40
0.9285714285714285
 40
0.9285714285714285
 40
0.9319727891156462
 40
0.9319727891156462
 40
0.9319727891156462
 40
0.9353741496598639
 40
0.9353741496598639
 40
0.9353741496598639
 40
0.9387755102040816
 40
0.9387755102040816
 40
0.9387755102040816
 40
0.9421768707482993
 40
0.9421768707482993
 40
0.9421768707482993
 40
0.945578231292517
 40
0.945578231292517
 40
0.945578231292517
 40
0.9489795918367346
 40
0.9489795918367346
 40
0.9489795918367346
 40
0.9523809523809523
 40
0.9523809523809523
 40
0.9523809523809523
 40
0.95578231292517
 40
0.95578231292517
 40
0.95578231292517
 40
0.9591836734693877
 40
0.9591836734693877
 40
0.9591836734693877
 40
0.9625850340136054
 40
0.9625850340136054
 40
0.9625850340136054
 40
0.9659863945578231
 40
0.9659863945578231
 40
0.9659863945578231
 40
0.9693877551020408
 40
0.9693877551020408
 40
0.9693877551020408
 40
0.9727891156462585
 40
0.9727891156462585
 40
0.9727891156462585
 40
0.9761904761904762
 40
0.9761904761904762
 40
0.9761904761904762
 40
0.9795918367346939
 40
0.9795918367346939
 40
0.9795918367346939
 40
0.9829931972789115
 40
0.9829931972789115
 40
0.9829931972789115
 40
0.9863945578231292
 40
0.9863945578231292
 40
0.9863945578231292
 40
0.9897959183673469
 40
0.9897959183673469
 40
0.9897959183673469
 40
0.9931972789115646
 40
0.9931972789115646
 40
0.9931972789115646
 40
0.9965986394557823
 40
0.9965986394557823
 40
0.9965986394557823
 40
1.0
 40
1.0
 40
1.0
 40
1.0
 10
-3056.4887
 20
-955.9589
 30
0.0
 10
-3056.537
 20
-956.0038
 30
0.0
 10
-3056.6112
 20
-956.0717
 30
0.0
 10
-3056.7434
 20
-956.1904
 30
0.0
 10
-3056.9833
 20
-956.4059
 30
0.0
 10
-3057.4143
 20
-956.7896
 30
0.0
 10
-3057.9407
 20
-957.2387
 30
0.0
 10
-3058.467
 20
-957.6878
 30
0.0
 10
-3059.0885
 20
-958.2024
 30
0.0
 10
-3059.9632
 20
-958.7482
 30
0.0
 10
-3060.8379
 20
-959.2941
 30
0.0
 10
-3061.9658
 20
-959.8711
 30
0.0
 10
-3062.7497
 20
-960.184
 30
0.0
 10
-3063.5335
 20
-960.497
 30
0.0
 10
-3063.9732
 20
-960.5458
 30
0.0
 10
-3064.2699
 20
-960.4585
 30
0.0
 10
-3064.5664
 20
-960.3713
 30
0.0
 10
-3064.7197
 20
-960.1482
 30
0.0
 10
-3064.8201
 20
-959.9063
 30
0.0
 10
-3064.9205
 20
-959.6644
 30
0.0
 10
-3064.9678
 20
-959.404
 30
0.0
 10
-3065.0332
 20
-959.2586
 30
0.0
 10
-3065.0987
 20
-959.1132
 30
0.0
 10
-3065.182
 20
-959.083
 30
0.0
 10
-3065.3106
 20
-959.0958
 30
0.0
 10
-3065.4392
 20
-959.1086
 30
0.0
 10
-3065.6129
 20
-959.1644
 30
0.0
 10
-3066.0387
 20
-959.3407
 30
0.0
 10
-3066.4644
 20
-959.5172
 30
0.0
 10
-3067.1423
 20
-959.814
 30
0.0
 10
-3067.8081
 20
-960.0645
 30
0.0
 10
-3068.474
 20
-960.3151
 30
0.0
 10
-3069.1277
 20
-960.5192
 30
0.0
 10
-3069.6227
 20
-960.6274
 30
0.0
 10
-3070.1175
 20
-960.7356
 30
0.0
 10
-3070.4536
 20
-960.7481
 30
0.0
 10
-3070.7565
 20
-960.7356
 30
0.0
 10
-3071.0594
 20
-960.7233
 30
0.0
 10
-3071.3293
 20
-960.6861
 30
0.0
 10
-3071.5123
 20
-960.5469
 30
0.0
 10
-3071.6952
 20
-960.4078
 30
0.0
 10
-3071.7912
 20
-960.1665
 30
0.0
 10
-3071.7943
 20
-959.9346
 30
0.0
 10
-3071.7972
 20
-959.7027
 30
0.0
 10
-3071.7073
 20
-959.48
 30
0.0
 10
-3071.5784
 20
-959.2572
 30
0.0
 10
-3071.4493
 20
-959.0346
 30
0.0
 10
-3071.2813
 20
-958.812
 30
0.0
 10
-3071.1703
 20
-958.6573
 30
0.0
 10
-3071.0593
 20
-958.5027
 30
0.0
 10
-3071.0054
 20
-958.4161
 30
0.0
 10
-3071.0894
 20
-958.3449
 30
0.0
 10
-3071.1733
 20
-958.2738
 30
0.0
 10
-3071.3953
 20
-958.2182
 30
0.0
 10
-3072.0042
 20
-958.1935
 30
0.0
 10
-3072.6131
 20
-958.1687
 30
0.0
 10
-3073.6087
 20
-958.1749
 30
0.0
 10
-3074.4186
 20
-958.3511
 30
0.0
 10
-3075.2284
 20
-958.5274
 30
0.0
 10
-3075.8523
 20
-958.8739
 30
0.0
 10
-3076.2422
 20
-959.2109
 30
0.0
 10
-3076.6321
 20
-959.548
 30
0.0
 10
-3076.788
 20
-959.8759
 30
0.0
 10
-3076.8661
 20
-960.2532
 30
0.0
 10
-3076.944
 20
-960.6305
 30
0.0
 10
-3076.944
 20
-961.0572
 30
0.0
 10
-3076.8061
 20
-961.3974
 30
0.0
 10
-3076.6681
 20
-961.7376
 30
0.0
 10
-3076.3921
 20
-961.9913
 30
0.0
 10
-3076.1942
 20
-962.2294
 30
0.0
 10
-3075.9962
 20
-962.4676
 30
0.0
 10
-3075.8763
 20
-962.6902
 30
0.0
 10
-3075.8673
 20
-962.9717
 30
0.0
 10
-3075.8582
 20
-963.2531
 30
0.0
 10
-3075.9602
 20
-963.5932
 30
0.0
 10
-3076.2062
 20
-963.8221
 30
0.0
 10
-3076.4521
 20
-964.051
 30
0.0
 10
-3076.8421
 20
-964.1685
 30
0.0
 10
-3077.244
 20
-964.2242
 30
0.0
 10
-3077.6459
 20
-964.2799
 30
0.0
 10
-3078.0598
 20
-964.2736
 30
0.0
 10
-3078.4948
 20
-964.2086
 30
0.0
 10
-3078.9296
 20
-964.1437
 30
0.0
 10
-3079.3854
 20
-964.0201
 30
0.0
 10
-3079.8713
 20
-963.7943
 30
0.0
 10
-3080.3573
 20
-963.5686
 30
0.0
 10
-3080.8731
 20
-963.2407
 30
0.0
 10
-3081.278
 20
-962.8479
 30
0.0
 10
-3081.683
 20
-962.4552
 30
0.0
 10
-3081.9768
 20
-961.9975
 30
0.0
 10
-3082.1688
 20
-961.382
 30
0.0
 10
-3082.3608
 20
-960.7666
 30
0.0
 10
-3082.4507
 20
-959.9934
 30
0.0
 10
-3082.3937
 20
-959.2882
 30
0.0
 10
-3082.3368
 20
-958.5831
 30
0.0
 10
-3082.1328
 20
-957.9461
 30
0.0
 10
-3081.8689
 20
-957.445
 30
0.0
 10
-3081.6049
 20
-956.944
 30
0.0
 10
-3081.2811
 20
-956.5791
 30
0.0
 10
-3080.8822
 20
-956.2605
 30
0.0
 10
-3080.4833
 20
-955.942
 30
0.0
 10
-3080.0093
 20
-955.6698
 30
0.0
 10
-3079.4814
 20
-955.4905
 30
0.0
 10
-3078.9535
 20
-955.3111
 30
0.0
 10
-3078.3717
 20
-955.2245
 30
0.0
 10
-3077.7328
 20
-955.1842
 30
0.0
 10
-3077.0939
 20
-955.1441
 30
0.0
 10
-3076.3981
 20
-955.1502
 30
0.0
 10
-3075.8163
 20
-955.212
 30
0.0
 10
-3075.2344
 20
-955.2739
 30
0.0
 10
-3074.7665
 20
-955.3915
 30
0.0
 10
-3074.4156
 20
-955.4038
 30
0.0
 10
-3074.0647
 20
-955.4161
 30
0.0
 10
-3073.8307
 20
-955.3234
 30
0.0
 10
-3074.0917
 20
-955.1471
 30
0.0
 10
-3074.3526
 20
-954.9708
 30
0.0
 10
-3075.1084
 20
-954.7111
 30
0.0
 10
-3076.0052
 20
-954.5069
 30
0.0
 10
-3076.902
 20
-954.3028
 30
0.0
 10
-3077.9398
 20
-954.1543
 30
0.0
 10
-3078.8815
 20
-954.043
 30
0.0
 10
-3079.8233
 20
-953.9317
 30
0.0
 10
-3080.6692
 20
-953.8575
 30
0.0
 10
-3081.368
 20
-953.7585
 30
0.0
 10
-3082.0668
 20
-953.6595
 30
0.0
 10
-3082.6186
 20
-953.5359
 30
0.0
 10
-3083.1286
 20
-953.3318
 30
0.0
 10
-3083.6384
 20
-953.1276
 30
0.0
 10
-3084.1064
 20
-952.843
 30
0.0
 10
-3084.5738
 20
-952.4648
 30
0.0
 10
-3085.0411
 20
-952.0866
 30
0.0
 10
-3085.508
 20
-951.6147
 30
0.0
 10
-3085.8901
 20
-951.1879
 30
0.0
 10
-3086.2721
 20
-950.761
 30
0.0
 10
-3086.5693
 20
-950.3791
 30
0.0
 10
-3086.7441
 20
-950.0725
 30
0.0
 10
-3086.9188
 20
-949.7661
 30
0.0
 10
-3086.971
 20
-949.5347
 30
0.0
 10
-3086.8955
 20
-949.3814
 30
0.0
 10
-3086.8198
 20
-949.2281
 30
0.0
 10
-3086.6163
 20
-949.1529
 30
0.0
 10
-3086.2773
 20
-949.1314
 30
0.0
 10
-3085.9383
 20
-949.1099
 30
0.0
 10
-3085.4637
 20
-949.1422
 30
0.0
 10
-3084.8404
 20
-949.2496
 30
0.0
 10
-3084.2171
 20
-949.3573
 30
0.0
 10
-3083.4451
 20
-949.5402
 30
0.0
 10
-3082.8715
 20
-949.7392
 30
0.0
 10
-3082.2977
 20
-949.9381
 30
0.0
 10
-3081.9221
 20
-950.1532
 30
0.0
 10
-3081.638
 20
-950.2661
 30
0.0
 10
-3081.3537
 20
-950.3791
 30
0.0
 10
-3081.1606
 20
-950.3899
 30
0.0
 10
-3081.0799
 20
-950.3038
 30
0.0
 10
-3080.999
 20
-950.2178
 30
0.0
 10
-3081.0303
 20
-950.0349
 30
0.0
 10
-3081.4189
 20
-949.7794
 30
0.0
 10
-3081.8074
 20
-949.5239
 30
0.0
 10
-3082.5533
 20
-949.196
 30
0.0
 10
-3083.1949
 20
-948.9861
 30
0.0
 10
-3083.8364
 20
-948.7764
 30
0.0
 10
-3084.3735
 20
-948.685
 30
0.0
 10
-3084.8899
 20
-948.6124
 30
0.0
 10
-3085.4063
 20
-948.5398
 30
0.0
 10
-3085.9018
 20
-948.4861
 30
0.0
 10
-3086.6398
 20
-948.2789
 30
0.0
 10
-3087.3778
 20
-948.0719
 30
0.0
 10
-3088.3584
 20
-947.7116
 30
0.0
 10
-3089.2399
 20
-947.198
 30
0.0
 10
-3090.1213
 20
-946.6844
 30
0.0
 10
-3090.9036
 20
-946.0174
 30
0.0
 10
-3091.4199
 20
-945.3129
 30
0.0
 10
-3091.9363
 20
-944.6084
 30
0.0
 10
-3092.1867
 20
-943.8662
 30
0.0
 10
-3092.3484
 20
-943.3042
 30
0.0
 10
-3092.5101
 20
-942.7423
 30
0.0
 10
-3092.583
 20
-942.3604
 30
0.0
 10
-3092.5882
 20
-941.7876
 30
0.0
 10
-3092.5934
 20
-941.2149
 30
0.0
 10
-3092.5309
 20
-940.4512
 30
0.0
 10
-3092.4215
 20
-939.9699
 30
0.0
 10
-3092.3119
 20
-939.4886
 30
0.0
 10
-3092.1553
 20
-939.2895
 30
0.0
 10
-3091.9807
 20
-939.2249
 30
0.0
 10
-3091.806
 20
-939.1605
 30
0.0
 10
-3091.6129
 20
-939.2303
 30
0.0
 10
-3091.4095
 20
-939.4454
 30
0.0
 10
-3091.2061
 20
-939.6606
 30
0.0
 10
-3090.9923
 20
-940.0209
 30
0.0
 10
-3090.8019
 20
-940.2898
 30
0.0
 10
-3090.6116
 20
-940.5587
 30
0.0
 10
-3090.4446
 20
-940.7363
 30
0.0
 10
-3090.1396
 20
-940.9998
 30
0.0
 10
-3089.8344
 20
-941.2633
 30
0.0
 10
-3089.3911
 20
-941.6128
 30
0.0
 10
-3089.0391
 20
-941.871
 30
0.0
 10
-3088.687
 20
-942.1291
 30
0.0
 10
-3088.4262
 20
-942.2959
 30
0.0
 10
-3088.2306
 20
-942.3873
 30
0.0
 10
-3088.035
 20
-942.4788
 30
0.0
 10
-3087.9046
 20
-942.4948
 30
0.0
 10
-3087.8919
 20
-942.4137
 30
0.0
 10
-3087.8792
 20
-942.3327
 30
0.0
 10
-3087.9843
 20
-942.1546
 30
0.0
 10
-3088.3207
 20
-941.8023
 30
0.0
 10
-3088.6571
 20
-941.4501
 30
0.0
 10
-3089.2249
 20
-940.9237
 30
0.0
 10
-3089.7487
 20
-940.4373
 30
0.0
 10
-3090.2725
 20
-939.951
 30
0.0
 10
-3090.7523
 20
-939.5046
 30
0.0
 10
-3091.2348
 20
-939.0233
 30
0.0
 10
-3091.7172
 20
-938.5419
 30
0.0
 10
-3092.2023
 20
-938.0256
 30
0.0
 10
-3092.6769
 20
-937.4367
 30
0.0
 10
-3093.1516
 20
-936.8479
 30
0.0
 10
-3093.6159
 20
-936.1863
 30
0.0
 10
-3093.9001
 20
-935.4791
 30
0.0
 10
-3094.1843
 20
-934.7719
 30
0.0
 10
-3094.2887
 20
-934.019
 30
0.0
 10
-3094.3252
 20
-933.3333
 30
0.0
 10
-3094.3616
 20
-932.6476
 30
0.0
 10
-3094.3304
 20
-932.0291
 30
0.0
 10
-3094.273
 20
-931.5262
 30
0.0
 10
-3094.2156
 20
-931.0234
 30
0.0
 10
-3094.1322
 20
-930.6362
 30
0.0
 10
-3093.9601
 20
-930.3941
 30
0.0
 10
-3093.7879
 20
-930.1521
 30
0.0
 10
-3093.5271
 20
-930.0553
 30
0.0
 10
-3093.2768
 20
-930.1252
 30
0.0
 10
-3093.0264
 20
-930.1951
 30
0.0
 10
-3092.7865
 20
-930.4319
 30
0.0
 10
-3092.5779
 20
-930.5878
 30
0.0
 10
-3092.3693
 20
-930.7438
 30
0.0
 10
-3092.1919
 20
-930.819
 30
0.0
 10
-3092.1189
 20
-930.7625
 30
0.0
 10
-3092.0459
 20
-930.7061
 30
0.0
 10
-3092.0772
 20
-930.5178
 30
0.0
 10
-3092.2233
 20
-930.1011
 30
0.0
 10
-3092.3693
 20
-929.6843
 30
0.0
 10
-3092.63
 20
-929.0389
 30
0.0
 10
-3092.823
 20
-928.2106
 30
0.0
 10
-3093.016
 20
-927.3825
 30
0.0
 10
-3093.1411
 20
-926.3714
 30
0.0
 10
-3093.0786
 20
-925.2231
 30
0.0
 10
-3093.016
 20
-924.0749
 30
0.0
 10
-3092.7656
 20
-922.7895
 30
0.0
 10
-3092.4293
 20
-921.6224
 30
0.0
 10
-3092.0928
 20
-920.4554
 30
0.0
 10
-3091.6703
 20
-919.4068
 30
0.0
 10
-3091.1384
 20
-918.3365
 30
0.0
 10
-3090.6064
 20
-917.2663
 30
0.0
 10
-3089.9648
 20
-916.1746
 30
0.0
 10
-3089.1877
 20
-915.1795
 30
0.0
 10
-3088.4105
 20
-914.1846
 30
0.0
 10
-3087.4977
 20
-913.2865
 30
0.0
 10
-3086.538
 20
-912.5577
 30
0.0
 10
-3085.5783
 20
-911.8289
 30
0.0
 10
-3084.6779
 20
-911.1637
 30
0.0
 10
-3083.7948
 20
-910.7908
 30
0.0
 10
-3082.9117
 20
-910.4179
 30
0.0
 10
-3082.1522
 20
-910.2315
 30
0.0
 10
-3081.6881
 20
-910.1343
 30
0.0
 10
-3081.4835
 20
-910.0915
 30
0.0
 10
-3080.2547
 20
-910.1203
 30
0.0
 10
-3080.8501
 20
-910.6484
 30
0.0
 10
-3080.9616
 20
-910.7473
 30
0.0
 10
-3081.1197
 20
-910.873
 30
0.0
 10
-3081.3025
 20
-911.0628
 30
0.0
 10
-3081.4853
 20
-911.2526
 30
0.0
 10
-3081.6928
 20
-911.5066
 30
0.0
 10
-3081.9755
 20
-911.8454
 30
0.0
 10
-3082.2582
 20
-912.1842
 30
0.0
 10
-3082.6162
 20
-912.6081
 30
0.0
 10
-3082.8379
 20
-912.8506
 30
0.0
 10
-3083.0596
 20
-913.0931
 30
0.0
 10
-3083.1454
 20
-913.1546
 30
0.0
 10
-3083.2037
 20
-913.2361
 30
0.0
 10
-3083.262
 20
-913.3176
 30
0.0
 10
-3083.2932
 20
-913.4193
 30
0.0
 10
-3083.2141
 20
-913.4527
 30
0.0
 10
-3083.135
 20
-913.4861
 30
0.0
 10
-3082.9458
 20
-913.4513
 30
0.0
 10
-3082.7772
 20
-913.494
 30
0.0
 10
-3082.6086
 20
-913.5367
 30
0.0
 10
-3082.4608
 20
-913.6572
 30
0.0
 10
-3082.374
 20
-913.8002
 30
0.0
 10
-3082.2872
 20
-913.9432
 30
0.0
 10
-3082.2611
 20
-914.1089
 30
0.0
 10
-3082.2676
 20
-914.3255
 30
0.0
 10
-3082.2741
 20
-914.5421
 30
0.0
 10
-3082.4306
 20
-914.6918
 30
0.0
 10
-3082.5499
 20
-914.9538
 30
0.0
 10
-3082.6692
 20
-915.2158
 30
0.0
 10
-3082.8688
 20
-915.4724
 30
0.0
 10
-3083.097
 20
-915.693
 30
0.0
 10
-3083.3251
 20
-915.9136
 30
0.0
 10
-3083.5818
 20
-916.098
 30
0.0
 10
-3083.8126
 20
-916.2478
 30
0.0
 10
-3084.0433
 20
-916.3975
 30
0.0
 10
-3084.2482
 20
-916.5124
 30
0.0
 10
-3084.4829
 20
-916.6701
 30
0.0
 10
-3084.7175
 20
-916.828
 30
0.0
 10
-3084.9819
 20
-917.0284
 30
0.0
 10
-3085.2619
 20
-917.3038
 30
0.0
 10
-3085.5419
 20
-917.5792
 30
0.0
 10
-3085.8375
 20
-917.9294
 30
0.0
 10
-3086.0073
 20
-918.1352
 30
0.0
 10
-3086.1771
 20
-918.3411
 30
0.0
 10
-3086.2212
 20
-918.4027
 30
0.0
 10
-3086.2576
 20
-918.4855
 30
0.0
 10
-3086.2938
 20
-918.5683
 30
0.0
 10
-3086.3223
 20
-918.6727
 30
0.0
 10
-3086.2886
 20
-918.7314
 30
0.0
 10
-3086.2549
 20
-918.7903
 30
0.0
 10
-3086.159
 20
-918.8037
 30
0.0
 10
-3086.0202
 20
-918.7262
 30
0.0
 10
-3085.8815
 20
-918.6486
 30
0.0
 10
-3085.7001
 20
-918.4802
 30
0.0
 10
-3085.4421
 20
-918.2409
 30
0.0
 10
-3085.1841
 20
-918.0016
 30
0.0
 10
-3084.8497
 20
-917.6915
 30
0.0
 10
-3084.5658
 20
-917.4576
 30
0.0
 10
-3084.2819
 20
-917.2237
 30
0.0
 10
-3084.0485
 20
-917.0658
 30
0.0
 10
-3083.8178
 20
-916.9228
 30
0.0
 10
-3083.587
 20
-916.7798
 30
0.0
 10
-3083.3588
 20
-916.6515
 30
0.0
 10
-3083.1644
 20
-916.562
 30
0.0
 10
-3082.9699
 20
-916.4724
 30
0.0
 10
-3082.8092
 20
-916.4215
 30
0.0
 10
-3082.7133
 20
-916.4563
 30
0.0
 10
-3082.6173
 20
-916.491
 30
0.0
 10
-3082.5861
 20
-916.6114
 30
0.0
 10
-3082.5979
 20
-916.7892
 30
0.0
 10
-3082.6095
 20
-916.967
 30
0.0
 10
-3082.664
 20
-917.2022
 30
0.0
 10
-3082.7405
 20
-917.4215
 30
0.0
 10
-3082.8169
 20
-917.6408
 30
0.0
 10
-3082.9155
 20
-917.8439
 30
0.0
 10
-3083.0934
 20
-918.083
 30
0.0
 10
-3083.2712
 20
-918.3222
 30
0.0
 10
-3083.5285
 20
-918.5972
 30
0.0
 10
-3084.2658
 20
-919.4273
 30
0.0
 10
-3085.0031
 20
-920.2575
 30
0.0
 10
-3086.2205
 20
-921.6426
 30
0.0
 10
-3086.8742
 20
-922.4
 30
0.0
 10
-3087.5277
 20
-923.1575
 30
0.0
 10
-3087.6177
 20
-923.2875
 30
0.0
 10
-3087.6747
 20
-923.4389
 30
0.0
 10
-3087.7317
 20
-923.5905
 30
0.0
 10
-3087.7556
 20
-923.7635
 30
0.0
 10
-3087.6897
 20
-923.8409
 30
0.0
 10
-3087.6237
 20
-923.9182
 30
0.0
 10
-3087.4678
 20
-923.8996
 30
0.0
 10
-3086.9431
 20
-923.3709
 30
0.0
 10
-3086.4183
 20
-922.8422
 30
0.0
 10
-3085.5249
 20
-921.8035
 30
0.0
 10
-3084.82
 20
-920.9814
 30
0.0
 10
-3084.1151
 20
-920.1593
 30
0.0
 10
-3083.5989
 20
-919.554
 30
0.0
 10
-3083.2209
 20
-919.1195
 30
0.0
 10
-3082.7209
 20
-918.5451
 30
0.0
 10
-3081.518
 20
-917.0735
 30
0.0
 10
-3080.1287
 20
-916.8235
 30
0.0
 10
-3079.3392
 20
-916.6813
 30
0.0
 10
-3078.4624
 20
-916.7618
 30
0.0
 10
-3077.7717
 20
-916.966
 30
0.0
 10
-3077.7169
 20
-916.9821
 30
0.0
 10
-3077.6632
 20
-917.0664
 30
0.0
 10
-3077.6108
 20
-917.1777
 30
0.0
 10
-3077.5363
 20
-917.336
 30
0.0
 10
-3077.5464
 20
-917.5069
 30
0.0
 10
-3077.6389
 20
-917.6553
 30
0.0
 10
-3077.7315
 20
-917.8037
 30
0.0
 10
-3077.8806
 20
-917.8879
 30
0.0
 10
-3078.0554
 20
-917.8906
 30
0.0
 10
-3078.6707
 20
-917.9001
 30
0.0
 10
-3079.2862
 20
-917.9174
 30
0.0
 10
-3079.9015
 20
-917.9459
 30
0.0
 10
-3080.2849
 20
-917.9636
 30
0.0
 10
-3080.6074
 20
-918.2329
 30
0.0
 10
-3080.7041
 20
-918.6159
 30
0.0
 10
-3080.7905
 20
-918.9582
 30
0.0
 10
-3080.7339
 20
-919.3996
 30
0.0
 10
-3080.5884
 20
-919.8813
 30
0.0
 10
-3080.5068
 20
-920.2493
 30
0.0
 10
-3080.3917
 20
-920.6275
 30
0.0
 10
-3080.2751
 20
-920.9623
 30
0.0
 10
-3080.2751
 20
-920.9623
 30
0.0
 10
-3080.2772
 20
-920.9622
 30
0.0
 10
-3080.2772
 20
-920.9622
 30
0.0
 10
-3080.8517
 20
-920.9435
 30
0.0
 10
-3081.253
 20
-920.981
 30
0.0
 10
-3081.8823
 20
-921.2819
 30
0.0
 10
-3082.5116
 20
-921.5829
 30
0.0
 10
-3083.3687
 20
-922.1471
 30
0.0
 10
-3084.1622
 20
-922.9041
 30
0.0
 10
-3084.9556
 20
-923.6611
 30
0.0
 10
-3085.6851
 20
-924.6108
 30
0.0
 10
-3086.2853
 20
-925.7697
 30
0.0
 10
-3086.8855
 20
-926.9286
 30
0.0
 10
-3087.3563
 20
-928.2965
 30
0.0
 10
-3087.4947
 20
-929.9315
 30
0.0
 10
-3087.6329
 20
-931.5666
 30
0.0
 10
-3087.4387
 20
-933.4686
 30
0.0
 10
-3087.1197
 20
-935.0989
 30
0.0
 10
-3086.8007
 20
-936.7293
 30
0.0
 10
-3086.3569
 20
-938.0879
 30
0.0
 10
-3085.7398
 20
-939.5538
 30
0.0
 10
-3085.1225
 20
-941.0196
 30
0.0
 10
-3084.3319
 20
-942.5929
 30
0.0
 10
-3083.3957
 20
-944.0301
 30
0.0
 10
-3082.4595
 20
-945.4674
 30
0.0
 10
-3081.3777
 20
-946.7689
 30
0.0
 10
-3079.9908
 20
-948.056
 30
0.0
 10
-3078.6038
 20
-949.3431
 30
0.0
 10
-3076.9117
 20
-950.6158
 30
0.0
 10
-3075.3098
 20
-951.6241
 30
0.0
 10
-3073.7079
 20
-952.6324
 30
0.0
 10
-3072.1962
 20
-953.376
 30
0.0
 10
-3070.7122
 20
-953.9195
 30
0.0
 10
-3069.2281
 20
-954.463
 30
0.0
 10
-3067.7717
 20
-954.8062
 30
0.0
 10
-3066.3362
 20
-954.9707
 30
0.0
 10
-3064.9007
 20
-955.1351
 30
0.0
 10
-3063.4861
 20
-955.1209
 30
0.0
 10
-3062.5152
 20
-954.9635
 30
0.0
 10
-3061.5443
 20
-954.8062
 30
0.0
 10
-3061.0172
 20
-954.5058
 30
0.0
 10
-3060.4832
 20
-954.1197
 30
0.0
 10
-3059.9492
 20
-953.7336
 30
0.0
 10
-3059.4084
 20
-953.2616
 30
0.0
 10
-3058.9992
 20
-952.5036
 30
0.0
 10
-3058.59
 20
-951.7456
 30
0.0
 10
-3058.3126
 20
-950.7016
 30
0.0
 10
-3058.2156
 20
-949.5808
 30
0.0
 10
-3058.1419
 20
-948.7293
 30
0.0
 10
-3058.1723
 20
-947.8332
 30
0.0
 10
-3058.2275
 20
-946.9266
 30
0.0
 10
-3057.5848
 20
-946.9029
 30
0.0
 10
-3056.9844
 20
-946.8732
 30
0.0
 10
-3056.4885
 20
-946.8719
 30
0.0
 10
-3055.9928
 20
-946.8732
 30
0.0
 10
-3055.3924
 20
-946.9029
 30
0.0
 10
-3054.7497
 20
-946.9266
 30
0.0
 10
-3054.8049
 20
-947.8332
 30
0.0
 10
-3054.8353
 20
-948.7293
 30
0.0
 10
-3054.7616
 20
-949.5808
 30
0.0
 10
-3054.6646
 20
-950.7016
 30
0.0
 10
-3054.3872
 20
-951.7456
 30
0.0
 10
-3053.978
 20
-952.5036
 30
0.0
 10
-3053.5688
 20
-953.2616
 30
0.0
 10
-3053.028
 20
-953.7336
 30
0.0
 10
-3052.494
 20
-954.1197
 30
0.0
 10
-3051.96
 20
-954.5058
 30
0.0
 10
-3051.4329
 20
-954.8062
 30
0.0
 10
-3050.462
 20
-954.9635
 30
0.0
 10
-3049.4911
 20
-955.1209
 30
0.0
 10
-3048.0765
 20
-955.1351
 30
0.0
 10
-3046.641
 20
-954.9707
 30
0.0
 10
-3045.2055
 20
-954.8062
 30
0.0
 10
-3043.7491
 20
-954.463
 30
0.0
 10
-3042.265
 20
-953.9195
 30
0.0
 10
-3040.781
 20
-953.376
 30
0.0
 10
-3039.2693
 20
-952.6324
 30
0.0
 10
-3037.6674
 20
-951.6241
 30
0.0
 10
-3036.0655
 20
-950.6158
 30
0.0
 10
-3034.3734
 20
-949.3431
 30
0.0
 10
-3032.9864
 20
-948.056
 30
0.0
 10
-3031.5995
 20
-946.7689
 30
0.0
 10
-3030.5177
 20
-945.4674
 30
0.0
 10
-3029.5815
 20
-944.0301
 30
0.0
 10
-3028.6453
 20
-942.5929
 30
0.0
 10
-3027.8547
 20
-941.0196
 30
0.0
 10
-3027.2374
 20
-939.5538
 30
0.0
 10
-3026.6203
 20
-938.0879
 30
0.0
 10
-3026.1765
 20
-936.7293
 30
0.0
 10
-3025.8575
 20
-935.0989
 30
0.0
 10
-3025.5385
 20
-933.4686
 30
0.0
 10
-3025.3443
 20
-931.5666
 30
0.0
 10
-3025.4825
 20
-929.9315
 30
0.0
 10
-3025.6209
 20
-928.2965
 30
0.0
 10
-3026.0917
 20
-926.9286
 30
0.0
 10
-3026.6919
 20
-925.7697
 30
0.0
 10
-3027.2921
 20
-924.6108
 30
0.0
 10
-3028.0216
 20
-923.6611
 30
0.0
 10
-3028.815
 20
-922.9041
 30
0.0
 10
-3029.6085
 20
-922.1471
 30
0.0
 10
-3030.4656
 20
-921.5829
 30
0.0
 10
-3031.0949
 20
-921.2819
 30
0.0
 10
-3031.7242
 20
-920.981
 30
0.0
 10
-3032.1255
 20
-920.9435
 30
0.0
 10
-3032.7
 20
-920.9622
 30
0.0
 10
-3032.7403
 20
-920.9635
 30
0.0
 10
-3032.7815
 20
-920.9651
 30
0.0
 10
-3032.8232
 20
-920.9669
 30
0.0
 10
-3032.3999
 20
-920.0897
 30
0.0
 10
-3032.1243
 20
-919.2056
 30
0.0
 10
-3032.2731
 20
-918.6159
 30
0.0
 10
-3032.3698
 20
-918.2329
 30
0.0
 10
-3032.6923
 20
-917.9636
 30
0.0
 10
-3033.0757
 20
-917.9459
 30
0.0
 10
-3033.691
 20
-917.9174
 30
0.0
 10
-3034.3065
 20
-917.9001
 30
0.0
 10
-3034.9218
 20
-917.8906
 30
0.0
 10
-3035.0966
 20
-917.8879
 30
0.0
 10
-3035.2457
 20
-917.8037
 30
0.0
 10
-3035.3383
 20
-917.6553
 30
0.0
 10
-3035.4308
 20
-917.5069
 30
0.0
 10
-3035.4409
 20
-917.336
 30
0.0
 10
-3035.3664
 20
-917.1777
 30
0.0
 10
-3035.314
 20
-917.0664
 30
0.0
 10
-3035.2603
 20
-916.9821
 30
0.0
 10
-3035.2055
 20
-916.966
 30
0.0
 10
-3034.5148
 20
-916.7618
 30
0.0
 10
-3033.638
 20
-916.6813
 30
0.0
 10
-3032.8485
 20
-916.8235
 30
0.0
 10
-3031.4592
 20
-917.0735
 30
0.0
 10
-3030.2563
 20
-918.5451
 30
0.0
 10
-3029.7563
 20
-919.1195
 30
0.0
 10
-3029.3783
 20
-919.554
 30
0.0
 10
-3028.8621
 20
-920.1593
 30
0.0
 10
-3028.1572
 20
-920.9814
 30
0.0
 10
-3027.4523
 20
-921.8035
 30
0.0
 10
-3026.5589
 20
-922.8422
 30
0.0
 10
-3026.0341
 20
-923.3709
 30
0.0
 10
-3025.5094
 20
-923.8996
 30
0.0
 10
-3025.3535
 20
-923.9182
 30
0.0
 10
-3025.2875
 20
-923.8409
 30
0.0
 10
-3025.2216
 20
-923.7635
 30
0.0
 10
-3025.2455
 20
-923.5905
 30
0.0
 10
-3025.3025
 20
-923.4389
 30
0.0
 10
-3025.3595
 20
-923.2875
 30
0.0
 10
-3025.4495
 20
-923.1575
 30
0.0
 10
-3026.103
 20
-922.4
 30
0.0
 10
-3026.7567
 20
-921.6426
 30
0.0
 10
-3027.9741
 20
-920.2575
 30
0.0
 10
-3028.7114
 20
-919.4273
 30
0.0
 10
-3029.4487
 20
-918.5972
 30
0.0
 10
-3029.706
 20
-918.3222
 30
0.0
 10
-3029.8838
 20
-918.083
 30
0.0
 10
-3030.0617
 20
-917.8439
 30
0.0
 10
-3030.1603
 20
-917.6408
 30
0.0
 10
-3030.2367
 20
-917.4215
 30
0.0
 10
-3030.3132
 20
-917.2022
 30
0.0
 10
-3030.3677
 20
-916.967
 30
0.0
 10
-3030.3793
 20
-916.7892
 30
0.0
 10
-3030.3911
 20
-916.6114
 30
0.0
 10
-3030.3599
 20
-916.491
 30
0.0
 10
-3030.2639
 20
-916.4563
 30
0.0
 10
-3030.168
 20
-916.4215
 30
0.0
 10
-3030.0073
 20
-916.4724
 30
0.0
 10
-3029.8128
 20
-916.562
 30
0.0
 10
-3029.6184
 20
-916.6515
 30
0.0
 10
-3029.3902
 20
-916.7798
 30
0.0
 10
-3029.1594
 20
-916.9228
 30
0.0
 10
-3028.9287
 20
-917.0658
 30
0.0
 10
-3028.6953
 20
-917.2237
 30
0.0
 10
-3028.4114
 20
-917.4576
 30
0.0
 10
-3028.1275
 20
-917.6915
 30
0.0
 10
-3027.7931
 20
-918.0016
 30
0.0
 10
-3027.5351
 20
-918.2409
 30
0.0
 10
-3027.2771
 20
-918.4802
 30
0.0
 10
-3027.0957
 20
-918.6486
 30
0.0
 10
-3026.957
 20
-918.7262
 30
0.0
 10
-3026.8182
 20
-918.8037
 30
0.0
 10
-3026.7223
 20
-918.7903
 30
0.0
 10
-3026.6886
 20
-918.7314
 30
0.0
 10
-3026.6549
 20
-918.6727
 30
0.0
 10
-3026.6834
 20
-918.5683
 30
0.0
 10
-3026.7196
 20
-918.4855
 30
0.0
 10
-3026.756
 20
-918.4027
 30
0.0
 10
-3026.8001
 20
-918.3411
 30
0.0
 10
-3026.9699
 20
-918.1352
 30
0.0
 10
-3027.1397
 20
-917.9294
 30
0.0
 10
-3027.4353
 20
-917.5792
 30
0.0
 10
-3027.7153
 20
-917.3038
 30
0.0
 10
-3027.9953
 20
-917.0284
 30
0.0
 10
-3028.2597
 20
-916.828
 30
0.0
 10
-3028.4943
 20
-916.6701
 30
0.0
 10
-3028.729
 20
-916.5124
 30
0.0
 10
-3028.9339
 20
-916.3975
 30
0.0
 10
-3029.1646
 20
-916.2478
 30
0.0
 10
-3029.3954
 20
-916.098
 30
0.0
 10
-3029.6521
 20
-915.9136
 30
0.0
 10
-3029.8802
 20
-915.693
 30
0.0
 10
-3030.1084
 20
-915.4724
 30
0.0
 10
-3030.308
 20
-915.2158
 30
0.0
 10
-3030.4273
 20
-914.9538
 30
0.0
 10
-3030.5466
 20
-914.6918
 30
0.0
 10
-3030.7031
 20
-914.5421
 30
0.0
 10
-3030.7096
 20
-914.3255
 30
0.0
 10
-3030.7161
 20
-914.1089
 30
0.0
 10
-3030.69
 20
-913.9432
 30
0.0
 10
-3030.6032
 20
-913.8002
 30
0.0
 10
-3030.5164
 20
-913.6572
 30
0.0
 10
-3030.3686
 20
-913.5367
 30
0.0
 10
-3030.2
 20
-913.494
 30
0.0
 10
-3030.0314
 20
-913.4513
 30
0.0
 10
-3029.8422
 20
-913.4861
 30
0.0
 10
-3029.7631
 20
-913.4527
 30
0.0
 10
-3029.684
 20
-913.4193
 30
0.0
 10
-3029.7152
 20
-913.3176
 30
0.0
 10
-3029.7735
 20
-913.2361
 30
0.0
 10
-3029.8318
 20
-913.1546
 30
0.0
 10
-3029.9176
 20
-913.0931
 30
0.0
 10
-3030.1393
 20
-912.8506
 30
0.0
 10
-3030.361
 20
-912.6081
 30
0.0
 10
-3030.719
 20
-912.1842
 30
0.0
 10
-3031.0017
 20
-911.8454
 30
0.0
 10
-3031.2844
 20
-911.5066
 30
0.0
 10
-3031.4919
 20
-911.2526
 30
0.0
 10
-3031.6747
 20
-911.0628
 30
0.0
 10
-3031.8575
 20
-910.873
 30
0.0
 10
-3032.0156
 20
-910.7473
 30
0.0
 10
-3032.1271
 20
-910.6484
 30
0.0
 10
-3032.7225
 20
-910.1203
 30
0.0
 10
-3031.4937
 20
-910.0915
 30
0.0
 10
-3031.2891
 20
-910.1343
 30
0.0
 10
-3030.825
 20
-910.2315
 30
0.0
 10
-3030.0655
 20
-910.4179
 30
0.0
 10
-3029.1824
 20
-910.7908
 30
0.0
 10
-3028.2993
 20
-911.1637
 30
0.0
 10
-3027.3989
 20
-911.8289
 30
0.0
 10
-3026.4392
 20
-912.5577
 30
0.0
 10
-3025.4795
 20
-913.2865
 30
0.0
 10
-3024.5667
 20
-914.1846
 30
0.0
 10
-3023.7895
 20
-915.1795
 30
0.0
 10
-3023.0124
 20
-916.1746
 30
0.0
 10
-3022.3708
 20
-917.2663
 30
0.0
 10
-3021.8388
 20
-918.3365
 30
0.0
 10
-3021.3069
 20
-919.4068
 30
0.0
 10
-3020.8844
 20
-920.4554
 30
0.0
 10
-3020.5479
 20
-921.6224
 30
0.0
 10
-3020.2116
 20
-922.7895
 30
0.0
 10
-3019.9612
 20
-924.0749
 30
0.0
 10
-3019.8986
 20
-925.2231
 30
0.0
 10
-3019.8361
 20
-926.3714
 30
0.0
 10
-3019.9612
 20
-927.3825
 30
0.0
 10
-3020.1542
 20
-928.2106
 30
0.0
 10
-3020.3472
 20
-929.0389
 30
0.0
 10
-3020.6079
 20
-929.6843
 30
0.0
 10
-3020.7539
 20
-930.1011
 30
0.0
 10
-3020.9
 20
-930.5178
 30
0.0
 10
-3020.9313
 20
-930.7061
 30
0.0
 10
-3020.8583
 20
-930.7625
 30
0.0
 10
-3020.7853
 20
-930.819
 30
0.0
 10
-3020.6079
 20
-930.7438
 30
0.0
 10
-3020.3993
 20
-930.5878
 30
0.0
 10
-3020.1907
 20
-930.4319
 30
0.0
 10
-3019.9508
 20
-930.1951
 30
0.0
 10
-3019.7004
 20
-930.1252
 30
0.0
 10
-3019.4501
 20
-930.0553
 30
0.0
 10
-3019.1893
 20
-930.1521
 30
0.0
 10
-3019.0171
 20
-930.3941
 30
0.0
 10
-3018.845
 20
-930.6362
 30
0.0
 10
-3018.7616
 20
-931.0234
 30
0.0
 10
-3018.7042
 20
-931.5262
 30
0.0
 10
-3018.6468
 20
-932.0291
 30
0.0
 10
-3018.6156
 20
-932.6476
 30
0.0
 10
-3018.652
 20
-933.3333
 30
0.0
 10
-3018.6885
 20
-934.019
 30
0.0
 10
-3018.7929
 20
-934.7719
 30
0.0
 10
-3019.0771
 20
-935.4791
 30
0.0
 10
-3019.3613
 20
-936.1863
 30
0.0
 10
-3019.8256
 20
-936.8479
 30
0.0
 10
-3020.3003
 20
-937.4367
 30
0.0
 10
-3020.7749
 20
-938.0256
 30
0.0
 10
-3021.26
 20
-938.5419
 30
0.0
 10
-3021.7424
 20
-939.0233
 30
0.0
 10
-3022.2249
 20
-939.5046
 30
0.0
 10
-3022.7047
 20
-939.951
 30
0.0
 10
-3023.2285
 20
-940.4373
 30
0.0
 10
-3023.7523
 20
-940.9237
 30
0.0
 10
-3024.3201
 20
-941.4501
 30
0.0
 10
-3024.6565
 20
-941.8023
 30
0.0
 10
-3024.9929
 20
-942.1546
 30
0.0
 10
-3025.098
 20
-942.3327
 30
0.0
 10
-3025.0853
 20
-942.4137
 30
0.0
 10
-3025.0726
 20
-942.4948
 30
0.0
 10
-3024.9422
 20
-942.4788
 30
0.0
 10
-3024.7466
 20
-942.3873
 30
0.0
 10
-3024.551
 20
-942.2959
 30
0.0
 10
-3024.2902
 20
-942.1291
 30
0.0
 10
-3023.9381
 20
-941.871
 30
0.0
 10
-3023.5861
 20
-941.6128
 30
0.0
 10
-3023.1428
 20
-941.2633
 30
0.0
 10
-3022.8376
 20
-940.9998
 30
0.0
 10
-3022.5326
 20
-940.7363
 30
0.0
 10
-3022.3656
 20
-940.5587
 30
0.0
 10
-3022.1753
 20
-940.2898
 30
0.0
 10
-3021.9849
 20
-940.0209
 30
0.0
 10
-3021.7711
 20
-939.6606
 30
0.0
 10
-3021.5677
 20
-939.4454
 30
0.0
 10
-3021.3643
 20
-939.2303
 30
0.0
 10
-3021.1712
 20
-939.1605
 30
0.0
 10
-3020.9965
 20
-939.2249
 30
0.0
 10
-3020.8219
 20
-939.2895
 30
0.0
 10
-3020.6653
 20
-939.4886
 30
0.0
 10
-3020.5557
 20
-939.9699
 30
0.0
 10
-3020.4463
 20
-940.4512
 30
0.0
 10
-3020.3838
 20
-941.2149
 30
0.0
 10
-3020.389
 20
-941.7876
 30
0.0
 10
-3020.3942
 20
-942.3604
 30
0.0
 10
-3020.4671
 20
-942.7423
 30
0.0
 10
-3020.6288
 20
-943.3042
 30
0.0
 10
-3020.7905
 20
-943.8662
 30
0.0
 10
-3021.0409
 20
-944.6084
 30
0.0
 10
-3021.5573
 20
-945.3129
 30
0.0
 10
-3022.0736
 20
-946.0174
 30
0.0
 10
-3022.8559
 20
-946.6844
 30
0.0
 10
-3023.7373
 20
-947.198
 30
0.0
 10
-3024.6188
 20
-947.7116
 30
0.0
 10
-3025.5994
 20
-948.0719
 30
0.0
 10
-3026.3374
 20
-948.2789
 30
0.0
 10
-3027.0754
 20
-948.4861
 30
0.0
 10
-3027.5709
 20
-948.5398
 30
0.0
 10
-3028.0873
 20
-948.6124
 30
0.0
 10
-3028.6037
 20
-948.685
 30
0.0
 10
-3029.1408
 20
-948.7764
 30
0.0
 10
-3029.7823
 20
-948.9861
 30
0.0
 10
-3030.4239
 20
-949.196
 30
0.0
 10
-3031.1698
 20
-949.5239
 30
0.0
 10
-3031.5583
 20
-949.7794
 30
0.0
 10
-3031.9469
 20
-950.0349
 30
0.0
 10
-3031.9782
 20
-950.2178
 30
0.0
 10
-3031.8973
 20
-950.3038
 30
0.0
 10
-3031.8166
 20
-950.3899
 30
0.0
 10
-3031.6235
 20
-950.3791
 30
0.0
 10
-3031.3392
 20
-950.2661
 30
0.0
 10
-3031.0551
 20
-950.1532
 30
0.0
 10
-3030.6795
 20
-949.9381
 30
0.0
 10
-3030.1057
 20
-949.7392
 30
0.0
 10
-3029.5321
 20
-949.5402
 30
0.0
 10
-3028.7601
 20
-949.3573
 30
0.0
 10
-3028.1368
 20
-949.2496
 30
0.0
 10
-3027.5135
 20
-949.1422
 30
0.0
 10
-3027.0389
 20
-949.1099
 30
0.0
 10
-3026.6999
 20
-949.1314
 30
0.0
 10
-3026.3609
 20
-949.1529
 30
0.0
 10
-3026.1574
 20
-949.2281
 30
0.0
 10
-3026.0817
 20
-949.3814
 30
0.0
 10
-3026.0062
 20
-949.5347
 30
0.0
 10
-3026.0584
 20
-949.7661
 30
0.0
 10
-3026.2331
 20
-950.0725
 30
0.0
 10
-3026.4079
 20
-950.3791
 30
0.0
 10
-3026.7051
 20
-950.761
 30
0.0
 10
-3027.0871
 20
-951.1879
 30
0.0
 10
-3027.4692
 20
-951.6147
 30
0.0
 10
-3027.9361
 20
-952.0866
 30
0.0
 10
-3028.4034
 20
-952.4648
 30
0.0
 10
-3028.8708
 20
-952.843
 30
0.0
 10
-3029.3388
 20
-953.1276
 30
0.0
 10
-3029.8486
 20
-953.3318
 30
0.0
 10
-3030.3586
 20
-953.5359
 30
0.0
 10
-3030.9104
 20
-953.6595
 30
0.0
 10
-3031.6092
 20
-953.7585
 30
0.0
 10
-3032.308
 20
-953.8575
 30
0.0
 10
-3033.1539
 20
-953.9317
 30
0.0
 10
-3034.0957
 20
-954.043
 30
0.0
 10
-3035.0374
 20
-954.1543
 30
0.0
 10
-3036.0752
 20
-954.3028
 30
0.0
 10
-3036.972
 20
-954.5069
 30
0.0
 10
-3037.8688
 20
-954.7111
 30
0.0
 10
-3038.6246
 20
-954.9708
 30
0.0
 10
-3038.8855
 20
-955.1471
 30
0.0
 10
-3039.1465
 20
-955.3234
 30
0.0
 10
-3038.9125
 20
-955.4161
 30
0.0
 10
-3038.5616
 20
-955.4038
 30
0.0
 10
-3038.2107
 20
-955.3915
 30
0.0
 10
-3037.7428
 20
-955.2739
 30
0.0
 10
-3037.1609
 20
-955.212
 30
0.0
 10
-3036.5791
 20
-955.1502
 30
0.0
 10
-3035.8833
 20
-955.1441
 30
0.0
 10
-3035.2444
 20
-955.1842
 30
0.0
 10
-3034.6055
 20
-955.2245
 30
0.0
 10
-3034.0237
 20
-955.3111
 30
0.0
 10
-3033.4958
 20
-955.4905
 30
0.0
 10
-3032.9679
 20
-955.6698
 30
0.0
 10
-3032.4939
 20
-955.942
 30
0.0
 10
-3032.095
 20
-956.2605
 30
0.0
 10
-3031.6961
 20
-956.5791
 30
0.0
 10
-3031.3723
 20
-956.944
 30
0.0
 10
-3031.1083
 20
-957.445
 30
0.0
 10
-3030.8444
 20
-957.9461
 30
0.0
 10
-3030.6404
 20
-958.5831
 30
0.0
 10
-3030.5835
 20
-959.2882
 30
0.0
 10
-3030.5265
 20
-959.9934
 30
0.0
 10
-3030.6164
 20
-960.7666
 30
0.0
 10
-3030.8084
 20
-961.382
 30
0.0
 10
-3031.0004
 20
-961.9975
 30
0.0
 10
-3031.2942
 20
-962.4552
 30
0.0
 10
-3031.6992
 20
-962.8479
 30
0.0
 10
-3032.1041
 20
-963.2407
 30
0.0
 10
-3032.6199
 20
-963.5686
 30
0.0
 10
-3033.1059
 20
-963.7943
 30
0.0
 10
-3033.5918
 20
-964.0201
 30
0.0
 10
-3034.0476
 20
-964.1437
 30
0.0
 10
-3034.4824
 20
-964.2086
 30
0.0
 10
-3034.9174
 20
-964.2736
 30
0.0
 10
-3035.3313
 20
-964.2799
 30
0.0
 10
-3035.7332
 20
-964.2242
 30
0.0
 10
-3036.1351
 20
-964.1685
 30
0.0
 10
-3036.5251
 20
-964.051
 30
0.0
 10
-3036.771
 20
-963.8221
 30
0.0
 10
-3037.017
 20
-963.5932
 30
0.0
 10
-3037.119
 20
-963.2531
 30
0.0
 10
-3037.1099
 20
-962.9717
 30
0.0
 10
-3037.1009
 20
-962.6902
 30
0.0
 10
-3036.981
 20
-962.4676
 30
0.0
 10
-3036.783
 20
-962.2294
 30
0.0
 10
-3036.5851
 20
-961.9913
 30
0.0
 10
-3036.3091
 20
-961.7376
 30
0.0
 10
-3036.1711
 20
-961.3974
 30
0.0
 10
-3036.0332
 20
-961.0572
 30
0.0
 10
-3036.0332
 20
-960.6305
 30
0.0
 10
-3036.1111
 20
-960.2532
 30
0.0
 10
-3036.1892
 20
-959.8759
 30
0.0
 10
-3036.3451
 20
-959.548
 30
0.0
 10
-3036.735
 20
-959.2109
 30
0.0
 10
-3037.1249
 20
-958.8739
 30
0.0
 10
-3037.7488
 20
-958.5274
 30
0.0
 10
-3038.5586
 20
-958.3511
 30
0.0
 10
-3039.3685
 20
-958.1749
 30
0.0
 10
-3040.3641
 20
-958.1687
 30
0.0
 10
-3040.973
 20
-958.1935
 30
0.0
 10
-3041.5819
 20
-958.2182
 30
0.0
 10
-3041.8039
 20
-958.2738
 30
0.0
 10
-3041.8878
 20
-958.3449
 30
0.0
 10
-3041.9718
 20
-958.4161
 30
0.0
 10
-3041.9179
 20
-958.5027
 30
0.0
 10
-3041.8069
 20
-958.6573
 30
0.0
 10
-3041.6959
 20
-958.812
 30
0.0
 10
-3041.5279
 20
-959.0346
 30
0.0
 10
-3041.3988
 20
-959.2572
 30
0.0
 10
-3041.2699
 20
-959.48
 30
0.0
 10
-3041.18
 20
-959.7027
 30
0.0
 10
-3041.1829
 20
-959.9346
 30
0.0
 10
-3041.186
 20
-960.1665
 30
0.0
 10
-3041.282
 20
-960.4078
 30
0.0
 10
-3041.4649
 20
-960.5469
 30
0.0
 10
-3041.6479
 20
-960.6861
 30
0.0
 10
-3041.9178
 20
-960.7233
 30
0.0
 10
-3042.2207
 20
-960.7356
 30
0.0
 10
-3042.5236
 20
-960.7481
 30
0.0
 10
-3042.8597
 20
-960.7356
 30
0.0
 10
-3043.3545
 20
-960.6274
 30
0.0
 10
-3043.8495
 20
-960.5192
 30
0.0
 10
-3044.5032
 20
-960.3151
 30
0.0
 10
-3045.1691
 20
-960.0645
 30
0.0
 10
-3045.8349
 20
-959.814
 30
0.0
 10
-3046.5128
 20
-959.5172
 30
0.0
 10
-3046.9385
 20
-959.3407
 30
0.0
 10
-3047.3643
 20
-959.1644
 30
0.0
 10
-3047.538
 20
-959.1086
 30
0.0
 10
-3047.6666
 20
-959.0958
 30
0.0
 10
-3047.7952
 20
-959.083
 30
0.0
 10
-3047.8785
 20
-959.1132
 30
0.0
 10
-3047.944
 20
-959.2586
 30
0.0
 10
-3048.0094
 20
-959.404
 30
0.0
 10
-3048.0567
 20
-959.6644
 30
0.0
 10
-3048.1571
 20
-959.9063
 30
0.0
 10
-3048.2575
 20
-960.1482
 30
0.0
 10
-3048.4108
 20
-960.3713
 30
0.0
 10
-3048.7073
 20
-960.4585
 30
0.0
 10
-3049.004
 20
-960.5458
 30
0.0
 10
-3049.4437
 20
-960.497
 30
0.0
 10
-3050.2275
 20
-960.184
 30
0.0
 10
-3051.0114
 20
-959.8711
 30
0.0
 10
-3052.1393
 20
-959.2941
 30
0.0
 10
-3053.014
 20
-958.7482
 30
0.0
 10
-3053.8887
 20
-958.2024
 30
0.0
 10
-3054.5102
 20
-957.6878
 30
0.0
 10
-3055.0365
 20
-957.2387
 30
0.0
 10
-3055.5629
 20
-956.7896
 30
0.0
 10
-3055.9939
 20
-956.4059
 30
0.0
 10
-3056.2338
 20
-956.1904
 30
0.0
 10
-3056.366
 20
-956.0717
 30
0.0
 10
-3056.4402
 20
-956.0038
 30
0.0
 10
-3056.4886
 20
-955.9588
 30
0.0
 10
-3056.4886
 20
-955.9588
 30
0.0
 10
-3056.4887
 20
-955.9589
 30
0.0
 10
-3056.4887
 20
-955.9589
 30
0.0
  0
SPLINE
  5
8A
330
1F
100
AcDbEntity
  8
Layer 1
 62
     1
370
     9
100
AcDbSpline
210
0.0
220
0.0
230
1.0
 70
    11
 71
     3
 72
    98
 73
    94
 74
     0
 42
0.0000000001
 43
0.0000000001
 40
0.0
 40
0.0
 40
0.0
 40
0.0
 40
0.032258064516129
 40
0.032258064516129
 40
0.032258064516129
 40
0.0645161290322581
 40
0.0645161290322581
 40
0.0645161290322581
 40
0.0967741935483871
 40
0.0967741935483871
 40
0.0967741935483871
 40
0.1290322580645161
 40
0.1290322580645161
 40
0.1290322580645161
 40
0.1612903225806452
 40
0.1612903225806452
 40
0.1612903225806452
 40
0.1935483870967742
 40
0.1935483870967742
 40
0.1935483870967742
 40
0.2258064516129032
 40
0.2258064516129032
 40
0.2258064516129032
 40
0.2580645161290323
 40
0.2580645161290323
 40
0.2580645161290323
 40
0.2903225806451613
 40
0.2903225806451613
 40
0.2903225806451613
 40
0.3225806451612903
 40
0.3225806451612903
 40
0.3225806451612903
 40
0.3548387096774194
 40
0.3548387096774194
 40
0.3548387096774194
 40
0.3870967741935484
 40
0.3870967741935484
 40
0.3870967741935484
 40
0.4193548387096774
 40
0.4193548387096774
 40
0.4193548387096774
 40
0.4516129032258064
 40
0.4516129032258064
 40
0.4516129032258064
 40
0.4838709677419355
 40
0.4838709677419355
 40
0.4838709677419355
 40
0.5161290322580645
 40
0.5161290322580645
 40
0.5161290322580645
 40
0.5483870967741935
 40
0.5483870967741935
 40
0.5483870967741935
 40
0.5806451612903225
 40
0.5806451612903225
 40
0.5806451612903225
 40
0.6129032258064516
 40
0.6129032258064516
 40
0.6129032258064516
 40
0.6451612903225806
 40
0.6451612903225806
 40
0.6451612903225806
 40
0.6774193548387096
 40
0.6774193548387096
 40
0.6774193548387096
 40
0.7096774193548387
 40
0.7096774193548387
 40
0.7096774193548387
 40
0.7419354838709677
 40
0.7419354838709677
 40
0.7419354838709677
 40
0.7741935483870968
 40
0.7741935483870968
 40
0.7741935483870968
 40
0.8064516129032258
 40
0.8064516129032258
 40
0.8064516129032258
 40
0.8387096774193548
 40
0.8387096774193548
 40
0.8387096774193548
 40
0.8709677419354839
 40
0.8709677419354839
 40
0.8709677419354839
 40
0.9032258064516129
 40
0.9032258064516129
 40
0.9032258064516129
 40
0.9354838709677419
 40
0.9354838709677419
 40
0.9354838709677419
 40
0.967741935483871
 40
0.967741935483871
 40
0.967741935483871
 40
1.0
 40
1.0
 40
1.0
 40
1.0
 10
-3012.3128
 20
-940.1354
 30
0.0
 10
-3012.3927
 20
-940.1674
 30
0.0
 10
-3012.5364
 20
-940.2283
 30
0.0
 10
-3012.8061
 20
-940.3461
 30
0.0
 10
-3013.3513
 20
-940.5847
 30
0.0
 10
-3014.4117
 20
-941.0566
 30
0.0
 10
-3015.0618
 20
-941.3737
 30
0.0
 10
-3015.7118
 20
-941.6907
 30
0.0
 10
-3015.9513
 20
-941.8528
 30
0.0
 10
-3016.005
 20
-941.9339
 30
0.0
 10
-3016.0585
 20
-942.015
 30
0.0
 10
-3015.9261
 20
-942.015
 30
0.0
 10
-3015.6204
 20
-941.9573
 30
0.0
 10
-3015.3146
 20
-941.8996
 30
0.0
 10
-3014.8357
 20
-941.7842
 30
0.0
 10
-3014.459
 20
-941.6844
 30
0.0
 10
-3014.0824
 20
-941.5847
 30
0.0
 10
-3013.8082
 20
-941.5005
 30
0.0
 10
-3013.482
 20
-941.3789
 30
0.0
 10
-3013.1558
 20
-941.2573
 30
0.0
 10
-3012.7775
 20
-941.0983
 30
0.0
 10
-3012.5081
 20
-940.9331
 30
0.0
 10
-3012.2753
 20
-940.7904
 30
0.0
 10
-3012.1236
 20
-940.643
 30
0.0
 10
-3011.9831
 20
-940.4949
 30
0.0
 10
-3011.9411
 20
-940.5569
 30
0.0
 10
-3011.8929
 20
-940.727
 30
0.0
 10
-3011.726
 20
-941.159
 30
0.0
 10
-3011.5654
 20
-941.5746
 30
0.0
 10
-3011.2959
 20
-941.8947
 30
0.0
 10
-3011.0149
 20
-942.1382
 30
0.0
 10
-3009.8309
 20
-943.1639
 30
0.0
 10
-3008.1454
 20
-943.6823
 30
0.0
 10
-3007.592
 20
-945.5712
 30
0.0
 10
-3007.247
 20
-946.7491
 30
0.0
 10
-3007.4938
 20
-947.3547
 30
0.0
 10
-3007.9137
 20
-948.3235
 30
0.0
 10
-3008.0017
 20
-948.418
 30
0.0
 10
-3008.0915
 20
-948.5057
 30
0.0
 10
-3008.2459
 20
-948.5932
 30
0.0
 10
-3009.2724
 20
-947.8124
 30
0.0
 10
-3009.2109
 20
-945.8647
 30
0.0
 10
-3011.1057
 20
-944.7074
 30
0.0
 10
-3012.5684
 20
-943.8139
 30
0.0
 10
-3015.2005
 20
-943.2527
 30
0.0
 10
-3016.8737
 20
-944.2952
 30
0.0
 10
-3019.3691
 20
-945.85
 30
0.0
 10
-3016.5594
 20
-950.0376
 30
0.0
 10
-3013.2145
 20
-948.9337
 30
0.0
 10
-3011.9249
 20
-948.508
 30
0.0
 10
-3012.0422
 20
-947.2338
 30
0.0
 10
-3012.5326
 20
-946.8209
 30
0.0
 10
-3012.9536
 20
-947.5244
 30
0.0
 10
-3012.6895
 20
-948.422
 30
0.0
 10
-3014.3837
 20
-948.3383
 30
0.0
 10
-3015.4315
 20
-948.2865
 30
0.0
 10
-3016.0952
 20
-947.5093
 30
0.0
 10
-3016.0579
 20
-946.531
 30
0.0
 10
-3015.9823
 20
-944.5498
 30
0.0
 10
-3013.0192
 20
-944.2992
 30
0.0
 10
-3011.5549
 20
-945.392
 30
0.0
 10
-3008.4063
 20
-947.742
 30
0.0
 10
-3011.1834
 20
-952.6181
 30
0.0
 10
-3016.5492
 20
-950.7838
 30
0.0
 10
-3019.8048
 20
-949.6708
 30
0.0
 10
-3021.9449
 20
-945.7662
 30
0.0
 10
-3019.4727
 20
-942.4563
 30
0.0
 10
-3018.561
 20
-941.2357
 30
0.0
 10
-3017.0918
 20
-940.4038
 30
0.0
 10
-3015.601
 20
-939.5102
 30
0.0
 10
-3014.6526
 20
-938.9416
 30
0.0
 10
-3012.0894
 20
-937.4093
 30
0.0
 10
-3013.1598
 20
-935.7071
 30
0.0
 10
-3013.7961
 20
-935.6385
 30
0.0
 10
-3014.5987
 20
-936.0716
 30
0.0
 10
-3015.018
 20
-935.215
 30
0.0
 10
-3016.085
 20
-932.7174
 30
0.0
 10
-3011.7882
 20
-933.0553
 30
0.0
 10
-3010.1627
 20
-933.8846
 30
0.0
 10
-3009.9992
 20
-933.9679
 30
0.0
 10
-3009.9001
 20
-934.1191
 30
0.0
 10
-3009.8897
 20
-934.3008
 30
0.0
 10
-3009.8794
 20
-934.4825
 30
0.0
 10
-3009.9608
 20
-934.6436
 30
0.0
 10
-3010.1135
 20
-934.7447
 30
0.0
 10
-3010.5084
 20
-935.0057
 30
0.0
 10
-3011.3344
 20
-934.9537
 30
0.0
 10
-3011.8248
 20
-935.1907
 30
0.0
 10
-3011.2821
 20
-936.1342
 30
0.0
 10
-3010.866
 20
-935.9229
 30
0.0
 10
-3011.0578
 20
-937.6349
 30
0.0
 10
-3011.1664
 20
-938.6031
 30
0.0
 10
-3011.7509
 20
-939.5621
 30
0.0
 10
-3012.3128
 20
-940.1354
 30
0.0
  0
SPLINE
  5
8B
330
1F
100
AcDbEntity
  8
Layer 1
 62
     5
370
     9
100
AcDbSpline
210
0.0
220
0.0
230
1.0
 70
    11
 71
     3
 72
    74
 73
    70
 74
     0
 42
0.0000000001
 43
0.0000000001
 40
0.0
 40
0.0
 40
0.0
 40
0.0
 40
0.0434782608695652
 40
0.0434782608695652
 40
0.0434782608695652
 40
0.0869565217391304
 40
0.0869565217391304
 40
0.0869565217391304
 40
0.1304347826086956
 40
0.1304347826086956
 40
0.1304347826086956
 40
0.1739130434782609
 40
0.1739130434782609
 40
0.1739130434782609
 40
0.2173913043478261
 40
0.2173913043478261
 40
0.2173913043478261
 40
0.2608695652173913
 40
0.2608695652173913
 40
0.2608695652173913
 40
0.3043478260869565
 40
0.3043478260869565
 40
0.3043478260869565
 40
0.3478260869565217
 40
0.3478260869565217
 40
0.3478260869565217
 40
0.3913043478260869
 40
0.3913043478260869
 40
0.3913043478260869
 40
0.4347826086956522
 40
0.4347826086956522
 40
0.4347826086956522
 40
0.4782608695652174
 40
0.4782608695652174
 40
0.4782608695652174
 40
0.5217391304347826
 40
0.5217391304347826
 40
0.5217391304347826
 40
0.5652173913043478
 40
0.5652173913043478
 40
0.5652173913043478
 40
0.6086956521739131
 40
0.6086956521739131
 40
0.6086956521739131
 40
0.6521739130434783
 40
0.6521739130434783
 40
0.6521739130434783
 40
0.6956521739130435
 40
0.6956521739130435
 40
0.6956521739130435
 40
0.7391304347826086
 40
0.7391304347826086
 40
0.7391304347826086
 40
0.7826086956521738
 40
0.7826086956521738
 40
0.7826086956521738
 40
0.8260869565217391
 40
0.8260869565217391
 40
0.8260869565217391
 40
0.8695652173913043
 40
0.8695652173913043
 40
0.8695652173913043
 40
0.9130434782608695
 40
0.9130434782608695
 40
0.9130434782608695
 40
0.9565217391304348
 40
0.9565217391304348
 40
0.9565217391304348
 40
1.0
 40
1.0
 40
1.0
 40
1.0
 10
-3134.2605
 20
-921.7255
 30
0.0
 10
-3134.5782
 20
-920.4043
 30
0.0
 10
-3136.4556
 20
-919.439
 30
0.0
 10
-3138.5013
 20
-919.7751
 30
0.0
 10
-3141.089
 20
-920.2003
 30
0.0
 10
-3140.2572
 20
-921.5398
 30
0.0
 10
-3140.6437
 20
-922.3049
 30
0.0
 10
-3140.8946
 20
-922.8016
 30
0.0
 10
-3141.1503
 20
-922.5639
 30
0.0
 10
-3141.6579
 20
-922.8404
 30
0.0
 10
-3141.3571
 20
-923.2526
 30
0.0
 10
-3140.5675
 20
-923.85
 30
0.0
 10
-3140.4546
 20
-924.4502
 30
0.0
 10
-3140.2847
 20
-925.353
 30
0.0
 10
-3140.9615
 20
-925.4525
 30
0.0
 10
-3141.3934
 20
-925.5543
 30
0.0
 10
-3141.9232
 20
-925.6793
 30
0.0
 10
-3141.7729
 20
-925.5961
 30
0.0
 10
-3142.0037
 20
-925.7998
 30
0.0
 10
-3141.5124
 20
-926.0263
 30
0.0
 10
-3141.5255
 20
-926.1869
 30
0.0
 10
-3141.091
 20
-926.4562
 30
0.0
 10
-3139.8175
 20
-927.2454
 30
0.0
 10
-3137.8699
 20
-927.4483
 30
0.0
 10
-3137.7801
 20
-928.111
 30
0.0
 10
-3138.1119
 20
-929.5047
 30
0.0
 10
-3140.5741
 20
-928.9261
 30
0.0
 10
-3141.7557
 20
-928.9625
 30
0.0
 10
-3141.7556
 20
-928.9626
 30
0.0
 10
-3139.0708
 20
-931.4338
 30
0.0
 10
-3139.5028
 20
-932.5646
 30
0.0
 10
-3139.7133
 20
-933.1157
 30
0.0
 10
-3140.1908
 20
-933.0522
 30
0.0
 10
-3140.8669
 20
-933.2695
 30
0.0
 10
-3140.5714
 20
-934.1254
 30
0.0
 10
-3140.0089
 20
-935.3155
 30
0.0
 10
-3140.4461
 20
-936.3747
 30
0.0
 10
-3140.726
 20
-937.0525
 30
0.0
 10
-3141.0987
 20
-937.0016
 30
0.0
 10
-3141.5599
 20
-937.3299
 30
0.0
 10
-3142.1
 20
-937.7144
 30
0.0
 10
-3142.643
 20
-942.2221
 30
0.0
 10
-3146.9375
 20
-942.4351
 30
0.0
 10
-3149.6058
 20
-942.5673
 30
0.0
 10
-3151.4685
 20
-940.4052
 30
0.0
 10
-3150.305
 20
-938.1036
 30
0.0
 10
-3149.3307
 20
-936.1764
 30
0.0
 10
-3145.5315
 20
-936.1822
 30
0.0
 10
-3146.0888
 20
-939.2888
 30
0.0
 10
-3144.8061
 20
-938.3313
 30
0.0
 10
-3145.7091
 20
-935.9191
 30
0.0
 10
-3145.3247
 20
-934.9834
 30
0.0
 10
-3145.0495
 20
-934.3133
 30
0.0
 10
-3144.6335
 20
-934.4935
 30
0.0
 10
-3144.2506
 20
-934.1666
 30
0.0
 10
-3145.8184
 20
-930.1904
 30
0.0
 10
-3146.1939
 20
-924.2628
 30
0.0
 10
-3144.6809
 20
-920.1742
 30
0.0
 10
-3142.8624
 20
-915.2599
 30
0.0
 10
-3136.82
 20
-914.5613
 30
0.0
 10
-3132.9387
 20
-917.0908
 30
0.0
 10
-3129.3974
 20
-919.3988
 30
0.0
 10
-3128.8635
 20
-926.1736
 30
0.0
 10
-3134.0309
 20
-927.5405
 30
0.0
 10
-3138.6134
 20
-928.7527
 30
0.0
 10
-3141.0878
 20
-923.4044
 30
0.0
 10
-3137.7175
 20
-921.451
 30
0.0
 10
-3136.3615
 20
-920.6651
 30
0.0
 10
-3135.2316
 20
-921.1992
 30
0.0
 10
-3134.2605
 20
-921.7255
 30
0.0
  0
SPLINE
  5
8C
330
1F
100
AcDbEntity
  8
Layer 1
 62
     5
370
     9
100
AcDbSpline
210
0.0
220
0.0
230
1.0
 70
    11
 71
     3
 72
    89
 73
    85
 74
     0
 42
0.0000000001
 43
0.0000000001
 40
0.0
 40
0.0
 40
0.0
 40
0.0
 40
0.0357142857142857
 40
0.0357142857142857
 40
0.0357142857142857
 40
0.0714285714285714
 40
0.0714285714285714
 40
0.0714285714285714
 40
0.1071428571428571
 40
0.1071428571428571
 40
0.1071428571428571
 40
0.1428571428571428
 40
0.1428571428571428
 40
0.1428571428571428
 40
0.1785714285714285
 40
0.1785714285714285
 40
0.1785714285714285
 40
0.2142857142857143
 40
0.2142857142857143
 40
0.2142857142857143
 40
0.25
 40
0.25
 40
0.25
 40
0.2857142857142857
 40
0.2857142857142857
 40
0.2857142857142857
 40
0.3214285714285714
 40
0.3214285714285714
 40
0.3214285714285714
 40
0.3571428571428571
 40
0.3571428571428571
 40
0.3571428571428571
 40
0.3928571428571428
 40
0.3928571428571428
 40
0.3928571428571428
 40
0.4285714285714285
 40
0.4285714285714285
 40
0.4285714285714285
 40
0.4642857142857142
 40
0.4642857142857142
 40
0.4642857142857142
 40
0.5
 40
0.5
 40
0.5
 40
0.5357142857142857
 40
0.5357142857142857
 40
0.5357142857142857
 40
0.5714285714285714
 40
0.5714285714285714
 40
0.5714285714285714
 40
0.6071428571428571
 40
0.6071428571428571
 40
0.6071428571428571
 40
0.6428571428571428
 40
0.6428571428571428
 40
0.6428571428571428
 40
0.6785714285714285
 40
0.6785714285714285
 40
0.6785714285714285
 40
0.7142857142857142
 40
0.7142857142857142
 40
0.7142857142857142
 40
0.75
 40
0.75
 40
0.75
 40
0.7857142857142857
 40
0.7857142857142857
 40
0.7857142857142857
 40
0.8214285714285714
 40
0.8214285714285714
 40
0.8214285714285714
 40
0.8571428571428571
 40
0.8571428571428571
 40
0.8571428571428571
 40
0.8928571428571428
 40
0.8928571428571428
 40
0.8928571428571428
 40
0.9285714285714285
 40
0.9285714285714285
 40
0.9285714285714285
 40
0.9642857142857142
 40
0.9642857142857142
 40
0.9642857142857142
 40
1.0
 40
1.0
 40
1.0
 40
1.0
 10
-3135.3385
 20
-947.5592
 30
0.0
 10
-3135.3441
 20
-947.1599
 30
0.0
 10
-3135.343
 20
-946.7612
 30
0.0
 10
-3135.3048
 20
-946.3659
 30
0.0
 10
-3135.2579
 20
-945.8813
 30
0.0
 10
-3135.1554
 20
-945.4021
 30
0.0
 10
-3134.9255
 20
-944.9419
 30
0.0
 10
-3134.6956
 20
-944.4818
 30
0.0
 10
-3134.3383
 20
-944.0408
 30
0.0
 10
-3133.852
 20
-943.7487
 30
0.0
 10
-3133.3656
 20
-943.4565
 30
0.0
 10
-3132.7502
 20
-943.3131
 30
0.0
 10
-3132.3735
 20
-943.3428
 30
0.0
 10
-3131.9968
 20
-943.3726
 30
0.0
 10
-3131.8588
 20
-943.5755
 30
0.0
 10
-3131.9168
 20
-943.8242
 30
0.0
 10
-3131.9749
 20
-944.0728
 30
0.0
 10
-3132.2291
 20
-944.3671
 30
0.0
 10
-3132.4831
 20
-944.6614
 30
0.0
 10
-3132.4482
 20
-944.6633
 30
0.0
 10
-3132.4122
 20
-944.6644
 30
0.0
 10
-3132.3748
 20
-944.6644
 30
0.0
 10
-3131.7094
 20
-944.6642
 30
0.0
 10
-3128.6083
 20
-941.3181
 30
0.0
 10
-3124.996
 20
-943.6254
 30
0.0
 10
-3122.7515
 20
-945.059
 30
0.0
 10
-3122.5153
 20
-947.8902
 30
0.0
 10
-3124.8183
 20
-949.0869
 30
0.0
 10
-3126.7467
 20
-950.0888
 30
0.0
 10
-3129.8277
 20
-947.89
 30
0.0
 10
-3127.5418
 20
-945.6895
 30
0.0
 10
-3129.1483
 20
-945.7262
 30
0.0
 10
-3129.8388
 20
-948.2061
 30
0.0
 10
-3130.7032
 20
-948.7438
 30
0.0
 10
-3131.3221
 20
-949.129
 30
0.0
 10
-3131.5534
 20
-948.7423
 30
0.0
 10
-3132.0573
 20
-948.7867
 30
0.0
 10
-3133.1311
 20
-952.9203
 30
0.0
 10
-3136.3246
 20
-957.9498
 30
0.0
 10
-3139.9659
 20
-960.3954
 30
0.0
 10
-3144.3426
 20
-963.335
 30
0.0
 10
-3149.6606
 20
-960.4125
 30
0.0
 10
-3151.3189
 20
-956.1172
 30
0.0
 10
-3152.8319
 20
-952.1982
 30
0.0
 10
-3149.2671
 20
-946.3894
 30
0.0
 10
-3144.2651
 20
-948.2641
 30
0.0
 10
-3139.8292
 20
-949.9264
 30
0.0
 10
-3140.9768
 20
-955.6976
 30
0.0
 10
-3144.8658
 20
-955.3371
 30
0.0
 10
-3146.4304
 20
-955.1921
 30
0.0
 10
-3147.0327
 20
-954.1059
 30
0.0
 10
-3147.5105
 20
-953.1177
 30
0.0
 10
-3148.0324
 20
-954.3739
 30
0.0
 10
-3147.0778
 20
-956.2418
 30
0.0
 10
-3145.2185
 20
-957.1504
 30
0.0
 10
-3142.8667
 20
-958.2998
 30
0.0
 10
-3142.7515
 20
-956.7319
 30
0.0
 10
-3141.9861
 20
-956.3339
 30
0.0
 10
-3141.4893
 20
-956.0755
 30
0.0
 10
-3141.422
 20
-956.416
 30
0.0
 10
-3140.8467
 20
-956.4847
 30
0.0
 10
-3140.8478
 20
-955.9763
 30
0.0
 10
-3141.1361
 20
-955.0354
 30
0.0
 10
-3140.8736
 20
-954.4829
 30
0.0
 10
-3140.4788
 20
-953.6518
 30
0.0
 10
-3139.8705
 20
-953.962
 30
0.0
 10
-3139.4599
 20
-954.1286
 30
0.0
 10
-3138.9558
 20
-954.3332
 30
0.0
 10
-3139.127
 20
-954.314
 30
0.0
 10
-3138.8194
 20
-954.2819
 30
0.0
 10
-3139.0845
 20
-953.8142
 30
0.0
 10
-3138.9792
 20
-953.6914
 30
0.0
 10
-3139.173
 20
-953.2218
 30
0.0
 10
-3139.7411
 20
-951.8455
 30
0.0
 10
-3141.2027
 20
-950.556
 30
0.0
 10
-3140.8844
 20
-949.9661
 30
0.0
 10
-3139.7924
 20
-949.0263
 30
0.0
 10
-3138.1349
 20
-950.918
 30
0.0
 10
-3137.1543
 20
-951.5708
 30
0.0
 10
-3137.1543
 20
-951.5707
 30
0.0
 10
-3137.8755
 20
-948.0139
 30
0.0
 10
-3136.8575
 20
-947.3453
 30
0.0
 10
-3136.3624
 20
-947.0201
 30
0.0
 10
-3136.0125
 20
-947.3452
 30
0.0
 10
-3135.3385
 20
-947.5592
 30
0.0
  0
SPLINE
  5
8D
330
1F
100
AcDbEntity
  8
Layer 1
 62
     1
370
     9
100
AcDbSpline
210
0.0
220
0.0
230
1.0
 70
    11
 71
     3
 72
    98
 73
    94
 74
     0
 42
0.0000000001
 43
0.0000000001
 40
0.0
 40
0.0
 40
0.0
 40
0.0
 40
0.032258064516129
 40
0.032258064516129
 40
0.032258064516129
 40
0.0645161290322581
 40
0.0645161290322581
 40
0.0645161290322581
 40
0.0967741935483871
 40
0.0967741935483871
 40
0.0967741935483871
 40
0.1290322580645161
 40
0.1290322580645161
 40
0.1290322580645161
 40
0.1612903225806452
 40
0.1612903225806452
 40
0.1612903225806452
 40
0.1935483870967742
 40
0.1935483870967742
 40
0.1935483870967742
 40
0.2258064516129032
 40
0.2258064516129032
 40
0.2258064516129032
 40
0.2580645161290323
 40
0.2580645161290323
 40
0.2580645161290323
 40
0.2903225806451613
 40
0.2903225806451613
 40
0.2903225806451613
 40
0.3225806451612903
 40
0.3225806451612903
 40
0.3225806451612903
 40
0.3548387096774194
 40
0.3548387096774194
 40
0.3548387096774194
 40
0.3870967741935484
 40
0.3870967741935484
 40
0.3870967741935484
 40
0.4193548387096774
 40
0.4193548387096774
 40
0.4193548387096774
 40
0.4516129032258064
 40
0.4516129032258064
 40
0.4516129032258064
 40
0.4838709677419355
 40
0.4838709677419355
 40
0.4838709677419355
 40
0.5161290322580645
 40
0.5161290322580645
 40
0.5161290322580645
 40
0.5483870967741935
 40
0.5483870967741935
 40
0.5483870967741935
 40
0.5806451612903225
 40
0.5806451612903225
 40
0.5806451612903225
 40
0.6129032258064516
 40
0.6129032258064516
 40
0.6129032258064516
 40
0.6451612903225806
 40
0.6451612903225806
 40
0.6451612903225806
 40
0.6774193548387096
 40
0.6774193548387096
 40
0.6774193548387096
 40
0.7096774193548387
 40
0.7096774193548387
 40
0.7096774193548387
 40
0.7419354838709677
 40
0.7419354838709677
 40
0.7419354838709677
 40
0.7741935483870968
 40
0.7741935483870968
 40
0.7741935483870968
 40
0.8064516129032258
 40
0.8064516129032258
 40
0.8064516129032258
 40
0.8387096774193548
 40
0.8387096774193548
 40
0.8387096774193548
 40
0.8709677419354839
 40
0.8709677419354839
 40
0.8709677419354839
 40
0.9032258064516129
 40
0.9032258064516129
 40
0.9032258064516129
 40
0.9354838709677419
 40
0.9354838709677419
 40
0.9354838709677419
 40
0.967741935483871
 40
0.967741935483871
 40
0.967741935483871
 40
1.0
 40
1.0
 40
1.0
 40
1.0
 10
-3101.3644
 20
-916.0206
 30
0.0
 10
-3101.2845
 20
-916.0526
 30
0.0
 10
-3101.1408
 20
-916.1135
 30
0.0
 10
-3100.8711
 20
-916.2313
 30
0.0
 10
-3100.3259
 20
-916.4699
 30
0.0
 10
-3099.2655
 20
-916.9418
 30
0.0
 10
-3098.6154
 20
-917.2589
 30
0.0
 10
-3097.9654
 20
-917.5759
 30
0.0
 10
-3097.7259
 20
-917.738
 30
0.0
 10
-3097.6722
 20
-917.8191
 30
0.0
 10
-3097.6187
 20
-917.9002
 30
0.0
 10
-3097.7511
 20
-917.9002
 30
0.0
 10
-3098.0568
 20
-917.8425
 30
0.0
 10
-3098.3626
 20
-917.7848
 30
0.0
 10
-3098.8415
 20
-917.6694
 30
0.0
 10
-3099.2182
 20
-917.5696
 30
0.0
 10
-3099.5948
 20
-917.4699
 30
0.0
 10
-3099.869
 20
-917.3857
 30
0.0
 10
-3100.1952
 20
-917.2641
 30
0.0
 10
-3100.5214
 20
-917.1425
 30
0.0
 10
-3100.8997
 20
-916.9835
 30
0.0
 10
-3101.1691
 20
-916.8183
 30
0.0
 10
-3101.4019
 20
-916.6756
 30
0.0
 10
-3101.5536
 20
-916.5282
 30
0.0
 10
-3101.6941
 20
-916.3801
 30
0.0
 10
-3101.7361
 20
-916.4421
 30
0.0
 10
-3101.7843
 20
-916.6122
 30
0.0
 10
-3101.9512
 20
-917.0442
 30
0.0
 10
-3102.1118
 20
-917.4598
 30
0.0
 10
-3102.3813
 20
-917.7799
 30
0.0
 10
-3102.6623
 20
-918.0234
 30
0.0
 10
-3103.8463
 20
-919.0491
 30
0.0
 10
-3105.5318
 20
-919.5675
 30
0.0
 10
-3106.0852
 20
-921.4564
 30
0.0
 10
-3106.4302
 20
-922.6343
 30
0.0
 10
-3106.1834
 20
-923.2399
 30
0.0
 10
-3105.7635
 20
-924.2087
 30
0.0
 10
-3105.6755
 20
-924.3032
 30
0.0
 10
-3105.5857
 20
-924.3909
 30
0.0
 10
-3105.4313
 20
-924.4784
 30
0.0
 10
-3104.4048
 20
-923.6976
 30
0.0
 10
-3104.4663
 20
-921.7499
 30
0.0
 10
-3102.5715
 20
-920.5926
 30
0.0
 10
-3101.1088
 20
-919.6991
 30
0.0
 10
-3098.4767
 20
-919.1379
 30
0.0
 10
-3096.8035
 20
-920.1804
 30
0.0
 10
-3094.3081
 20
-921.7352
 30
0.0
 10
-3097.1178
 20
-925.9228
 30
0.0
 10
-3100.4627
 20
-924.8189
 30
0.0
 10
-3101.7523
 20
-924.3932
 30
0.0
 10
-3101.635
 20
-923.119
 30
0.0
 10
-3101.1446
 20
-922.7061
 30
0.0
 10
-3100.7236
 20
-923.4096
 30
0.0
 10
-3100.9877
 20
-924.3072
 30
0.0
 10
-3099.2935
 20
-924.2235
 30
0.0
 10
-3098.2457
 20
-924.1717
 30
0.0
 10
-3097.582
 20
-923.3945
 30
0.0
 10
-3097.6193
 20
-922.4162
 30
0.0
 10
-3097.6949
 20
-920.435
 30
0.0
 10
-3100.658
 20
-920.1844
 30
0.0
 10
-3102.1223
 20
-921.2772
 30
0.0
 10
-3105.2709
 20
-923.6272
 30
0.0
 10
-3102.4938
 20
-928.5033
 30
0.0
 10
-3097.128
 20
-926.669
 30
0.0
 10
-3093.8724
 20
-925.556
 30
0.0
 10
-3091.7323
 20
-921.6514
 30
0.0
 10
-3094.2045
 20
-918.3415
 30
0.0
 10
-3095.1162
 20
-917.1209
 30
0.0
 10
-3096.5854
 20
-916.289
 30
0.0
 10
-3098.0762
 20
-915.3954
 30
0.0
 10
-3099.0246
 20
-914.8268
 30
0.0
 10
-3101.5878
 20
-913.2945
 30
0.0
 10
-3100.5175
 20
-911.5923
 30
0.0
 10
-3099.8811
 20
-911.5237
 30
0.0
 10
-3099.0785
 20
-911.9568
 30
0.0
 10
-3098.6592
 20
-911.1002
 30
0.0
 10
-3097.5922
 20
-908.6026
 30
0.0
 10
-3101.889
 20
-908.9405
 30
0.0
 10
-3103.5145
 20
-909.7698
 30
0.0
 10
-3103.678
 20
-909.8531
 30
0.0
 10
-3103.7771
 20
-910.0043
 30
0.0
 10
-3103.7875
 20
-910.186
 30
0.0
 10
-3103.7978
 20
-910.3677
 30
0.0
 10
-3103.7164
 20
-910.5288
 30
0.0
 10
-3103.5637
 20
-910.6299
 30
0.0
 10
-3103.1688
 20
-910.8909
 30
0.0
 10
-3102.3428
 20
-910.8389
 30
0.0
 10
-3101.8524
 20
-911.0759
 30
0.0
 10
-3102.3951
 20
-912.0194
 30
0.0
 10
-3102.8112
 20
-911.8081
 30
0.0
 10
-3102.6194
 20
-913.5201
 30
0.0
 10
-3102.5108
 20
-914.4883
 30
0.0
 10
-3101.9263
 20
-915.4473
 30
0.0
 10
-3101.3644
 20
-916.0206
 30
0.0
  0
SPLINE
  5
8E
330
1F
100
AcDbEntity
  8
Layer 1
 62
     1
370
     9
100
AcDbSpline
210
0.0
220
0.0
230
1.0
 70
    11
 71
     3
 72
   137
 73
   133
 74
     0
 42
0.0000000001
 43
0.0000000001
 40
0.0
 40
0.0
 40
0.0
 40
0.0
 40
0.0227272727272727
 40
0.0227272727272727
 40
0.0227272727272727
 40
0.0454545454545455
 40
0.0454545454545455
 40
0.0454545454545455
 40
0.0681818181818182
 40
0.0681818181818182
 40
0.0681818181818182
 40
0.0909090909090909
 40
0.0909090909090909
 40
0.0909090909090909
 40
0.1136363636363636
 40
0.1136363636363636
 40
0.1136363636363636
 40
0.1363636363636364
 40
0.1363636363636364
 40
0.1363636363636364
 40
0.1590909090909091
 40
0.1590909090909091
 40
0.1590909090909091
 40
0.1818181818181818
 40
0.1818181818181818
 40
0.1818181818181818
 40
0.2045454545454546
 40
0.2045454545454546
 40
0.2045454545454546
 40
0.2272727272727273
 40
0.2272727272727273
 40
0.2272727272727273
 40
0.25
 40
0.25
 40
0.25
 40
0.2727272727272727
 40
0.2727272727272727
 40
0.2727272727272727
 40
0.2954545454545455
 40
0.2954545454545455
 40
0.2954545454545455
 40
0.3181818181818182
 40
0.3181818181818182
 40
0.3181818181818182
 40
0.3409090909090909
 40
0.3409090909090909
 40
0.3409090909090909
 40
0.3636363636363636
 40
0.3636363636363636
 40
0.3636363636363636
 40
0.3863636363636364
 40
0.3863636363636364
 40
0.3863636363636364
 40
0.4090909090909091
 40
0.4090909090909091
 40
0.4090909090909091
 40
0.4318181818181818
 40
0.4318181818181818
 40
0.4318181818181818
 40
0.4545454545454546
 40
0.4545454545454546
 40
0.4545454545454546
 40
0.4772727272727273
 40
0.4772727272727273
 40
0.4772727272727273
 40
0.5
 40
0.5
 40
0.5
 40
0.5227272727272727
 40
0.5227272727272727
 40
0.5227272727272727
 40
0.5454545454545454
 40
0.5454545454545454
 40
0.5454545454545454
 40
0.5681818181818182
 40
0.5681818181818182
 40
0.5681818181818182
 40
0.5909090909090909
 40
0.5909090909090909
 40
0.5909090909090909
 40
0.6136363636363636
 40
0.6136363636363636
 40
0.6136363636363636
 40
0.6363636363636364
 40
0.6363636363636364
 40
0.6363636363636364
 40
0.6590909090909091
 40
0.6590909090909091
 40
0.6590909090909091
 40
0.6818181818181819
 40
0.6818181818181819
 40
0.6818181818181819
 40
0.7045454545454546
 40
0.7045454545454546
 40
0.7045454545454546
 40
0.7272727272727273
 40
0.7272727272727273
 40
0.7272727272727273
 40
0.75
 40
0.75
 40
0.75
 40
0.7727272727272727
 40
0.7727272727272727
 40
0.7727272727272727
 40
0.7954545454545455
 40
0.7954545454545455
 40
0.7954545454545455
 40
0.8181818181818182
 40
0.8181818181818182
 40
0.8181818181818182
 40
0.8409090909090909
 40
0.8409090909090909
 40
0.8409090909090909
 40
0.8636363636363636
 40
0.8636363636363636
 40
0.8636363636363636
 40
0.8863636363636364
 40
0.8863636363636364
 40
0.8863636363636364
 40
0.9090909090909092
 40
0.9090909090909092
 40
0.9090909090909092
 40
0.9318181818181819
 40
0.9318181818181819
 40
0.9318181818181819
 40
0.9545454545454546
 40
0.9545454545454546
 40
0.9545454545454546
 40
0.9772727272727273
 40
0.9772727272727273
 40
0.9772727272727273
 40
1.0
 40
1.0
 40
1.0
 40
1.0
 10
-3123.5192
 20
-955.0632
 30
0.0
 10
-3123.9963
 20
-955.269
 30
0.0
 10
-3124.4636
 20
-955.4902
 30
0.0
 10
-3124.8978
 20
-955.7606
 30
0.0
 10
-3125.5303
 20
-956.1545
 30
0.0
 10
-3126.0943
 20
-956.6527
 30
0.0
 10
-3126.4816
 20
-957.0775
 30
0.0
 10
-3126.869
 20
-957.5024
 30
0.0
 10
-3127.08
 20
-957.8536
 30
0.0
 10
-3127.1527
 20
-958.0699
 30
0.0
 10
-3127.2256
 20
-958.2862
 30
0.0
 10
-3127.1602
 20
-958.3676
 30
0.0
 10
-3127.0304
 20
-958.3102
 30
0.0
 10
-3126.9006
 20
-958.2528
 30
0.0
 10
-3126.7062
 20
-958.0568
 30
0.0
 10
-3126.4907
 20
-957.8036
 30
0.0
 10
-3126.2753
 20
-957.5505
 30
0.0
 10
-3126.0388
 20
-957.2401
 30
0.0
 10
-3125.7057
 20
-956.9207
 30
0.0
 10
-3125.3726
 20
-956.6013
 30
0.0
 10
-3124.9427
 20
-956.273
 30
0.0
 10
-3124.3037
 20
-956.0731
 30
0.0
 10
-3123.9975
 20
-955.9774
 30
0.0
 10
-3123.643
 20
-955.9113
 30
0.0
 10
-3123.2638
 20
-955.8605
 30
0.0
 10
-3123.4035
 20
-957.1808
 30
0.0
 10
-3123.8369
 20
-958.6318
 30
0.0
 10
-3124.5688
 20
-960.0378
 30
0.0
 10
-3126.4588
 20
-963.6685
 30
0.0
 10
-3129.6224
 20
-965.6273
 30
0.0
 10
-3131.6351
 20
-964.4128
 30
0.0
 10
-3133.6478
 20
-963.198
 30
0.0
 10
-3133.7471
 20
-959.2702
 30
0.0
 10
-3131.8573
 20
-955.6392
 30
0.0
 10
-3131.334
 20
-954.6341
 30
0.0
 10
-3130.7132
 20
-953.7571
 30
0.0
 10
-3130.046
 20
-953.0401
 30
0.0
 10
-3129.7436
 20
-953.4101
 30
0.0
 10
-3129.4755
 20
-953.7725
 30
0.0
 10
-3129.2905
 20
-954.1166
 30
0.0
 10
-3128.9758
 20
-954.702
 30
0.0
 10
-3128.9015
 20
-955.2342
 30
0.0
 10
-3128.8897
 20
-955.6928
 30
0.0
 10
-3128.8781
 20
-956.1516
 30
0.0
 10
-3128.9291
 20
-956.537
 30
0.0
 10
-3128.9546
 20
-956.8669
 30
0.0
 10
-3128.98
 20
-957.197
 30
0.0
 10
-3128.9799
 20
-957.4716
 30
0.0
 10
-3128.9279
 20
-957.6025
 30
0.0
 10
-3128.8758
 20
-957.7334
 30
0.0
 10
-3128.7717
 20
-957.7207
 30
0.0
 10
-3128.6705
 20
-957.5157
 30
0.0
 10
-3128.5694
 20
-957.3109
 30
0.0
 10
-3128.4711
 20
-956.914
 30
0.0
 10
-3128.4469
 20
-956.3424
 30
0.0
 10
-3128.4226
 20
-955.7708
 30
0.0
 10
-3128.4723
 20
-955.0244
 30
0.0
 10
-3128.6451
 20
-954.3052
 30
0.0
 10
-3128.7794
 20
-953.7461
 30
0.0
 10
-3128.9881
 20
-953.2028
 30
0.0
 10
-3129.2134
 20
-952.6637
 30
0.0
 10
-3129.292
 20
-952.4755
 30
0.0
 10
-3129.2409
 20
-952.2678
 30
0.0
 10
-3129.0837
 20
-952.1364
 30
0.0
 10
-3128.6005
 20
-951.732
 30
0.0
 10
-3128.1926
 20
-951.4479
 30
0.0
 10
-3127.7372
 20
-951.2575
 30
0.0
 10
-3127.5982
 20
-951.1994
 30
0.0
 10
-3127.4534
 20
-951.2083
 30
0.0
 10
-3127.3227
 20
-951.2832
 30
0.0
 10
-3127.1922
 20
-951.3579
 30
0.0
 10
-3127.1122
 20
-951.4778
 30
0.0
 10
-3127.0941
 20
-951.626
 30
0.0
 10
-3127.0782
 20
-951.7551
 30
0.0
 10
-3127.065
 20
-951.8901
 30
0.0
 10
-3127.0556
 20
-952.0338
 30
0.0
 10
-3127.0244
 20
-952.5157
 30
0.0
 10
-3127.1212
 20
-952.6768
 30
0.0
 10
-3127.2376
 20
-953.1177
 30
0.0
 10
-3127.2784
 20
-953.2718
 30
0.0
 10
-3127.3833
 20
-954.0303
 30
0.0
 10
-3127.2027
 20
-953.9979
 30
0.0
 10
-3126.9421
 20
-953.9509
 30
0.0
 10
-3126.8903
 20
-953.3861
 30
0.0
 10
-3126.8358
 20
-953.1648
 30
0.0
 10
-3126.7221
 20
-952.703
 30
0.0
 10
-3126.6999
 20
-952.5303
 30
0.0
 10
-3126.7206
 20
-952.0487
 30
0.0
 10
-3126.7345
 20
-951.7285
 30
0.0
 10
-3126.596
 20
-951.4468
 30
0.0
 10
-3126.3326
 20
-951.2602
 30
0.0
 10
-3126.0693
 20
-951.0736
 30
0.0
 10
-3125.7547
 20
-951.0346
 30
0.0
 10
-3125.4529
 20
-951.151
 30
0.0
 10
-3125.3202
 20
-951.2022
 30
0.0
 10
-3125.1908
 20
-951.2653
 30
0.0
 10
-3125.0663
 20
-951.3406
 30
0.0
 10
-3124.9021
 20
-951.4398
 30
0.0
 10
-3124.7501
 20
-951.5572
 30
0.0
 10
-3124.6114
 20
-951.691
 30
0.0
 10
-3124.2601
 20
-952.0297
 30
0.0
 10
-3124.2341
 20
-952.5773
 30
0.0
 10
-3124.552
 20
-952.9468
 30
0.0
 10
-3124.5671
 20
-952.9643
 30
0.0
 10
-3124.5826
 20
-952.9823
 30
0.0
 10
-3124.5984
 20
-953.0
 30
0.0
 10
-3124.8853
 20
-953.3238
 30
0.0
 10
-3125.223
 20
-953.7856
 30
0.0
 10
-3125.4716
 20
-954.0563
 30
0.0
 10
-3125.7203
 20
-954.3269
 30
0.0
 10
-3125.8042
 20
-954.4877
 30
0.0
 10
-3125.8316
 20
-954.5875
 30
0.0
 10
-3125.8591
 20
-954.6872
 30
0.0
 10
-3125.8299
 20
-954.7259
 30
0.0
 10
-3125.6155
 20
-954.5594
 30
0.0
 10
-3125.4011
 20
-954.393
 30
0.0
 10
-3125.0008
 20
-954.0212
 30
0.0
 10
-3124.632
 20
-953.7398
 30
0.0
 10
-3124.5084
 20
-953.6453
 30
0.0
 10
-3124.399
 20
-953.5493
 30
0.0
 10
-3124.2946
 20
-953.4574
 30
0.0
 10
-3124.1789
 20
-953.3555
 30
0.0
 10
-3124.0337
 20
-953.3184
 30
0.0
 10
-3123.8825
 20
-953.3523
 30
0.0
 10
-3123.7314
 20
-953.3861
 30
0.0
 10
-3123.6164
 20
-953.4813
 30
0.0
 10
-3123.5563
 20
-953.6226
 30
0.0
 10
-3123.4304
 20
-953.9184
 30
0.0
 10
-3123.3042
 20
-954.2274
 30
0.0
 10
-3123.2464
 20
-954.5643
 30
0.0
 10
-3123.2103
 20
-954.7756
 30
0.0
 10
-3123.3206
 20
-954.9776
 30
0.0
 10
-3123.5192
 20
-955.0632
 30
0.0
  0
SPLINE
  5
8F
330
1F
100
AcDbEntity
  8
Layer 1
 62
     1
370
     9
100
AcDbSpline
210
0.0
220
0.0
230
1.0
 70
    11
 71
     3
 72
   137
 73
   133
 74
     0
 42
0.0000000001
 43
0.0000000001
 40
0.0
 40
0.0
 40
0.0
 40
0.0
 40
0.0227272727272727
 40
0.0227272727272727
 40
0.0227272727272727
 40
0.0454545454545455
 40
0.0454545454545455
 40
0.0454545454545455
 40
0.0681818181818182
 40
0.0681818181818182
 40
0.0681818181818182
 40
0.0909090909090909
 40
0.0909090909090909
 40
0.0909090909090909
 40
0.1136363636363636
 40
0.1136363636363636
 40
0.1136363636363636
 40
0.1363636363636364
 40
0.1363636363636364
 40
0.1363636363636364
 40
0.1590909090909091
 40
0.1590909090909091
 40
0.1590909090909091
 40
0.1818181818181818
 40
0.1818181818181818
 40
0.1818181818181818
 40
0.2045454545454546
 40
0.2045454545454546
 40
0.2045454545454546
 40
0.2272727272727273
 40
0.2272727272727273
 40
0.2272727272727273
 40
0.25
 40
0.25
 40
0.25
 40
0.2727272727272727
 40
0.2727272727272727
 40
0.2727272727272727
 40
0.2954545454545455
 40
0.2954545454545455
 40
0.2954545454545455
 40
0.3181818181818182
 40
0.3181818181818182
 40
0.3181818181818182
 40
0.3409090909090909
 40
0.3409090909090909
 40
0.3409090909090909
 40
0.3636363636363636
 40
0.3636363636363636
 40
0.3636363636363636
 40
0.3863636363636364
 40
0.3863636363636364
 40
0.3863636363636364
 40
0.4090909090909091
 40
0.4090909090909091
 40
0.4090909090909091
 40
0.4318181818181818
 40
0.4318181818181818
 40
0.4318181818181818
 40
0.4545454545454546
 40
0.4545454545454546
 40
0.4545454545454546
 40
0.4772727272727273
 40
0.4772727272727273
 40
0.4772727272727273
 40
0.5
 40
0.5
 40
0.5
 40
0.5227272727272727
 40
0.5227272727272727
 40
0.5227272727272727
 40
0.5454545454545454
 40
0.5454545454545454
 40
0.5454545454545454
 40
0.5681818181818182
 40
0.5681818181818182
 40
0.5681818181818182
 40
0.5909090909090909
 40
0.5909090909090909
 40
0.5909090909090909
 40
0.6136363636363636
 40
0.6136363636363636
 40
0.6136363636363636
 40
0.6363636363636364
 40
0.6363636363636364
 40
0.6363636363636364
 40
0.6590909090909091
 40
0.6590909090909091
 40
0.6590909090909091
 40
0.6818181818181819
 40
0.6818181818181819
 40
0.6818181818181819
 40
0.7045454545454546
 40
0.7045454545454546
 40
0.7045454545454546
 40
0.7272727272727273
 40
0.7272727272727273
 40
0.7272727272727273
 40
0.75
 40
0.75
 40
0.75
 40
0.7727272727272727
 40
0.7727272727272727
 40
0.7727272727272727
 40
0.7954545454545455
 40
0.7954545454545455
 40
0.7954545454545455
 40
0.8181818181818182
 40
0.8181818181818182
 40
0.8181818181818182
 40
0.8409090909090909
 40
0.8409090909090909
 40
0.8409090909090909
 40
0.8636363636363636
 40
0.8636363636363636
 40
0.8636363636363636
 40
0.8863636363636364
 40
0.8863636363636364
 40
0.8863636363636364
 40
0.9090909090909092
 40
0.9090909090909092
 40
0.9090909090909092
 40
0.9318181818181819
 40
0.9318181818181819
 40
0.9318181818181819
 40
0.9545454545454546
 40
0.9545454545454546
 40
0.9545454545454546
 40
0.9772727272727273
 40
0.9772727272727273
 40
0.9772727272727273
 40
1.0
 40
1.0
 40
1.0
 40
1.0
 10
-3150.1092
 20
-915.565
 30
0.0
 10
-3150.4246
 20
-915.9746
 30
0.0
 10
-3150.7237
 20
-916.3929
 30
0.0
 10
-3150.9699
 20
-916.8383
 30
0.0
 10
-3151.3283
 20
-917.487
 30
0.0
 10
-3151.5756
 20
-918.1939
 30
0.0
 10
-3151.7048
 20
-918.7514
 30
0.0
 10
-3151.834
 20
-919.3092
 30
0.0
 10
-3151.8453
 20
-919.7176
 30
0.0
 10
-3151.8023
 20
-919.9415
 30
0.0
 10
-3151.7594
 20
-920.1656
 30
0.0
 10
-3151.6623
 20
-920.2051
 30
0.0
 10
-3151.5772
 20
-920.0924
 30
0.0
 10
-3151.4921
 20
-919.9798
 30
0.0
 10
-3151.4188
 20
-919.715
 30
0.0
 10
-3151.3552
 20
-919.39
 30
0.0
 10
-3151.2918
 20
-919.0651
 30
0.0
 10
-3151.238
 20
-918.6801
 30
0.0
 10
-3151.1043
 20
-918.2407
 30
0.0
 10
-3150.9707
 20
-917.8012
 30
0.0
 10
-3150.7568
 20
-917.3074
 30
0.0
 10
-3150.2971
 20
-916.825
 30
0.0
 10
-3150.0768
 20
-916.5938
 30
0.0
 10
-3149.7997
 20
-916.3654
 30
0.0
 10
-3149.4935
 20
-916.1382
 30
0.0
 10
-3148.9655
 20
-917.3587
 30
0.0
 10
-3148.6297
 20
-918.8347
 30
0.0
 10
-3148.5767
 20
-920.4154
 30
0.0
 10
-3148.4398
 20
-924.4969
 30
0.0
 10
-3150.2386
 20
-927.7319
 30
0.0
 10
-3152.5944
 20
-927.6408
 30
0.0
 10
-3154.9503
 20
-927.5496
 30
0.0
 10
-3156.9708
 20
-924.1669
 30
0.0
 10
-3157.1079
 20
-920.0852
 30
0.0
 10
-3157.1458
 20
-918.9552
 30
0.0
 10
-3157.0353
 20
-917.8902
 30
0.0
 10
-3156.8057
 20
-916.9425
 30
0.0
 10
-3156.3593
 20
-917.1199
 30
0.0
 10
-3155.9467
 20
-917.3074
 30
0.0
 10
-3155.6158
 20
-917.5187
 30
0.0
 10
-3155.0527
 20
-917.8784
 30
0.0
 10
-3154.7258
 20
-918.3074
 30
0.0
 10
-3154.4897
 20
-918.7023
 30
0.0
 10
-3154.2537
 20
-919.0974
 30
0.0
 10
-3154.1085
 20
-919.4585
 30
0.0
 10
-3153.9683
 20
-919.759
 30
0.0
 10
-3153.828
 20
-920.0595
 30
0.0
 10
-3153.6927
 20
-920.2993
 30
0.0
 10
-3153.5829
 20
-920.3886
 30
0.0
 10
-3153.473
 20
-920.4778
 30
0.0
 10
-3153.3882
 20
-920.4165
 30
0.0
 10
-3153.4008
 20
-920.1887
 30
0.0
 10
-3153.4133
 20
-919.9611
 30
0.0
 10
-3153.5229
 20
-919.5672
 30
0.0
 10
-3153.7831
 20
-919.0563
 30
0.0
 10
-3154.0434
 20
-918.5453
 30
0.0
 10
-3154.4542
 20
-917.9174
 30
0.0
 10
-3154.9593
 20
-917.3725
 30
0.0
 10
-3155.3518
 20
-916.9489
 30
0.0
 10
-3155.8015
 20
-916.5749
 30
0.0
 10
-3156.2638
 20
-916.2126
 30
0.0
 10
-3156.425
 20
-916.0861
 30
0.0
 10
-3156.4827
 20
-915.8801
 30
0.0
 10
-3156.4101
 20
-915.6896
 30
0.0
 10
-3156.1871
 20
-915.1036
 30
0.0
 10
-3155.9708
 20
-914.6589
 30
0.0
 10
-3155.6668
 20
-914.2733
 30
0.0
 10
-3155.574
 20
-914.1556
 30
0.0
 10
-3155.4431
 20
-914.0936
 30
0.0
 10
-3155.2922
 20
-914.096
 30
0.0
 10
-3155.1413
 20
-914.0984
 30
0.0
 10
-3155.0125
 20
-914.1646
 30
0.0
 10
-3154.9237
 20
-914.2853
 30
0.0
 10
-3154.8462
 20
-914.3904
 30
0.0
 10
-3154.7682
 20
-914.5019
 30
0.0
 10
-3154.6893
 20
-914.6228
 30
0.0
 10
-3154.4248
 20
-915.0287
 30
0.0
 10
-3154.4299
 20
-915.2161
 30
0.0
 10
-3154.3146
 20
-915.6572
 30
0.0
 10
-3154.2743
 20
-915.8115
 30
0.0
 10
-3153.9925
 20
-916.5245
 30
0.0
 10
-3153.8508
 20
-916.4091
 30
0.0
 10
-3153.6463
 20
-916.2426
 30
0.0
 10
-3153.8792
 20
-915.7243
 30
0.0
 10
-3153.9405
 20
-915.5048
 30
0.0
 10
-3154.0685
 20
-915.0467
 30
0.0
 10
-3154.1342
 20
-914.8851
 30
0.0
 10
-3154.3894
 20
-914.4745
 30
0.0
 10
-3154.5591
 20
-914.2015
 30
0.0
 10
-3154.5769
 20
-913.8888
 30
0.0
 10
-3154.4387
 20
-913.5989
 30
0.0
 10
-3154.3005
 20
-913.3091
 30
0.0
 10
-3154.0451
 20
-913.1234
 30
0.0
 10
-3153.7242
 20
-913.0798
 30
0.0
 10
-3153.583
 20
-913.0605
 30
0.0
 10
-3153.4389
 20
-913.0532
 30
0.0
 10
-3153.2931
 20
-913.059
 30
0.0
 10
-3153.1008
 20
-913.0666
 30
0.0
 10
-3152.9103
 20
-913.0959
 30
0.0
 10
-3152.7233
 20
-913.1459
 30
0.0
 10
-3152.2498
 20
-913.2725
 30
0.0
 10
-3151.9575
 20
-913.7382
 30
0.0
 10
-3152.0532
 20
-914.2141
 30
0.0
 10
-3152.0577
 20
-914.2366
 30
0.0
 10
-3152.0624
 20
-914.2599
 30
0.0
 10
-3152.0675
 20
-914.2829
 30
0.0
 10
-3152.1587
 20
-914.7039
 30
0.0
 10
-3152.2262
 20
-915.27
 30
0.0
 10
-3152.3101
 20
-915.6262
 30
0.0
 10
-3152.3941
 20
-915.9823
 30
0.0
 10
-3152.3882
 20
-916.1632
 30
0.0
 10
-3152.363
 20
-916.2635
 30
0.0
 10
-3152.3379
 20
-916.3639
 30
0.0
 10
-3152.2934
 20
-916.3837
 30
0.0
 10
-3152.1881
 20
-916.135
 30
0.0
 10
-3152.0828
 20
-915.8862
 30
0.0
 10
-3151.9162
 20
-915.3687
 30
0.0
 10
-3151.7327
 20
-914.9452
 30
0.0
 10
-3151.6712
 20
-914.8032
 30
0.0
 10
-3151.6229
 20
-914.6666
 30
0.0
 10
-3151.577
 20
-914.5361
 30
0.0
 10
-3151.5261
 20
-914.3912
 30
0.0
 10
-3151.4176
 20
-914.2889
 30
0.0
 10
-3151.2688
 20
-914.2457
 30
0.0
 10
-3151.1202
 20
-914.2024
 30
0.0
 10
-3150.9729
 20
-914.2302
 30
0.0
 10
-3150.8508
 20
-914.3247
 30
0.0
 10
-3150.5952
 20
-914.5223
 30
0.0
 10
-3150.3329
 20
-914.7314
 30
0.0
 10
-3150.1166
 20
-914.9978
 30
0.0
 10
-3149.981
 20
-915.1649
 30
0.0
 10
-3149.9779
 20
-915.3945
 30
0.0
 10
-3150.1092
 20
-915.565
 30
0.0
  0
SPLINE
  5
90
330
1F
100
AcDbEntity
  8
Layer 1
 62
     1
370
     9
100
AcDbSpline
210
0.0
220
0.0
230
1.0
 70
    11
 71
     3
 72
   596
 73
   592
 74
     0
 42
0.0000000001
 43
0.0000000001
 40
0.0
 40
0.0
 40
0.0
 40
0.0
 40
0.0050761421319797
 40
0.0050761421319797
 40
0.0050761421319797
 40
0.0101522842639594
 40
0.0101522842639594
 40
0.0101522842639594
 40
0.0152284263959391
 40
0.0152284263959391
 40
0.0152284263959391
 40
0.0203045685279188
 40
0.0203045685279188
 40
0.0203045685279188
 40
0.0253807106598985
 40
0.0253807106598985
 40
0.0253807106598985
 40
0.0304568527918782
 40
0.0304568527918782
 40
0.0304568527918782
 40
0.0355329949238579
 40
0.0355329949238579
 40
0.0355329949238579
 40
0.0406091370558376
 40
0.0406091370558376
 40
0.0406091370558376
 40
0.0456852791878173
 40
0.0456852791878173
 40
0.0456852791878173
 40
0.050761421319797
 40
0.050761421319797
 40
0.050761421319797
 40
0.0558375634517766
 40
0.0558375634517766
 40
0.0558375634517766
 40
0.0609137055837563
 40
0.0609137055837563
 40
0.0609137055837563
 40
0.065989847715736
 40
0.065989847715736
 40
0.065989847715736
 40
0.0710659898477157
 40
0.0710659898477157
 40
0.0710659898477157
 40
0.0761421319796954
 40
0.0761421319796954
 40
0.0761421319796954
 40
0.0812182741116751
 40
0.0812182741116751
 40
0.0812182741116751
 40
0.0862944162436548
 40
0.0862944162436548
 40
0.0862944162436548
 40
0.0913705583756345
 40
0.0913705583756345
 40
0.0913705583756345
 40
0.0964467005076142
 40
0.0964467005076142
 40
0.0964467005076142
 40
0.1015228426395939
 40
0.1015228426395939
 40
0.1015228426395939
 40
0.1065989847715736
 40
0.1065989847715736
 40
0.1065989847715736
 40
0.1116751269035533
 40
0.1116751269035533
 40
0.1116751269035533
 40
0.116751269035533
 40
0.116751269035533
 40
0.116751269035533
 40
0.1218274111675127
 40
0.1218274111675127
 40
0.1218274111675127
 40
0.1269035532994924
 40
0.1269035532994924
 40
0.1269035532994924
 40
0.1319796954314721
 40
0.1319796954314721
 40
0.1319796954314721
 40
0.1370558375634518
 40
0.1370558375634518
 40
0.1370558375634518
 40
0.1421319796954315
 40
0.1421319796954315
 40
0.1421319796954315
 40
0.1472081218274112
 40
0.1472081218274112
 40
0.1472081218274112
 40
0.1522842639593908
 40
0.1522842639593908
 40
0.1522842639593908
 40
0.1573604060913706
 40
0.1573604060913706
 40
0.1573604060913706
 40
0.1624365482233502
 40
0.1624365482233502
 40
0.1624365482233502
 40
0.1675126903553299
 40
0.1675126903553299
 40
0.1675126903553299
 40
0.1725888324873096
 40
0.1725888324873096
 40
0.1725888324873096
 40
0.1776649746192893
 40
0.1776649746192893
 40
0.1776649746192893
 40
0.182741116751269
 40
0.182741116751269
 40
0.182741116751269
 40
0.1878172588832487
 40
0.1878172588832487
 40
0.1878172588832487
 40
0.1928934010152284
 40
0.1928934010152284
 40
0.1928934010152284
 40
0.1979695431472081
 40
0.1979695431472081
 40
0.1979695431472081
 40
0.2030456852791878
 40
0.2030456852791878
 40
0.2030456852791878
 40
0.2081218274111675
 40
0.2081218274111675
 40
0.2081218274111675
 40
0.2131979695431472
 40
0.2131979695431472
 40
0.2131979695431472
 40
0.2182741116751269
 40
0.2182741116751269
 40
0.2182741116751269
 40
0.2233502538071066
 40
0.2233502538071066
 40
0.2233502538071066
 40
0.2284263959390863
 40
0.2284263959390863
 40
0.2284263959390863
 40
0.233502538071066
 40
0.233502538071066
 40
0.233502538071066
 40
0.2385786802030457
 40
0.2385786802030457
 40
0.2385786802030457
 40
0.2436548223350254
 40
0.2436548223350254
 40
0.2436548223350254
 40
0.248730964467005
 40
0.248730964467005
 40
0.248730964467005
 40
0.2538071065989848
 40
0.2538071065989848
 40
0.2538071065989848
 40
0.2588832487309645
 40
0.2588832487309645
 40
0.2588832487309645
 40
0.2639593908629441
 40
0.2639593908629441
 40
0.2639593908629441
 40
0.2690355329949238
 40
0.2690355329949238
 40
0.2690355329949238
 40
0.2741116751269035
 40
0.2741116751269035
 40
0.2741116751269035
 40
0.2791878172588833
 40
0.2791878172588833
 40
0.2791878172588833
 40
0.2842639593908629
 40
0.2842639593908629
 40
0.2842639593908629
 40
0.2893401015228426
 40
0.2893401015228426
 40
0.2893401015228426
 40
0.2944162436548223
 40
0.2944162436548223
 40
0.2944162436548223
 40
0.299492385786802
 40
0.299492385786802
 40
0.299492385786802
 40
0.3045685279187817
 40
0.3045685279187817
 40
0.3045685279187817
 40
0.3096446700507614
 40
0.3096446700507614
 40
0.3096446700507614
 40
0.3147208121827411
 40
0.3147208121827411
 40
0.3147208121827411
 40
0.3197969543147208
 40
0.3197969543147208
 40
0.3197969543147208
 40
0.3248730964467005
 40
0.3248730964467005
 40
0.3248730964467005
 40
0.3299492385786802
 40
0.3299492385786802
 40
0.3299492385786802
 40
0.3350253807106598
 40
0.3350253807106598
 40
0.3350253807106598
 40
0.3401015228426396
 40
0.3401015228426396
 40
0.3401015228426396
 40
0.3451776649746193
 40
0.3451776649746193
 40
0.3451776649746193
 40
0.350253807106599
 40
0.350253807106599
 40
0.350253807106599
 40
0.3553299492385786
 40
0.3553299492385786
 40
0.3553299492385786
 40
0.3604060913705583
 40
0.3604060913705583
 40
0.3604060913705583
 40
0.3654822335025381
 40
0.3654822335025381
 40
0.3654822335025381
 40
0.3705583756345177
 40
0.3705583756345177
 40
0.3705583756345177
 40
0.3756345177664974
 40
0.3756345177664974
 40
0.3756345177664974
 40
0.3807106598984771
 40
0.3807106598984771
 40
0.3807106598984771
 40
0.3857868020304568
 40
0.3857868020304568
 40
0.3857868020304568
 40
0.3908629441624365
 40
0.3908629441624365
 40
0.3908629441624365
 40
0.3959390862944162
 40
0.3959390862944162
 40
0.3959390862944162
 40
0.4010152284263959
 40
0.4010152284263959
 40
0.4010152284263959
 40
0.4060913705583756
 40
0.4060913705583756
 40
0.4060913705583756
 40
0.4111675126903553
 40
0.4111675126903553
 40
0.4111675126903553
 40
0.416243654822335
 40
0.416243654822335
 40
0.416243654822335
 40
0.4213197969543147
 40
0.4213197969543147
 40
0.4213197969543147
 40
0.4263959390862944
 40
0.4263959390862944
 40
0.4263959390862944
 40
0.4314720812182741
 40
0.4314720812182741
 40
0.4314720812182741
 40
0.4365482233502538
 40
0.4365482233502538
 40
0.4365482233502538
 40
0.4416243654822335
 40
0.4416243654822335
 40
0.4416243654822335
 40
0.4467005076142131
 40
0.4467005076142131
 40
0.4467005076142131
 40
0.4517766497461929
 40
0.4517766497461929
 40
0.4517766497461929
 40
0.4568527918781726
 40
0.4568527918781726
 40
0.4568527918781726
 40
0.4619289340101522
 40
0.4619289340101522
 40
0.4619289340101522
 40
0.4670050761421319
 40
0.4670050761421319
 40
0.4670050761421319
 40
0.4720812182741116
 40
0.4720812182741116
 40
0.4720812182741116
 40
0.4771573604060914
 40
0.4771573604060914
 40
0.4771573604060914
 40
0.482233502538071
 40
0.482233502538071
 40
0.482233502538071
 40
0.4873096446700507
 40
0.4873096446700507
 40
0.4873096446700507
 40
0.4923857868020304
 40
0.4923857868020304
 40
0.4923857868020304
 40
0.4974619289340101
 40
0.4974619289340101
 40
0.4974619289340101
 40
0.5025380710659898
 40
0.5025380710659898
 40
0.5025380710659898
 40
0.5076142131979695
 40
0.5076142131979695
 40
0.5076142131979695
 40
0.5126903553299492
 40
0.5126903553299492
 40
0.5126903553299492
 40
0.5177664974619289
 40
0.5177664974619289
 40
0.5177664974619289
 40
0.5228426395939086
 40
0.5228426395939086
 40
0.5228426395939086
 40
0.5279187817258882
 40
0.5279187817258882
 40
0.5279187817258882
 40
0.532994923857868
 40
0.532994923857868
 40
0.532994923857868
 40
0.5380710659898477
 40
0.5380710659898477
 40
0.5380710659898477
 40
0.5431472081218274
 40
0.5431472081218274
 40
0.5431472081218274
 40
0.5482233502538071
 40
0.5482233502538071
 40
0.5482233502538071
 40
0.5532994923857868
 40
0.5532994923857868
 40
0.5532994923857868
 40
0.5583756345177665
 40
0.5583756345177665
 40
0.5583756345177665
 40
0.5634517766497461
 40
0.5634517766497461
 40
0.5634517766497461
 40
0.5685279187817258
 40
0.5685279187817258
 40
0.5685279187817258
 40
0.5736040609137055
 40
0.5736040609137055
 40
0.5736040609137055
 40
0.5786802030456852
 40
0.5786802030456852
 40
0.5786802030456852
 40
0.583756345177665
 40
0.583756345177665
 40
0.583756345177665
 40
0.5888324873096447
 40
0.5888324873096447
 40
0.5888324873096447
 40
0.5939086294416244
 40
0.5939086294416244
 40
0.5939086294416244
 40
0.598984771573604
 40
0.598984771573604
 40
0.598984771573604
 40
0.6040609137055837
 40
0.6040609137055837
 40
0.6040609137055837
 40
0.6091370558375634
 40
0.6091370558375634
 40
0.6091370558375634
 40
0.6142131979695431
 40
0.6142131979695431
 40
0.6142131979695431
 40
0.6192893401015228
 40
0.6192893401015228
 40
0.6192893401015228
 40
0.6243654822335025
 40
0.6243654822335025
 40
0.6243654822335025
 40
0.6294416243654822
 40
0.6294416243654822
 40
0.6294416243654822
 40
0.6345177664974618
 40
0.6345177664974618
 40
0.6345177664974618
 40
0.6395939086294415
 40
0.6395939086294415
 40
0.6395939086294415
 40
0.6446700507614213
 40
0.6446700507614213
 40
0.6446700507614213
 40
0.649746192893401
 40
0.649746192893401
 40
0.649746192893401
 40
0.6548223350253807
 40
0.6548223350253807
 40
0.6548223350253807
 40
0.6598984771573604
 40
0.6598984771573604
 40
0.6598984771573604
 40
0.6649746192893401
 40
0.6649746192893401
 40
0.6649746192893401
 40
0.6700507614213197
 40
0.6700507614213197
 40
0.6700507614213197
 40
0.6751269035532994
 40
0.6751269035532994
 40
0.6751269035532994
 40
0.6802030456852791
 40
0.6802030456852791
 40
0.6802030456852791
 40
0.6852791878172588
 40
0.6852791878172588
 40
0.6852791878172588
 40
0.6903553299492385
 40
0.6903553299492385
 40
0.6903553299492385
 40
0.6954314720812182
 40
0.6954314720812182
 40
0.6954314720812182
 40
0.700507614213198
 40
0.700507614213198
 40
0.700507614213198
 40
0.7055837563451776
 40
0.7055837563451776
 40
0.7055837563451776
 40
0.7106598984771573
 40
0.7106598984771573
 40
0.7106598984771573
 40
0.715736040609137
 40
0.715736040609137
 40
0.715736040609137
 40
0.7208121827411167
 40
0.7208121827411167
 40
0.7208121827411167
 40
0.7258883248730964
 40
0.7258883248730964
 40
0.7258883248730964
 40
0.7309644670050761
 40
0.7309644670050761
 40
0.7309644670050761
 40
0.7360406091370558
 40
0.7360406091370558
 40
0.7360406091370558
 40
0.7411167512690354
 40
0.7411167512690354
 40
0.7411167512690354
 40
0.7461928934010151
 40
0.7461928934010151
 40
0.7461928934010151
 40
0.7512690355329948
 40
0.7512690355329948
 40
0.7512690355329948
 40
0.7563451776649746
 40
0.7563451776649746
 40
0.7563451776649746
 40
0.7614213197969543
 40
0.7614213197969543
 40
0.7614213197969543
 40
0.766497461928934
 40
0.766497461928934
 40
0.766497461928934
 40
0.7715736040609137
 40
0.7715736040609137
 40
0.7715736040609137
 40
0.7766497461928933
 40
0.7766497461928933
 40
0.7766497461928933
 40
0.781725888324873
 40
0.781725888324873
 40
0.781725888324873
 40
0.7868020304568527
 40
0.7868020304568527
 40
0.7868020304568527
 40
0.7918781725888324
 40
0.7918781725888324
 40
0.7918781725888324
 40
0.7969543147208121
 40
0.7969543147208121
 40
0.7969543147208121
 40
0.8020304568527918
 40
0.8020304568527918
 40
0.8020304568527918
 40
0.8071065989847716
 40
0.8071065989847716
 40
0.8071065989847716
 40
0.8121827411167513
 40
0.8121827411167513
 40
0.8121827411167513
 40
0.8172588832487309
 40
0.8172588832487309
 40
0.8172588832487309
 40
0.8223350253807106
 40
0.8223350253807106
 40
0.8223350253807106
 40
0.8274111675126903
 40
0.8274111675126903
 40
0.8274111675126903
 40
0.83248730964467
 40
0.83248730964467
 40
0.83248730964467
 40
0.8375634517766497
 40
0.8375634517766497
 40
0.8375634517766497
 40
0.8426395939086294
 40
0.8426395939086294
 40
0.8426395939086294
 40
0.8477157360406091
 40
0.8477157360406091
 40
0.8477157360406091
 40
0.8527918781725887
 40
0.8527918781725887
 40
0.8527918781725887
 40
0.8578680203045684
 40
0.8578680203045684
 40
0.8578680203045684
 40
0.8629441624365481
 40
0.8629441624365481
 40
0.8629441624365481
 40
0.8680203045685279
 40
0.8680203045685279
 40
0.8680203045685279
 40
0.8730964467005076
 40
0.8730964467005076
 40
0.8730964467005076
 40
0.8781725888324873
 40
0.8781725888324873
 40
0.8781725888324873
 40
0.883248730964467
 40
0.883248730964467
 40
0.883248730964467
 40
0.8883248730964466
 40
0.8883248730964466
 40
0.8883248730964466
 40
0.8934010152284263
 40
0.8934010152284263
 40
0.8934010152284263
 40
0.898477157360406
 40
0.898477157360406
 40
0.898477157360406
 40
0.9035532994923857
 40
0.9035532994923857
 40
0.9035532994923857
 40
0.9086294416243654
 40
0.9086294416243654
 40
0.9086294416243654
 40
0.9137055837563451
 40
0.9137055837563451
 40
0.9137055837563451
 40
0.9187817258883249
 40
0.9187817258883249
 40
0.9187817258883249
 40
0.9238578680203045
 40
0.9238578680203045
 40
0.9238578680203045
 40
0.9289340101522842
 40
0.9289340101522842
 40
0.9289340101522842
 40
0.9340101522842639
 40
0.9340101522842639
 40
0.9340101522842639
 40
0.9390862944162436
 40
0.9390862944162436
 40
0.9390862944162436
 40
0.9441624365482233
 40
0.9441624365482233
 40
0.9441624365482233
 40
0.949238578680203
 40
0.949238578680203
 40
0.949238578680203
 40
0.9543147208121827
 40
0.9543147208121827
 40
0.9543147208121827
 40
0.9593908629441623
 40
0.9593908629441623
 40
0.9593908629441623
 40
0.964467005076142
 40
0.964467005076142
 40
0.964467005076142
 40
0.9695431472081217
 40
0.9695431472081217
 40
0.9695431472081217
 40
0.9746192893401014
 40
0.9746192893401014
 40
0.9746192893401014
 40
0.9796954314720812
 40
0.9796954314720812
 40
0.9796954314720812
 40
0.9847715736040609
 40
0.9847715736040609
 40
0.9847715736040609
 40
0.9898477157360406
 40
0.9898477157360406
 40
0.9898477157360406
 40
0.9949238578680202
 40
0.9949238578680202
 40
0.9949238578680202
 40
1.0
 40
1.0
 40
1.0
 40
1.0
 10
-3116.951
 20
-932.7916
 30
0.0
 10
-3116.8887
 20
-933.2168
 30
0.0
 10
-3116.5733
 20
-933.7973
 30
0.0
 10
-3116.3557
 20
-934.1998
 30
0.0
 10
-3116.1379
 20
-934.6025
 30
0.0
 10
-3116.0181
 20
-934.8271
 30
0.0
 10
-3115.7752
 20
-934.8676
 30
0.0
 10
-3115.5322
 20
-934.9082
 30
0.0
 10
-3115.1664
 20
-934.7646
 30
0.0
 10
-3114.4913
 20
-934.3807
 30
0.0
 10
-3113.8691
 20
-934.0269
 30
0.0
 10
-3112.9842
 20
-933.4684
 30
0.0
 10
-3112.0787
 20
-932.8944
 30
0.0
 10
-3112.0598
 20
-932.9031
 30
0.0
 10
-3112.041
 20
-932.9118
 30
0.0
 10
-3112.022
 20
-932.9203
 30
0.0
 10
-3111.5728
 20
-933.1224
 30
0.0
 10
-3111.0159
 20
-933.3342
 30
0.0
 10
-3110.5263
 20
-933.3972
 30
0.0
 10
-3110.0534
 20
-933.4578
 30
0.0
 10
-3109.4776
 20
-933.2921
 30
0.0
 10
-3109.6083
 20
-932.6979
 30
0.0
 10
-3109.7008
 20
-932.2773
 30
0.0
 10
-3110.1799
 20
-931.8303
 30
0.0
 10
-3110.5237
 20
-931.587
 30
0.0
 10
-3110.9617
 20
-931.2769
 30
0.0
 10
-3111.4775
 20
-931.0531
 30
0.0
 10
-3111.98
 20
-930.8669
 30
0.0
 10
-3112.0335
 20
-930.847
 30
0.0
 10
-3112.0879
 20
-930.8284
 30
0.0
 10
-3112.1424
 20
-930.8103
 30
0.0
 10
-3112.0039
 20
-930.7649
 30
0.0
 10
-3111.8631
 20
-930.7261
 30
0.0
 10
-3111.7204
 20
-930.6952
 30
0.0
 10
-3111.3369
 20
-930.6123
 30
0.0
 10
-3110.929
 20
-930.5767
 30
0.0
 10
-3110.5366
 20
-930.5787
 30
0.0
 10
-3110.4278
 20
-930.5793
 30
0.0
 10
-3108.8654
 20
-930.6692
 30
0.0
 10
-3108.8135
 20
-930.6803
 30
0.0
 10
-3108.3961
 20
-930.7692
 30
0.0
 10
-3107.9066
 20
-930.8424
 30
0.0
 10
-3107.4808
 20
-930.7962
 30
0.0
 10
-3107.1413
 20
-930.7592
 30
0.0
 10
-3106.7505
 20
-930.6206
 30
0.0
 10
-3106.5814
 20
-930.3043
 30
0.0
 10
-3106.4095
 20
-929.9827
 30
0.0
 10
-3106.5563
 20
-929.6505
 30
0.0
 10
-3106.8324
 20
-929.4447
 30
0.0
 10
-3106.9194
 20
-929.3799
 30
0.0
 10
-3107.0132
 20
-929.3284
 30
0.0
 10
-3107.1101
 20
-929.2825
 30
0.0
 10
-3106.9052
 20
-929.2279
 30
0.0
 10
-3106.7016
 20
-929.1714
 30
0.0
 10
-3106.5014
 20
-929.0972
 30
0.0
 10
-3105.9952
 20
-928.9096
 30
0.0
 10
-3105.5219
 20
-928.6482
 30
0.0
 10
-3105.1252
 20
-928.2819
 30
0.0
 10
-3104.6941
 20
-927.884
 30
0.0
 10
-3104.33
 20
-927.349
 30
0.0
 10
-3104.0599
 20
-926.8324
 30
0.0
 10
-3103.8776
 20
-926.4839
 30
0.0
 10
-3103.6859
 20
-926.0438
 30
0.0
 10
-3103.6661
 20
-925.6486
 30
0.0
 10
-3103.6476
 20
-925.2766
 30
0.0
 10
-3103.8246
 20
-924.8838
 30
0.0
 10
-3104.2568
 20
-924.8948
 30
0.0
 10
-3104.5197
 20
-924.9016
 30
0.0
 10
-3104.8431
 20
-925.1091
 30
0.0
 10
-3105.0884
 20
-925.2078
 30
0.0
 10
-3105.4548
 20
-925.355
 30
0.0
 10
-3105.862
 20
-925.4383
 30
0.0
 10
-3106.2506
 20
-925.5057
 30
0.0
 10
-3106.7586
 20
-925.5939
 30
0.0
 10
-3107.2709
 20
-925.6567
 30
0.0
 10
-3107.7834
 20
-925.7128
 30
0.0
 10
-3107.9588
 20
-925.732
 30
0.0
 10
-3108.181
 20
-925.7651
 30
0.0
 10
-3108.375
 20
-925.7697
 30
0.0
 10
-3108.2868
 20
-925.5182
 30
0.0
 10
-3108.1805
 20
-925.2749
 30
0.0
 10
-3108.114
 20
-925.0146
 30
0.0
 10
-3108.0306
 20
-924.6887
 30
0.0
 10
-3107.9693
 20
-924.2413
 30
0.0
 10
-3108.0657
 20
-923.9151
 30
0.0
 10
-3108.1854
 20
-923.5104
 30
0.0
 10
-3108.5619
 20
-923.32
 30
0.0
 10
-3108.956
 20
-923.498
 30
0.0
 10
-3109.2623
 20
-923.6364
 30
0.0
 10
-3109.5509
 20
-923.9927
 30
0.0
 10
-3109.755
 20
-924.2533
 30
0.0
 10
-3110.0211
 20
-924.5929
 30
0.0
 10
-3110.2657
 20
-924.948
 30
0.0
 10
-3110.5295
 20
-925.2891
 30
0.0
 10
-3110.7174
 20
-925.5319
 30
0.0
 10
-3110.8622
 20
-925.6949
 30
0.0
 10
-3111.1389
 20
-925.8413
 30
0.0
 10
-3111.5037
 20
-926.0344
 30
0.0
 10
-3111.9067
 20
-926.1599
 30
0.0
 10
-3112.2876
 20
-926.3193
 30
0.0
 10
-3112.5036
 20
-926.4098
 30
0.0
 10
-3112.7897
 20
-926.5744
 30
0.0
 10
-3113.0196
 20
-926.6357
 30
0.0
 10
-3113.0224
 20
-926.6194
 30
0.0
 10
-3113.0245
 20
-926.6042
 30
0.0
 10
-3113.0256
 20
-926.5943
 30
0.0
 10
-3113.0707
 20
-926.2007
 30
0.0
 10
-3112.9716
 20
-925.638
 30
0.0
 10
-3112.8799
 20
-925.2511
 30
0.0
 10
-3112.7657
 20
-924.7686
 30
0.0
 10
-3112.585
 20
-924.2627
 30
0.0
 10
-3112.3027
 20
-923.8503
 30
0.0
 10
-3112.0219
 20
-923.44
 30
0.0
 10
-3111.6458
 20
-923.154
 30
0.0
 10
-3111.2255
 20
-922.8945
 30
0.0
 10
-3110.6454
 20
-922.5365
 30
0.0
 10
-3110.0257
 20
-922.2397
 30
0.0
 10
-3109.4118
 20
-921.9436
 30
0.0
 10
-3108.7369
 20
-921.6182
 30
0.0
 10
-3108.042
 20
-921.293
 30
0.0
 10
-3107.486
 20
-920.7828
 30
0.0
 10
-3106.9874
 20
-920.3253
 30
0.0
 10
-3106.5571
 20
-919.6722
 30
0.0
 10
-3106.3498
 20
-919.0306
 30
0.0
 10
-3106.2082
 20
-918.5924
 30
0.0
 10
-3106.1212
 20
-917.9417
 30
0.0
 10
-3106.5593
 20
-917.6346
 30
0.0
 10
-3106.9329
 20
-917.3725
 30
0.0
 10
-3107.4576
 20
-917.5474
 30
0.0
 10
-3107.8104
 20
-917.7616
 30
0.0
 10
-3108.1629
 20
-917.9754
 30
0.0
 10
-3108.4538
 20
-918.2863
 30
0.0
 10
-3108.7047
 20
-918.608
 30
0.0
 10
-3108.9096
 20
-918.8707
 30
0.0
 10
-3109.0884
 20
-919.1515
 30
0.0
 10
-3109.2864
 20
-919.4189
 30
0.0
 10
-3109.4426
 20
-919.6301
 30
0.0
 10
-3109.6032
 20
-919.7969
 30
0.0
 10
-3109.8106
 20
-919.9597
 30
0.0
 10
-3109.9191
 20
-920.0448
 30
0.0
 10
-3110.0638
 20
-920.1511
 30
0.0
 10
-3110.2088
 20
-920.2399
 30
0.0
 10
-3110.0997
 20
-920.0305
 30
0.0
 10
-3109.9761
 20
-919.8274
 30
0.0
 10
-3109.866
 20
-919.6189
 30
0.0
 10
-3109.6296
 20
-919.1707
 30
0.0
 10
-3109.4237
 20
-918.7087
 30
0.0
 10
-3109.2591
 20
-918.2299
 30
0.0
 10
-3108.8536
 20
-917.0506
 30
0.0
 10
-3108.6049
 20
-915.6974
 30
0.0
 10
-3108.501
 20
-914.4564
 30
0.0
 10
-3108.4287
 20
-913.5917
 30
0.0
 10
-3108.4453
 20
-912.7446
 30
0.0
 10
-3108.6416
 20
-911.8956
 30
0.0
 10
-3108.7465
 20
-911.4418
 30
0.0
 10
-3108.9139
 20
-910.8863
 30
0.0
 10
-3109.1623
 20
-910.4903
 30
0.0
 10
-3109.3933
 20
-910.1224
 30
0.0
 10
-3109.7919
 20
-909.9636
 30
0.0
 10
-3110.0933
 20
-910.3636
 30
0.0
 10
-3110.2803
 20
-910.6118
 30
0.0
 10
-3110.4096
 20
-911.0508
 30
0.0
 10
-3110.5099
 20
-911.3483
 30
0.0
 10
-3110.7105
 20
-911.9439
 30
0.0
 10
-3110.911
 20
-912.54
 30
0.0
 10
-3111.1662
 20
-913.1155
 30
0.0
 10
-3111.4716
 20
-913.8042
 30
0.0
 10
-3111.846
 20
-914.463
 30
0.0
 10
-3112.2393
 20
-915.1058
 30
0.0
 10
-3112.6291
 20
-915.7431
 30
0.0
 10
-3113.0397
 20
-916.3679
 30
0.0
 10
-3113.4617
 20
-916.9848
 30
0.0
 10
-3113.6145
 20
-917.2081
 30
0.0
 10
-3113.7683
 20
-917.4309
 30
0.0
 10
-3113.9254
 20
-917.6512
 30
0.0
 10
-3113.9179
 20
-917.4845
 30
0.0
 10
-3113.917
 20
-917.3175
 30
0.0
 10
-3113.927
 20
-917.1508
 30
0.0
 10
-3113.9501
 20
-916.7621
 30
0.0
 10
-3114.0394
 20
-916.3189
 30
0.0
 10
-3114.2224
 20
-915.972
 30
0.0
 10
-3114.3603
 20
-915.7106
 30
0.0
 10
-3114.5656
 20
-915.4927
 30
0.0
 10
-3114.8605
 20
-915.4125
 30
0.0
 10
-3115.1588
 20
-915.3313
 30
0.0
 10
-3115.4258
 20
-915.431
 30
0.0
 10
-3115.6294
 20
-915.6536
 30
0.0
 10
-3115.8583
 20
-915.9034
 30
0.0
 10
-3116.0023
 20
-916.2812
 30
0.0
 10
-3116.0885
 20
-916.6038
 30
0.0
 10
-3116.2193
 20
-917.094
 30
0.0
 10
-3116.2718
 20
-917.6133
 30
0.0
 10
-3116.3126
 20
-918.1176
 30
0.0
 10
-3116.3593
 20
-918.6946
 30
0.0
 10
-3116.3753
 20
-919.2824
 30
0.0
 10
-3116.485
 20
-919.8519
 30
0.0
 10
-3116.5609
 20
-920.2454
 30
0.0
 10
-3116.6927
 20
-920.6157
 30
0.0
 10
-3116.8825
 20
-920.9694
 30
0.0
 10
-3116.894
 20
-920.9908
 30
0.0
 10
-3116.9058
 20
-921.0123
 30
0.0
 10
-3116.9179
 20
-921.0338
 30
0.0
 10
-3116.948
 20
-920.8918
 30
0.0
 10
-3116.9694
 20
-920.7469
 30
0.0
 10
-3116.9859
 20
-920.6059
 30
0.0
 10
-3117.02
 20
-920.3127
 30
0.0
 10
-3117.0322
 20
-919.9976
 30
0.0
 10
-3116.983
 20
-919.7055
 30
0.0
 10
-3116.9341
 20
-919.4156
 30
0.0
 10
-3116.8096
 20
-919.1368
 30
0.0
 10
-3116.7975
 20
-918.8398
 30
0.0
 10
-3116.7839
 20
-918.5064
 30
0.0
 10
-3116.947
 20
-918.1775
 30
0.0
 10
-3117.285
 20
-918.074
 30
0.0
 10
-3117.7067
 20
-917.9449
 30
0.0
 10
-3118.0543
 20
-918.268
 30
0.0
 10
-3118.2618
 20
-918.593
 30
0.0
 10
-3118.5664
 20
-919.0702
 30
0.0
 10
-3118.7972
 20
-919.7563
 30
0.0
 10
-3118.8922
 20
-920.3122
 30
0.0
 10
-3118.9969
 20
-920.9245
 30
0.0
 10
-3118.9499
 20
-921.5016
 30
0.0
 10
-3118.8269
 20
-922.1067
 30
0.0
 10
-3118.7264
 20
-922.6014
 30
0.0
 10
-3118.5562
 20
-923.1067
 30
0.0
 10
-3118.5139
 20
-923.6087
 30
0.0
 10
-3118.4905
 20
-923.8856
 30
0.0
 10
-3118.5315
 20
-924.098
 30
0.0
 10
-3118.6552
 20
-924.3472
 30
0.0
 10
-3118.7625
 20
-924.5634
 30
0.0
 10
-3118.9029
 20
-924.7625
 30
0.0
 10
-3119.0359
 20
-924.9636
 30
0.0
 10
-3119.2574
 20
-925.2985
 30
0.0
 10
-3119.4648
 20
-925.6406
 30
0.0
 10
-3119.638
 20
-926.0028
 30
0.0
 10
-3119.7192
 20
-926.1726
 30
0.0
 10
-3119.794
 20
-926.3456
 30
0.0
 10
-3119.8641
 20
-926.5202
 30
0.0
 10
-3119.9473
 20
-926.0124
 30
0.0
 10
-3120.0477
 20
-925.5074
 30
0.0
 10
-3120.1591
 20
-925.0048
 30
0.0
 10
-3120.297
 20
-924.3831
 30
0.0
 10
-3120.4645
 20
-923.7823
 30
0.0
 10
-3120.7221
 20
-923.1974
 30
0.0
 10
-3121.0168
 20
-922.5289
 30
0.0
 10
-3121.3975
 20
-921.8718
 30
0.0
 10
-3121.8195
 20
-921.274
 30
0.0
 10
-3122.0704
 20
-920.9185
 30
0.0
 10
-3122.4541
 20
-920.4181
 30
0.0
 10
-3122.8469
 20
-920.2185
 30
0.0
 10
-3123.2604
 20
-920.0085
 30
0.0
 10
-3123.6672
 20
-920.164
 30
0.0
 10
-3123.8025
 20
-920.61
 30
0.0
 10
-3123.9118
 20
-920.9706
 30
0.0
 10
-3123.8329
 20
-921.4788
 30
0.0
 10
-3123.7614
 20
-921.845
 30
0.0
 10
-3123.7041
 20
-922.1388
 30
0.0
 10
-3123.6318
 20
-922.4291
 30
0.0
 10
-3123.5569
 20
-922.7189
 30
0.0
 10
-3123.6358
 20
-922.6471
 30
0.0
 10
-3123.7125
 20
-922.5731
 30
0.0
 10
-3123.7849
 20
-922.4955
 30
0.0
 10
-3123.946
 20
-922.323
 30
0.0
 10
-3124.0592
 20
-922.1456
 30
0.0
 10
-3124.1543
 20
-921.9307
 30
0.0
 10
-3124.2509
 20
-921.7122
 30
0.0
 10
-3124.335
 20
-921.4628
 30
0.0
 10
-3124.3697
 20
-921.2264
 30
0.0
 10
-3124.3989
 20
-921.028
 30
0.0
 10
-3124.3833
 20
-920.8324
 30
0.0
 10
-3124.3728
 20
-920.6334
 30
0.0
 10
-3124.3597
 20
-920.3815
 30
0.0
 10
-3124.3609
 20
-920.1112
 30
0.0
 10
-3124.5397
 20
-919.9101
 30
0.0
 10
-3124.7502
 20
-919.6736
 30
0.0
 10
-3125.097
 20
-919.653
 30
0.0
 10
-3125.3804
 20
-919.7546
 30
0.0
 10
-3125.7074
 20
-919.8718
 30
0.0
 10
-3125.9558
 20
-920.1363
 30
0.0
 10
-3126.0553
 20
-920.4655
 30
0.0
 10
-3126.123
 20
-920.6893
 30
0.0
 10
-3126.1262
 20
-920.9459
 30
0.0
 10
-3126.1067
 20
-921.1883
 30
0.0
 10
-3126.2334
 20
-921.125
 30
0.0
 10
-3126.3598
 20
-921.0601
 30
0.0
 10
-3126.4887
 20
-921.0066
 30
0.0
 10
-3126.9644
 20
-920.8089
 30
0.0
 10
-3127.5043
 20
-920.6351
 30
0.0
 10
-3128.0184
 20
-920.5792
 30
0.0
 10
-3128.4217
 20
-920.5352
 30
0.0
 10
-3128.9945
 20
-920.5585
 30
0.0
 10
-3129.3341
 20
-920.7997
 30
0.0
 10
-3129.7685
 20
-921.1082
 30
0.0
 10
-3129.5958
 20
-921.5693
 30
0.0
 10
-3129.3834
 20
-921.9488
 30
0.0
 10
-3129.0668
 20
-922.5145
 30
0.0
 10
-3128.6593
 20
-923.049
 30
0.0
 10
-3128.2597
 20
-923.5597
 30
0.0
 10
-3127.7561
 20
-924.2034
 30
0.0
 10
-3127.2271
 20
-924.8273
 30
0.0
 10
-3126.6914
 20
-925.4449
 30
0.0
 10
-3126.5164
 20
-925.6466
 30
0.0
 10
-3126.3368
 20
-925.8443
 30
0.0
 10
-3126.1607
 20
-926.0451
 30
0.0
 10
-3126.3377
 20
-926.01
 30
0.0
 10
-3126.515
 20
-925.9762
 30
0.0
 10
-3126.6942
 20
-925.9521
 30
0.0
 10
-3127.0542
 20
-925.9038
 30
0.0
 10
-3127.6008
 20
-925.8571
 30
0.0
 10
-3127.9376
 20
-926.0018
 30
0.0
 10
-3128.2997
 20
-926.1574
 30
0.0
 10
-3128.4291
 20
-926.5401
 30
0.0
 10
-3128.2513
 20
-926.885
 30
0.0
 10
-3128.0892
 20
-927.1995
 30
0.0
 10
-3127.7544
 20
-927.3022
 30
0.0
 10
-3127.4268
 20
-927.3549
 30
0.0
 10
-3126.9481
 20
-927.432
 30
0.0
 10
-3126.4634
 20
-927.4488
 30
0.0
 10
-3125.9918
 20
-927.5694
 30
0.0
 10
-3125.492
 20
-927.6972
 30
0.0
 10
-3124.9794
 20
-927.9286
 30
0.0
 10
-3124.5518
 20
-928.2142
 30
0.0
 10
-3124.1935
 20
-928.4535
 30
0.0
 10
-3123.9079
 20
-928.7355
 30
0.0
 10
-3123.6487
 20
-929.0765
 30
0.0
 10
-3123.5055
 20
-929.265
 30
0.0
 10
-3123.3545
 20
-929.4783
 30
0.0
 10
-3123.2331
 20
-929.6933
 30
0.0
 10
-3123.6216
 20
-929.6397
 30
0.0
 10
-3124.0026
 20
-929.5745
 30
0.0
 10
-3124.3997
 20
-929.562
 30
0.0
 10
-3125.0993
 20
-929.5397
 30
0.0
 10
-3125.9615
 20
-929.5923
 30
0.0
 10
-3126.6332
 20
-929.7889
 30
0.0
 10
-3127.1467
 20
-929.9393
 30
0.0
 10
-3127.6087
 20
-930.2171
 30
0.0
 10
-3127.7544
 20
-930.7593
 30
0.0
 10
-3127.8539
 20
-931.1305
 30
0.0
 10
-3127.7811
 20
-931.5475
 30
0.0
 10
-3127.6366
 20
-931.8978
 30
0.0
 10
-3127.5891
 20
-932.0131
 30
0.0
 10
-3127.4466
 20
-932.2399
 30
0.0
 10
-3127.3991
 20
-932.3675
 30
0.0
 10
-3127.4513
 20
-932.4082
 30
0.0
 10
-3127.552
 20
-932.4657
 30
0.0
 10
-3127.5894
 20
-932.4859
 30
0.0
 10
-3127.9828
 20
-932.6978
 30
0.0
 10
-3128.4237
 20
-932.8616
 30
0.0
 10
-3128.8461
 20
-933.0079
 30
0.0
 10
-3129.2865
 20
-933.1604
 30
0.0
 10
-3129.7353
 20
-933.2879
 30
0.0
 10
-3130.1868
 20
-933.404
 30
0.0
 10
-3130.4933
 20
-933.4829
 30
0.0
 10
-3130.9902
 20
-933.5834
 30
0.0
 10
-3131.2301
 20
-933.7855
 30
0.0
 10
-3131.607
 20
-934.1031
 30
0.0
 10
-3131.4088
 20
-934.5202
 30
0.0
 10
-3131.1139
 20
-934.8048
 30
0.0
 10
-3130.6963
 20
-935.2079
 30
0.0
 10
-3130.1444
 20
-935.4101
 30
0.0
 10
-3129.5758
 20
-935.495
 30
0.0
 10
-3128.7116
 20
-935.624
 30
0.0
 10
-3127.7009
 20
-935.5487
 30
0.0
 10
-3126.8344
 20
-935.4422
 30
0.0
 10
-3126.1639
 20
-935.3598
 30
0.0
 10
-3125.5056
 20
-935.2065
 30
0.0
 10
-3124.8364
 20
-935.1182
 30
0.0
 10
-3124.7927
 20
-935.1125
 30
0.0
 10
-3124.7176
 20
-935.1033
 30
0.0
 10
-3124.6519
 20
-935.1002
 30
0.0
 10
-3124.6559
 20
-935.161
 30
0.0
 10
-3124.6652
 20
-935.2277
 30
0.0
 10
-3124.6689
 20
-935.275
 30
0.0
 10
-3124.6982
 20
-935.646
 30
0.0
 10
-3124.5131
 20
-935.8857
 30
0.0
 10
-3124.1273
 20
-935.9003
 30
0.0
 10
-3123.7736
 20
-935.9137
 30
0.0
 10
-3123.2923
 20
-935.7625
 30
0.0
 10
-3122.9844
 20
-935.5925
 30
0.0
 10
-3122.5779
 20
-935.368
 30
0.0
 10
-3122.3031
 20
-935.0348
 30
0.0
 10
-3122.0748
 20
-934.6403
 30
0.0
 10
-3121.8368
 20
-934.2291
 30
0.0
 10
-3121.6596
 20
-933.7883
 30
0.0
 10
-3121.4527
 20
-933.3619
 30
0.0
 10
-3121.2932
 20
-933.0334
 30
0.0
 10
-3121.3447
 20
-932.9532
 30
0.0
 10
-3121.1829
 20
-932.6258
 30
0.0
 10
-3121.0552
 20
-932.3675
 30
0.0
 10
-3120.9547
 20
-932.0629
 30
0.0
 10
-3121.2189
 20
-931.8446
 30
0.0
 10
-3121.6079
 20
-931.5234
 30
0.0
 10
-3122.613
 20
-931.9546
 30
0.0
 10
-3122.9755
 20
-932.1995
 30
0.0
 10
-3123.4211
 20
-932.5006
 30
0.0
 10
-3123.8416
 20
-932.8387
 30
0.0
 10
-3124.3032
 20
-933.1161
 30
0.0
 10
-3124.7346
 20
-933.3754
 30
0.0
 10
-3125.2249
 20
-933.6039
 30
0.0
 10
-3125.7143
 20
-933.7302
 30
0.0
 10
-3126.098
 20
-933.8293
 30
0.0
 10
-3126.4739
 20
-933.8499
 30
0.0
 10
-3126.8684
 20
-933.8477
 30
0.0
 10
-3126.9953
 20
-933.847
 30
0.0
 10
-3127.1243
 20
-933.8461
 30
0.0
 10
-3127.2533
 20
-933.841
 30
0.0
 10
-3127.1632
 20
-933.8039
 30
0.0
 10
-3127.0737
 20
-933.7651
 30
0.0
 10
-3126.9851
 20
-933.7241
 30
0.0
 10
-3126.4477
 20
-933.4764
 30
0.0
 10
-3125.9302
 20
-933.1813
 30
0.0
 10
-3125.4272
 20
-932.8714
 30
0.0
 10
-3124.8854
 20
-932.5375
 30
0.0
 10
-3124.361
 20
-932.1692
 30
0.0
 10
-3123.7966
 20
-931.8728
 30
0.0
 10
-3122.8937
 20
-931.3988
 30
0.0
 10
-3123.0031
 20
-931.3631
 30
0.0
 10
-3121.9453
 20
-931.1865
 30
0.0
 10
-3121.7248
 20
-931.1806
 30
0.0
 10
-3121.4103
 20
-931.2012
 30
0.0
 10
-3121.2111
 20
-931.1062
 30
0.0
 10
-3120.8396
 20
-930.929
 30
0.0
 10
-3120.9282
 20
-930.5508
 30
0.0
 10
-3121.0481
 20
-930.2459
 30
0.0
 10
-3121.2275
 20
-929.79
 30
0.0
 10
-3121.2905
 20
-929.5331
 30
0.0
 10
-3121.5492
 20
-929.1169
 30
0.0
 10
-3121.9806
 20
-928.4229
 30
0.0
 10
-3122.4647
 20
-927.758
 30
0.0
 10
-3122.9706
 20
-927.1155
 30
0.0
 10
-3123.511
 20
-926.4292
 30
0.0
 10
-3124.0889
 20
-925.7732
 30
0.0
 10
-3124.6779
 20
-925.1275
 30
0.0
 10
-3125.2794
 20
-924.468
 30
0.0
 10
-3125.89
 20
-923.8163
 30
0.0
 10
-3126.5142
 20
-923.1778
 30
0.0
 10
-3126.7267
 20
-922.9604
 30
0.0
 10
-3126.9447
 20
-922.7482
 30
0.0
 10
-3127.1599
 20
-922.5334
 30
0.0
 10
-3126.8342
 20
-922.6907
 30
0.0
 10
-3126.5159
 20
-922.8619
 30
0.0
 10
-3126.2052
 20
-923.0496
 30
0.0
 10
-3125.486
 20
-923.4845
 30
0.0
 10
-3124.7958
 20
-923.9863
 30
0.0
 10
-3124.1579
 20
-924.5312
 30
0.0
 10
-3123.5583
 20
-925.0431
 30
0.0
 10
-3122.9912
 20
-925.6086
 30
0.0
 10
-3122.4956
 20
-926.2201
 30
0.0
 10
-3122.1427
 20
-926.6557
 30
0.0
 10
-3121.8449
 20
-927.1166
 30
0.0
 10
-3121.5745
 20
-927.6058
 30
0.0
 10
-3121.3371
 20
-928.0354
 30
0.0
 10
-3121.1131
 20
-928.4741
 30
0.0
 10
-3120.9226
 20
-928.9262
 30
0.0
 10
-3120.7505
 20
-929.3345
 30
0.0
 10
-3120.6169
 20
-929.7529
 30
0.0
 10
-3120.503
 20
-930.1804
 30
0.0
 10
-3120.3775
 20
-930.6516
 30
0.0
 10
-3120.2589
 20
-931.1345
 30
0.0
 10
-3120.1939
 20
-931.618
 30
0.0
 10
-3120.1474
 20
-931.9642
 30
0.0
 10
-3120.1671
 20
-932.2229
 30
0.0
 10
-3120.2307
 20
-932.5643
 30
0.0
 10
-3120.315
 20
-933.0172
 30
0.0
 10
-3120.4274
 20
-933.4814
 30
0.0
 10
-3120.6049
 20
-933.9081
 30
0.0
 10
-3120.7668
 20
-934.2973
 30
0.0
 10
-3120.9955
 20
-934.6648
 30
0.0
 10
-3121.2784
 20
-934.9795
 30
0.0
 10
-3121.5037
 20
-935.23
 30
0.0
 10
-3121.7664
 20
-935.4373
 30
0.0
 10
-3122.0214
 20
-935.6563
 30
0.0
 10
-3122.2026
 20
-935.8118
 30
0.0
 10
-3122.3953
 20
-935.9883
 30
0.0
 10
-3122.532
 20
-936.1841
 30
0.0
 10
-3122.8846
 20
-936.6889
 30
0.0
 10
-3122.3859
 20
-936.9296
 30
0.0
 10
-3121.9517
 20
-936.9981
 30
0.0
 10
-3121.3138
 20
-937.0986
 30
0.0
 10
-3120.6626
 20
-937.1213
 30
0.0
 10
-3120.0189
 20
-937.1683
 30
0.0
 10
-3119.7097
 20
-937.1908
 30
0.0
 10
-3119.2682
 20
-937.2682
 30
0.0
 10
-3118.9938
 20
-937.0961
 30
0.0
 10
-3118.6431
 20
-936.8763
 30
0.0
 10
-3118.5937
 20
-936.3952
 30
0.0
 10
-3118.5781
 20
-936.0227
 30
0.0
 10
-3118.5495
 20
-935.339
 30
0.0
 10
-3118.6089
 20
-934.6437
 30
0.0
 10
-3118.6608
 20
-933.9619
 30
0.0
 10
-3118.6765
 20
-933.7554
 30
0.0
 10
-3118.7459
 20
-933.1714
 30
0.0
 10
-3118.6858
 20
-932.9959
 30
0.0
 10
-3118.652
 20
-932.8972
 30
0.0
 10
-3118.4381
 20
-932.7429
 30
0.0
 10
-3118.3581
 20
-932.6692
 30
0.0
 10
-3118.1262
 20
-932.4558
 30
0.0
 10
-3117.8833
 20
-932.1559
 30
0.0
 10
-3117.8503
 20
-931.8339
 30
0.0
 10
-3117.8157
 20
-931.4964
 30
0.0
 10
-3118.0114
 20
-931.2267
 30
0.0
 10
-3118.2184
 20
-930.9817
 30
0.0
 10
-3118.3659
 20
-930.8071
 30
0.0
 10
-3118.5167
 20
-930.6399
 30
0.0
 10
-3118.6065
 20
-930.4272
 30
0.0
 10
-3118.7196
 20
-930.16
 30
0.0
 10
-3118.7571
 20
-929.8209
 30
0.0
 10
-3118.7781
 20
-929.5333
 30
0.0
 10
-3118.8083
 20
-929.1163
 30
0.0
 10
-3118.7924
 20
-928.7138
 30
0.0
 10
-3118.7072
 20
-928.3034
 30
0.0
 10
-3118.5854
 20
-927.7156
 30
0.0
 10
-3118.3429
 20
-927.1436
 30
0.0
 10
-3118.0652
 20
-926.6122
 30
0.0
 10
-3117.6617
 20
-925.84
 30
0.0
 10
-3117.1739
 20
-925.1084
 30
0.0
 10
-3116.6791
 20
-924.3913
 30
0.0
 10
-3116.0922
 20
-923.5406
 30
0.0
 10
-3115.4737
 20
-922.712
 30
0.0
 10
-3114.828
 20
-921.9042
 30
0.0
 10
-3114.0282
 20
-920.9038
 30
0.0
 10
-3113.1931
 20
-919.9268
 30
0.0
 10
-3112.4859
 20
-918.8581
 30
0.0
 10
-3111.8774
 20
-917.9385
 30
0.0
 10
-3111.392
 20
-916.9584
 30
0.0
 10
-3110.9249
 20
-915.9634
 30
0.0
 10
-3110.8413
 20
-915.7853
 30
0.0
 10
-3110.7588
 20
-915.6054
 30
0.0
 10
-3110.6737
 20
-915.4269
 30
0.0
 10
-3110.7927
 20
-916.1876
 30
0.0
 10
-3110.999
 20
-916.9717
 30
0.0
 10
-3111.2408
 20
-917.6939
 30
0.0
 10
-3111.4851
 20
-918.4234
 30
0.0
 10
-3111.8174
 20
-919.1041
 30
0.0
 10
-3112.1623
 20
-919.7906
 30
0.0
 10
-3112.5434
 20
-920.5489
 30
0.0
 10
-3112.9269
 20
-921.3075
 30
0.0
 10
-3113.3952
 20
-922.0181
 30
0.0
 10
-3113.9327
 20
-922.834
 30
0.0
 10
-3114.5649
 20
-923.5853
 30
0.0
 10
-3115.1662
 20
-924.3549
 30
0.0
 10
-3115.8558
 20
-925.2375
 30
0.0
 10
-3116.536
 20
-926.1426
 30
0.0
 10
-3117.1015
 20
-927.1091
 30
0.0
 10
-3117.5294
 20
-927.8408
 30
0.0
 10
-3117.4785
 20
-927.9328
 30
0.0
 10
-3117.7323
 20
-928.7407
 30
0.0
 10
-3117.8422
 20
-929.0907
 30
0.0
 10
-3117.9873
 20
-929.6003
 30
0.0
 10
-3117.8834
 20
-929.96
 30
0.0
 10
-3117.7477
 20
-930.4297
 30
0.0
 10
-3117.3133
 20
-930.4572
 30
0.0
 10
-3116.936
 20
-930.2424
 30
0.0
 10
-3116.5438
 20
-930.019
 30
0.0
 10
-3116.1786
 20
-929.668
 30
0.0
 10
-3115.8322
 20
-929.3785
 30
0.0
 10
-3115.3796
 20
-929.0002
 30
0.0
 10
-3113.5117
 20
-928.352
 30
0.0
 10
-3112.9251
 20
-928.1063
 30
0.0
 10
-3112.3366
 20
-927.8598
 30
0.0
 10
-3111.7284
 20
-927.6687
 30
0.0
 10
-3111.1215
 20
-927.4726
 30
0.0
 10
-3110.6715
 20
-927.327
 30
0.0
 10
-3110.2221
 20
-927.1583
 30
0.0
 10
-3109.7596
 20
-927.0553
 30
0.0
 10
-3109.4024
 20
-926.9757
 30
0.0
 10
-3109.0692
 20
-926.9783
 30
0.0
 10
-3108.706
 20
-926.9907
 30
0.0
 10
-3108.138
 20
-927.01
 30
0.0
 10
-3107.5681
 20
-927.043
 30
0.0
 10
-3107.0004
 20
-926.9988
 30
0.0
 10
-3106.7885
 20
-926.9824
 30
0.0
 10
-3106.5806
 20
-926.953
 30
0.0
 10
-3106.3741
 20
-926.9145
 30
0.0
 10
-3106.4046
 20
-926.9331
 30
0.0
 10
-3106.4352
 20
-926.9513
 30
0.0
 10
-3106.4658
 20
-926.9691
 30
0.0
 10
-3106.8676
 20
-927.2029
 30
0.0
 10
-3107.3113
 20
-927.4049
 30
0.0
 10
-3107.7471
 20
-927.5685
 30
0.0
 10
-3108.1705
 20
-927.7274
 30
0.0
 10
-3108.5968
 20
-927.8185
 30
0.0
 10
-3109.0407
 20
-927.8995
 30
0.0
 10
-3109.8302
 20
-928.0434
 30
0.0
 10
-3110.6205
 20
-928.1824
 30
0.0
 10
-3111.4013
 20
-928.3683
 30
0.0
 10
-3113.1019
 20
-928.826
 30
0.0
 10
-3115.5028
 20
-930.3409
 30
0.0
 10
-3116.0799
 20
-930.8059
 30
0.0
 10
-3116.6306
 20
-931.2494
 30
0.0
 10
-3117.0562
 20
-932.0759
 30
0.0
 10
-3116.951
 20
-932.7916
 30
0.0
  0
SPLINE
  5
91
330
1F
100
AcDbEntity
  8
Layer 1
 62
     1
370
     9
100
AcDbSpline
210
0.0
220
0.0
230
1.0
 70
    11
 71
     3
 72
    68
 73
    64
 74
     0
 42
0.0000000001
 43
0.0000000001
 40
0.0
 40
0.0
 40
0.0
 40
0.0
 40
0.0476190476190476
 40
0.0476190476190476
 40
0.0476190476190476
 40
0.0952380952380952
 40
0.0952380952380952
 40
0.0952380952380952
 40
0.1428571428571428
 40
0.1428571428571428
 40
0.1428571428571428
 40
0.1904761904761905
 40
0.1904761904761905
 40
0.1904761904761905
 40
0.2380952380952381
 40
0.2380952380952381
 40
0.2380952380952381
 40
0.2857142857142857
 40
0.2857142857142857
 40
0.2857142857142857
 40
0.3333333333333333
 40
0.3333333333333333
 40
0.3333333333333333
 40
0.3809523809523809
 40
0.3809523809523809
 40
0.3809523809523809
 40
0.4285714285714285
 40
0.4285714285714285
 40
0.4285714285714285
 40
0.4761904761904762
 40
0.4761904761904762
 40
0.4761904761904762
 40
0.5238095238095237
 40
0.5238095238095237
 40
0.5238095238095237
 40
0.5714285714285714
 40
0.5714285714285714
 40
0.5714285714285714
 40
0.6190476190476191
 40
0.6190476190476191
 40
0.6190476190476191
 40
0.6666666666666666
 40
0.6666666666666666
 40
0.6666666666666666
 40
0.7142857142857142
 40
0.7142857142857142
 40
0.7142857142857142
 40
0.7619047619047619
 40
0.7619047619047619
 40
0.7619047619047619
 40
0.8095238095238095
 40
0.8095238095238095
 40
0.8095238095238095
 40
0.8571428571428571
 40
0.8571428571428571
 40
0.8571428571428571
 40
0.9047619047619047
 40
0.9047619047619047
 40
0.9047619047619047
 40
0.9523809523809523
 40
0.9523809523809523
 40
0.9523809523809523
 40
1.0
 40
1.0
 40
1.0
 40
1.0
 10
-3108.038
 20
-932.6406
 30
0.0
 10
-3108.3704
 20
-932.8607
 30
0.0
 10
-3108.7244
 20
-933.3119
 30
0.0
 10
-3109.0912
 20
-933.6976
 30
0.0
 10
-3109.4579
 20
-934.0834
 30
0.0
 10
-3109.8376
 20
-934.4037
 30
0.0
 10
-3110.6625
 20
-934.878
 30
0.0
 10
-3111.4873
 20
-935.3522
 30
0.0
 10
-3112.7574
 20
-935.9804
 30
0.0
 10
-3114.1529
 20
-936.5011
 30
0.0
 10
-3115.5483
 20
-937.0218
 30
0.0
 10
-3117.0689
 20
-937.4351
 30
0.0
 10
-3118.4602
 20
-937.6872
 30
0.0
 10
-3119.8513
 20
-937.9393
 30
0.0
 10
-3121.1131
 20
-938.0303
 30
0.0
 10
-3122.0907
 20
-937.8442
 30
0.0
 10
-3123.0684
 20
-937.6583
 30
0.0
 10
-3123.7619
 20
-937.1954
 30
0.0
 10
-3124.2173
 20
-936.9185
 30
0.0
 10
-3124.6726
 20
-936.6416
 30
0.0
 10
-3124.8899
 20
-936.5507
 30
0.0
 10
-3125.0445
 20
-936.6582
 30
0.0
 10
-3125.199
 20
-936.7656
 30
0.0
 10
-3125.291
 20
-937.0714
 30
0.0
 10
-3125.3663
 20
-937.4269
 30
0.0
 10
-3125.4414
 20
-937.7823
 30
0.0
 10
-3125.4998
 20
-938.1873
 30
0.0
 10
-3125.4539
 20
-938.6625
 30
0.0
 10
-3125.4079
 20
-939.1379
 30
0.0
 10
-3125.2575
 20
-939.6833
 30
0.0
 10
-3125.0236
 20
-940.0884
 30
0.0
 10
-3124.7896
 20
-940.4935
 30
0.0
 10
-3124.4721
 20
-940.7579
 30
0.0
 10
-3124.1756
 20
-940.9604
 30
0.0
 10
-3123.8789
 20
-941.163
 30
0.0
 10
-3123.6031
 20
-941.3035
 30
0.0
 10
-3123.06
 20
-941.3985
 30
0.0
 10
-3122.5168
 20
-941.4936
 30
0.0
 10
-3121.7064
 20
-941.5432
 30
0.0
 10
-3120.3694
 20
-941.382
 30
0.0
 10
-3119.0325
 20
-941.2209
 30
0.0
 10
-3117.1692
 20
-940.8488
 30
0.0
 10
-3115.3602
 20
-940.3446
 30
0.0
 10
-3113.5511
 20
-939.8404
 30
0.0
 10
-3111.7965
 20
-939.204
 30
0.0
 10
-3110.3886
 20
-938.6088
 30
0.0
 10
-3108.9806
 20
-938.0137
 30
0.0
 10
-3107.9194
 20
-937.4599
 30
0.0
 10
-3107.3303
 20
-937.0714
 30
0.0
 10
-3106.7412
 20
-936.683
 30
0.0
 10
-3106.6243
 20
-936.4598
 30
0.0
 10
-3106.4773
 20
-936.0815
 30
0.0
 10
-3106.3301
 20
-935.7033
 30
0.0
 10
-3106.1528
 20
-935.1698
 30
0.0
 10
-3106.1177
 20
-934.6892
 30
0.0
 10
-3106.0826
 20
-934.2087
 30
0.0
 10
-3106.1896
 20
-933.7808
 30
0.0
 10
-3106.3743
 20
-933.4153
 30
0.0
 10
-3106.5589
 20
-933.0497
 30
0.0
 10
-3106.8214
 20
-932.7461
 30
0.0
 10
-3107.108
 20
-932.5888
 30
0.0
 10
-3107.3946
 20
-932.4316
 30
0.0
 10
-3107.7056
 20
-932.4206
 30
0.0
 10
-3108.038
 20
-932.6406
 30
0.0
  0
SPLINE
  5
92
330
1F
100
AcDbEntity
  8
Layer 1
 62
     1
370
     9
100
AcDbSpline
210
0.0
220
0.0
230
1.0
 70
    11
 71
     3
 72
    44
 73
    40
 74
     0
 42
0.0000000001
 43
0.0000000001
 40
0.0
 40
0.0
 40
0.0
 40
0.0
 40
0.0769230769230769
 40
0.0769230769230769
 40
0.0769230769230769
 40
0.1538461538461539
 40
0.1538461538461539
 40
0.1538461538461539
 40
0.2307692307692308
 40
0.2307692307692308
 40
0.2307692307692308
 40
0.3076923076923077
 40
0.3076923076923077
 40
0.3076923076923077
 40
0.3846153846153846
 40
0.3846153846153846
 40
0.3846153846153846
 40
0.4615384615384616
 40
0.4615384615384616
 40
0.4615384615384616
 40
0.5384615384615385
 40
0.5384615384615385
 40
0.5384615384615385
 40
0.6153846153846154
 40
0.6153846153846154
 40
0.6153846153846154
 40
0.6923076923076923
 40
0.6923076923076923
 40
0.6923076923076923
 40
0.7692307692307693
 40
0.7692307692307693
 40
0.7692307692307693
 40
0.8461538461538463
 40
0.8461538461538463
 40
0.8461538461538463
 40
0.9230769230769231
 40
0.9230769230769231
 40
0.9230769230769231
 40
1.0
 40
1.0
 40
1.0
 40
1.0
 10
-3122.7936
 20
-942.0176
 30
0.0
 10
-3121.9735
 20
-942.1096
 30
0.0
 10
-3121.1025
 20
-942.0499
 30
0.0
 10
-3120.2991
 20
-941.9531
 30
0.0
 10
-3118.607
 20
-941.7492
 30
0.0
 10
-3116.8423
 20
-941.3554
 30
0.0
 10
-3115.2024
 20
-940.8984
 30
0.0
 10
-3113.495
 20
-940.4225
 30
0.0
 10
-3111.7915
 20
-939.8274
 30
0.0
 10
-3110.16
 20
-939.1379
 30
0.0
 10
-3109.2462
 20
-938.7517
 30
0.0
 10
-3108.2185
 20
-938.2912
 30
0.0
 10
-3107.3448
 20
-937.7628
 30
0.0
 10
-3107.2784
 20
-938.6873
 30
0.0
 10
-3107.2272
 20
-939.5829
 30
0.0
 10
-3107.3736
 20
-940.1069
 30
0.0
 10
-3107.5323
 20
-940.6756
 30
0.0
 10
-3107.9233
 20
-940.8074
 30
0.0
 10
-3108.3706
 20
-940.8711
 30
0.0
 10
-3108.8178
 20
-940.9349
 30
0.0
 10
-3109.3211
 20
-940.9308
 30
0.0
 10
-3110.2509
 20
-941.1036
 30
0.0
 10
-3111.1806
 20
-941.2764
 30
0.0
 10
-3112.5367
 20
-941.6261
 30
0.0
 10
-3113.9926
 20
-942.0129
 30
0.0
 10
-3115.4486
 20
-942.3998
 30
0.0
 10
-3117.0044
 20
-942.8237
 30
0.0
 10
-3118.1484
 20
-943.2578
 30
0.0
 10
-3119.2924
 20
-943.692
 30
0.0
 10
-3120.0244
 20
-944.1364
 30
0.0
 10
-3120.7191
 20
-944.4388
 30
0.0
 10
-3121.4138
 20
-944.7413
 30
0.0
 10
-3122.0712
 20
-944.9017
 30
0.0
 10
-3122.4248
 20
-944.8318
 30
0.0
 10
-3122.7783
 20
-944.7619
 30
0.0
 10
-3122.8283
 20
-944.4615
 30
0.0
 10
-3122.838
 20
-943.9257
 30
0.0
 10
-3122.847
 20
-943.4292
 30
0.0
 10
-3122.8215
 20
-942.731
 30
0.0
 10
-3122.7936
 20
-942.0176
 30
0.0
  0
SPLINE
  5
93
330
1F
100
AcDbEntity
  8
Layer 1
 62
     5
370
     9
100
AcDbSpline
210
0.0
220
0.0
230
1.0
 70
    11
 71
     3
 72
    56
 73
    52
 74
     0
 42
0.0000000001
 43
0.0000000001
 40
0.0
 40
0.0
 40
0.0
 40
0.0
 40
0.0588235294117647
 40
0.0588235294117647
 40
0.0588235294117647
 40
0.1176470588235294
 40
0.1176470588235294
 40
0.1176470588235294
 40
0.1764705882352941
 40
0.1764705882352941
 40
0.1764705882352941
 40
0.2352941176470588
 40
0.2352941176470588
 40
0.2352941176470588
 40
0.2941176470588235
 40
0.2941176470588235
 40
0.2941176470588235
 40
0.3529411764705882
 40
0.3529411764705882
 40
0.3529411764705882
 40
0.4117647058823529
 40
0.4117647058823529
 40
0.4117647058823529
 40
0.4705882352941176
 40
0.4705882352941176
 40
0.4705882352941176
 40
0.5294117647058824
 40
0.5294117647058824
 40
0.5294117647058824
 40
0.5882352941176471
 40
0.5882352941176471
 40
0.5882352941176471
 40
0.6470588235294118
 40
0.6470588235294118
 40
0.6470588235294118
 40
0.7058823529411764
 40
0.7058823529411764
 40
0.7058823529411764
 40
0.7647058823529411
 40
0.7647058823529411
 40
0.7647058823529411
 40
0.8235294117647058
 40
0.8235294117647058
 40
0.8235294117647058
 40
0.8823529411764706
 40
0.8823529411764706
 40
0.8823529411764706
 40
0.9411764705882353
 40
0.9411764705882353
 40
0.9411764705882353
 40
1.0
 40
1.0
 40
1.0
 40
1.0
 10
-3107.7122
 20
-941.2945
 30
0.0
 10
-3107.6775
 20
-941.7988
 30
0.0
 10
-3107.6482
 20
-942.2935
 30
0.0
 10
-3107.698
 20
-942.649
 30
0.0
 10
-3107.7515
 20
-943.0307
 30
0.0
 10
-3107.8965
 20
-943.2523
 30
0.0
 10
-3108.2983
 20
-943.3052
 30
0.0
 10
-3108.6999
 20
-943.3582
 30
0.0
 10
-3109.3586
 20
-943.2428
 30
0.0
 10
-3110.1369
 20
-943.2755
 30
0.0
 10
-3110.9152
 20
-943.3083
 30
0.0
 10
-3111.8131
 20
-943.4891
 30
0.0
 10
-3112.6545
 20
-943.6994
 30
0.0
 10
-3113.4958
 20
-943.9099
 30
0.0
 10
-3114.2804
 20
-944.1498
 30
0.0
 10
-3115.0682
 20
-944.4552
 30
0.0
 10
-3115.8559
 20
-944.7608
 30
0.0
 10
-3116.6467
 20
-945.1318
 30
0.0
 10
-3117.5023
 20
-945.5853
 30
0.0
 10
-3118.3578
 20
-946.0388
 30
0.0
 10
-3119.2778
 20
-946.5749
 30
0.0
 10
-3119.793
 20
-946.9131
 30
0.0
 10
-3120.3083
 20
-947.2513
 30
0.0
 10
-3120.4185
 20
-947.3916
 30
0.0
 10
-3120.5115
 20
-947.4259
 30
0.0
 10
-3120.6044
 20
-947.4602
 30
0.0
 10
-3120.68
 20
-947.3885
 30
0.0
 10
-3120.8139
 20
-947.2201
 30
0.0
 10
-3120.9478
 20
-947.0519
 30
0.0
 10
-3121.1401
 20
-946.7869
 30
0.0
 10
-3121.2771
 20
-946.4284
 30
0.0
 10
-3121.3974
 20
-946.1136
 30
0.0
 10
-3121.4755
 20
-945.7268
 30
0.0
 10
-3121.5481
 20
-945.3311
 30
0.0
 10
-3121.1613
 20
-945.239
 30
0.0
 10
-3120.7779
 20
-945.0929
 30
0.0
 10
-3120.4848
 20
-944.9654
 30
0.0
 10
-3119.6182
 20
-944.588
 30
0.0
 10
-3118.8402
 20
-944.1366
 30
0.0
 10
-3117.9401
 20
-943.795
 30
0.0
 10
-3116.6282
 20
-943.2971
 30
0.0
 10
-3115.1996
 20
-942.9294
 30
0.0
 10
-3113.8417
 20
-942.5686
 30
0.0
 10
-3112.6318
 20
-942.2471
 30
0.0
 10
-3111.3737
 20
-941.8977
 30
0.0
 10
-3110.1436
 20
-941.6691
 30
0.0
 10
-3109.5054
 20
-941.5504
 30
0.0
 10
-3108.9143
 20
-941.5299
 30
0.0
 10
-3108.2877
 20
-941.4406
 30
0.0
 10
-3108.0776
 20
-941.4107
 30
0.0
 10
-3107.8851
 20
-941.3637
 30
0.0
 10
-3107.7122
 20
-941.2945
 30
0.0
  0
SPLINE
  5
94
330
1F
100
AcDbEntity
  8
Layer 1
 62
     1
370
     9
100
AcDbSpline
210
0.0
220
0.0
230
1.0
 70
    11
 71
     3
 72
    53
 73
    49
 74
     0
 42
0.0000000001
 43
0.0000000001
 40
0.0
 40
0.0
 40
0.0
 40
0.0
 40
0.0625
 40
0.0625
 40
0.0625
 40
0.125
 40
0.125
 40
0.125
 40
0.1875
 40
0.1875
 40
0.1875
 40
0.25
 40
0.25
 40
0.25
 40
0.3125
 40
0.3125
 40
0.3125
 40
0.375
 40
0.375
 40
0.375
 40
0.4375
 40
0.4375
 40
0.4375
 40
0.5
 40
0.5
 40
0.5
 40
0.5625
 40
0.5625
 40
0.5625
 40
0.625
 40
0.625
 40
0.625
 40
0.6875
 40
0.6875
 40
0.6875
 40
0.75
 40
0.75
 40
0.75
 40
0.8125
 40
0.8125
 40
0.8125
 40
0.875
 40
0.875
 40
0.875
 40
0.9375
 40
0.9375
 40
0.9375
 40
1.0
 40
1.0
 40
1.0
 40
1.0
 10
-3119.586
 20
-947.4732
 30
0.0
 10
-3119.5429
 20
-947.4415
 30
0.0
 10
-3119.5038
 20
-947.4138
 30
0.0
 10
-3119.4714
 20
-947.3925
 30
0.0
 10
-3118.761
 20
-946.9262
 30
0.0
 10
-3117.9791
 20
-946.4908
 30
0.0
 10
-3117.2276
 20
-946.0924
 30
0.0
 10
-3116.4571
 20
-945.684
 30
0.0
 10
-3115.6702
 20
-945.3067
 30
0.0
 10
-3114.8559
 20
-944.9909
 30
0.0
 10
-3114.0902
 20
-944.694
 30
0.0
 10
-3113.3091
 20
-944.4566
 30
0.0
 10
-3112.5119
 20
-944.2572
 30
0.0
 10
-3111.742
 20
-944.0647
 30
0.0
 10
-3110.9048
 20
-943.8837
 30
0.0
 10
-3110.1123
 20
-943.8503
 30
0.0
 10
-3109.5083
 20
-943.825
 30
0.0
 10
-3108.7866
 20
-943.9501
 30
0.0
 10
-3108.2214
 20
-943.8755
 30
0.0
 10
-3108.0968
 20
-943.859
 30
0.0
 10
-3107.9835
 20
-943.831
 30
0.0
 10
-3107.8812
 20
-943.7921
 30
0.0
 10
-3107.7112
 20
-943.8671
 30
0.0
 10
-3107.5715
 20
-943.955
 30
0.0
 10
-3107.5363
 20
-944.0846
 30
0.0
 10
-3107.4864
 20
-944.2683
 30
0.0
 10
-3107.5089
 20
-944.994
 30
0.0
 10
-3107.8759
 20
-945.1056
 30
0.0
 10
-3108.9392
 20
-945.429
 30
0.0
 10
-3110.605
 20
-945.5466
 30
0.0
 10
-3111.6721
 20
-945.8181
 30
0.0
 10
-3112.5324
 20
-946.0369
 30
0.0
 10
-3113.4719
 20
-946.3345
 30
0.0
 10
-3114.3113
 20
-946.6609
 30
0.0
 10
-3115.1508
 20
-946.9872
 30
0.0
 10
-3115.8901
 20
-947.3426
 30
0.0
 10
-3116.5498
 20
-947.737
 30
0.0
 10
-3117.2095
 20
-948.1315
 30
0.0
 10
-3117.9157
 20
-948.4413
 30
0.0
 10
-3118.4335
 20
-948.7139
 30
0.0
 10
-3118.9513
 20
-948.9865
 30
0.0
 10
-3119.4065
 20
-949.0981
 30
0.0
 10
-3119.6174
 20
-949.0693
 30
0.0
 10
-3119.8283
 20
-949.0404
 30
0.0
 10
-3119.7948
 20
-948.8709
 30
0.0
 10
-3119.7479
 20
-948.5725
 30
0.0
 10
-3119.7073
 20
-948.3138
 30
0.0
 10
-3119.6382
 20
-947.8418
 30
0.0
 10
-3119.586
 20
-947.4732
 30
0.0
  0
SPLINE
  5
95
330
1F
100
AcDbEntity
  8
Layer 1
 62
     1
370
     9
100
AcDbSpline
210
0.0
220
0.0
230
1.0
 70
    11
 71
     3
 72
    98
 73
    94
 74
     0
 42
0.0000000001
 43
0.0000000001
 40
0.0
 40
0.0
 40
0.0
 40
0.0
 40
0.032258064516129
 40
0.032258064516129
 40
0.032258064516129
 40
0.0645161290322581
 40
0.0645161290322581
 40
0.0645161290322581
 40
0.0967741935483871
 40
0.0967741935483871
 40
0.0967741935483871
 40
0.1290322580645161
 40
0.1290322580645161
 40
0.1290322580645161
 40
0.1612903225806452
 40
0.1612903225806452
 40
0.1612903225806452
 40
0.1935483870967742
 40
0.1935483870967742
 40
0.1935483870967742
 40
0.2258064516129032
 40
0.2258064516129032
 40
0.2258064516129032
 40
0.2580645161290323
 40
0.2580645161290323
 40
0.2580645161290323
 40
0.2903225806451613
 40
0.2903225806451613
 40
0.2903225806451613
 40
0.3225806451612903
 40
0.3225806451612903
 40
0.3225806451612903
 40
0.3548387096774194
 40
0.3548387096774194
 40
0.3548387096774194
 40
0.3870967741935484
 40
0.3870967741935484
 40
0.3870967741935484
 40
0.4193548387096774
 40
0.4193548387096774
 40
0.4193548387096774
 40
0.4516129032258064
 40
0.4516129032258064
 40
0.4516129032258064
 40
0.4838709677419355
 40
0.4838709677419355
 40
0.4838709677419355
 40
0.5161290322580645
 40
0.5161290322580645
 40
0.5161290322580645
 40
0.5483870967741935
 40
0.5483870967741935
 40
0.5483870967741935
 40
0.5806451612903225
 40
0.5806451612903225
 40
0.5806451612903225
 40
0.6129032258064516
 40
0.6129032258064516
 40
0.6129032258064516
 40
0.6451612903225806
 40
0.6451612903225806
 40
0.6451612903225806
 40
0.6774193548387096
 40
0.6774193548387096
 40
0.6774193548387096
 40
0.7096774193548387
 40
0.7096774193548387
 40
0.7096774193548387
 40
0.7419354838709677
 40
0.7419354838709677
 40
0.7419354838709677
 40
0.7741935483870968
 40
0.7741935483870968
 40
0.7741935483870968
 40
0.8064516129032258
 40
0.8064516129032258
 40
0.8064516129032258
 40
0.8387096774193548
 40
0.8387096774193548
 40
0.8387096774193548
 40
0.8709677419354839
 40
0.8709677419354839
 40
0.8709677419354839
 40
0.9032258064516129
 40
0.9032258064516129
 40
0.9032258064516129
 40
0.9354838709677419
 40
0.9354838709677419
 40
0.9354838709677419
 40
0.967741935483871
 40
0.967741935483871
 40
0.967741935483871
 40
1.0
 40
1.0
 40
1.0
 40
1.0
 10
-3107.8629
 20
-945.762
 30
0.0
 10
-3108.5714
 20
-945.9526
 30
0.0
 10
-3109.3064
 20
-946.0413
 30
0.0
 10
-3110.0313
 20
-946.148
 30
0.0
 10
-3110.1054
 20
-946.1589
 30
0.0
 10
-3110.165
 20
-946.1998
 30
0.0
 10
-3110.201
 20
-946.2649
 30
0.0
 10
-3110.2371
 20
-946.33
 30
0.0
 10
-3110.24
 20
-946.4016
 30
0.0
 10
-3110.2095
 20
-946.4694
 30
0.0
 10
-3109.7164
 20
-947.5631
 30
0.0
 10
-3109.3466
 20
-948.3763
 30
0.0
 10
-3108.7307
 20
-949.4095
 30
0.0
 10
-3108.0842
 20
-950.4937
 30
0.0
 10
-3107.2812
 20
-951.6184
 30
0.0
 10
-3106.3992
 20
-952.5226
 30
0.0
 10
-3105.7862
 20
-953.1512
 30
0.0
 10
-3105.1029
 20
-953.6872
 30
0.0
 10
-3104.3403
 20
-954.1268
 30
0.0
 10
-3104.1215
 20
-954.2529
 30
0.0
 10
-3103.9218
 20
-954.3499
 30
0.0
 10
-3103.7108
 20
-954.4468
 30
0.0
 10
-3103.5891
 20
-954.5026
 30
0.0
 10
-3103.5143
 20
-954.6135
 30
0.0
 10
-3103.509
 20
-954.7461
 30
0.0
 10
-3103.5036
 20
-954.8788
 30
0.0
 10
-3103.5692
 20
-954.9952
 30
0.0
 10
-3103.686
 20
-955.0605
 30
0.0
 10
-3103.8486
 20
-955.1514
 30
0.0
 10
-3104.0184
 20
-955.2372
 30
0.0
 10
-3104.1685
 20
-955.3207
 30
0.0
 10
-3104.5065
 20
-955.5087
 30
0.0
 10
-3104.7902
 20
-955.6935
 30
0.0
 10
-3105.0226
 20
-956.0093
 30
0.0
 10
-3105.2632
 20
-956.3361
 30
0.0
 10
-3105.416
 20
-956.7372
 30
0.0
 10
-3105.6141
 20
-957.0913
 30
0.0
 10
-3105.815
 20
-957.4505
 30
0.0
 10
-3106.0359
 20
-957.7009
 30
0.0
 10
-3106.3825
 20
-957.9355
 30
0.0
 10
-3106.8444
 20
-958.2483
 30
0.0
 10
-3107.3866
 20
-958.4814
 30
0.0
 10
-3107.8702
 20
-958.769
 30
0.0
 10
-3108.2666
 20
-959.0048
 30
0.0
 10
-3108.7238
 20
-959.3293
 30
0.0
 10
-3109.0076
 20
-959.6951
 30
0.0
 10
-3109.2305
 20
-959.9826
 30
0.0
 10
-3109.3792
 20
-960.3769
 30
0.0
 10
-3109.067
 20
-960.6625
 30
0.0
 10
-3108.7809
 20
-960.9241
 30
0.0
 10
-3108.2778
 20
-960.9416
 30
0.0
 10
-3107.9436
 20
-960.7659
 30
0.0
 10
-3107.5756
 20
-960.5725
 30
0.0
 10
-3107.3974
 20
-960.2043
 30
0.0
 10
-3107.0886
 20
-959.9667
 30
0.0
 10
-3106.8361
 20
-959.7724
 30
0.0
 10
-3106.42
 20
-959.7052
 30
0.0
 10
-3106.1172
 20
-959.6108
 30
0.0
 10
-3105.665
 20
-959.4697
 30
0.0
 10
-3105.1648
 20
-959.2452
 30
0.0
 10
-3104.8016
 20
-958.9402
 30
0.0
 10
-3104.4518
 20
-958.6463
 30
0.0
 10
-3104.2267
 20
-958.2726
 30
0.0
 10
-3104.0849
 20
-957.8444
 30
0.0
 10
-3103.9816
 20
-957.5322
 30
0.0
 10
-3103.9309
 20
-957.1512
 30
0.0
 10
-3103.7906
 20
-956.8614
 30
0.0
 10
-3103.6494
 20
-956.5697
 30
0.0
 10
-3103.414
 20
-956.4049
 30
0.0
 10
-3103.1116
 20
-956.2947
 30
0.0
 10
-3102.689
 20
-956.1406
 30
0.0
 10
-3102.0872
 20
-956.0782
 30
0.0
 10
-3101.7281
 20
-955.8211
 30
0.0
 10
-3101.3229
 20
-955.5311
 30
0.0
 10
-3101.3268
 20
-955.0622
 30
0.0
 10
-3101.4796
 20
-954.6352
 30
0.0
 10
-3101.6381
 20
-954.1921
 30
0.0
 10
-3101.9433
 20
-953.8016
 30
0.0
 10
-3102.2761
 20
-953.4723
 30
0.0
 10
-3102.7542
 20
-952.9994
 30
0.0
 10
-3103.2621
 20
-952.5993
 30
0.0
 10
-3103.7306
 20
-952.0994
 30
0.0
 10
-3104.4331
 20
-951.3499
 30
0.0
 10
-3105.0946
 20
-950.4797
 30
0.0
 10
-3105.6622
 20
-949.6238
 30
0.0
 10
-3106.1875
 20
-948.8314
 30
0.0
 10
-3106.6577
 20
-947.9944
 30
0.0
 10
-3107.0689
 20
-947.1385
 30
0.0
 10
-3107.3062
 20
-946.6445
 30
0.0
 10
-3107.3863
 20
-946.4117
 30
0.0
 10
-3107.5846
 20
-945.9015
 30
0.0
 10
-3107.6275
 20
-945.7909
 30
0.0
 10
-3107.7472
 20
-945.731
 30
0.0
 10
-3107.8629
 20
-945.762
 30
0.0
  0
SPLINE
  5
96
330
1F
100
AcDbEntity
  8
Layer 1
 62
     1
370
     9
100
AcDbSpline
210
0.0
220
0.0
230
1.0
 70
    11
 71
     3
 72
    44
 73
    40
 74
     0
 42
0.0000000001
 43
0.0000000001
 40
0.0
 40
0.0
 40
0.0
 40
0.0
 40
0.0769230769230769
 40
0.0769230769230769
 40
0.0769230769230769
 40
0.1538461538461539
 40
0.1538461538461539
 40
0.1538461538461539
 40
0.2307692307692308
 40
0.2307692307692308
 40
0.2307692307692308
 40
0.3076923076923077
 40
0.3076923076923077
 40
0.3076923076923077
 40
0.3846153846153846
 40
0.3846153846153846
 40
0.3846153846153846
 40
0.4615384615384616
 40
0.4615384615384616
 40
0.4615384615384616
 40
0.5384615384615385
 40
0.5384615384615385
 40
0.5384615384615385
 40
0.6153846153846154
 40
0.6153846153846154
 40
0.6153846153846154
 40
0.6923076923076923
 40
0.6923076923076923
 40
0.6923076923076923
 40
0.7692307692307693
 40
0.7692307692307693
 40
0.7692307692307693
 40
0.8461538461538463
 40
0.8461538461538463
 40
0.8461538461538463
 40
0.9230769230769231
 40
0.9230769230769231
 40
0.9230769230769231
 40
1.0
 40
1.0
 40
1.0
 40
1.0
 10
-3113.1125
 20
-947.5606
 30
0.0
 10
-3113.105
 20
-947.7458
 30
0.0
 10
-3113.037
 20
-947.9419
 30
0.0
 10
-3112.96
 20
-948.1419
 30
0.0
 10
-3112.701
 20
-948.8145
 30
0.0
 10
-3112.3946
 20
-949.4706
 30
0.0
 10
-3112.0539
 20
-950.1065
 30
0.0
 10
-3111.5658
 20
-951.0171
 30
0.0
 10
-3111.3565
 20
-951.3617
 30
0.0
 10
-3110.7105
 20
-952.1711
 30
0.0
 10
-3110.1435
 20
-952.8817
 30
0.0
 10
-3108.6725
 20
-954.2593
 30
0.0
 10
-3107.9093
 20
-954.7641
 30
0.0
 10
-3107.4157
 20
-955.0903
 30
0.0
 10
-3106.7992
 20
-955.3873
 30
0.0
 10
-3106.2145
 20
-955.5003
 30
0.0
 10
-3105.463
 20
-955.6454
 30
0.0
 10
-3105.0387
 20
-955.124
 30
0.0
 10
-3105.5355
 20
-954.4901
 30
0.0
 10
-3105.8937
 20
-954.0331
 30
0.0
 10
-3106.4191
 20
-953.7033
 30
0.0
 10
-3106.83
 20
-953.2926
 30
0.0
 10
-3107.2469
 20
-952.876
 30
0.0
 10
-3108.3633
 20
-951.6963
 30
0.0
 10
-3108.7067
 20
-951.2183
 30
0.0
 10
-3109.1422
 20
-950.6123
 30
0.0
 10
-3109.1792
 20
-950.5216
 30
0.0
 10
-3109.5496
 20
-949.8748
 30
0.0
 10
-3109.8968
 20
-949.2686
 30
0.0
 10
-3110.2341
 20
-948.6507
 30
0.0
 10
-3110.5163
 20
-948.0118
 30
0.0
 10
-3110.6683
 20
-947.6675
 30
0.0
 10
-3110.7695
 20
-947.3028
 30
0.0
 10
-3110.9294
 20
-946.9613
 30
0.0
 10
-3110.9835
 20
-946.8457
 30
0.0
 10
-3111.0475
 20
-946.7542
 30
0.0
 10
-3111.1213
 20
-946.6852
 30
0.0
 10
-3111.7851
 20
-946.977
 30
0.0
 10
-3112.4488
 20
-947.2688
 30
0.0
 10
-3113.1125
 20
-947.5606
 30
0.0
  0
SPLINE
  5
97
330
1F
100
AcDbEntity
  8
Layer 1
 62
     1
370
     9
100
AcDbSpline
210
0.0
220
0.0
230
1.0
 70
    11
 71
     3
 72
    44
 73
    40
 74
     0
 42
0.0000000001
 43
0.0000000001
 40
0.0
 40
0.0
 40
0.0
 40
0.0
 40
0.0769230769230769
 40
0.0769230769230769
 40
0.0769230769230769
 40
0.1538461538461539
 40
0.1538461538461539
 40
0.1538461538461539
 40
0.2307692307692308
 40
0.2307692307692308
 40
0.2307692307692308
 40
0.3076923076923077
 40
0.3076923076923077
 40
0.3076923076923077
 40
0.3846153846153846
 40
0.3846153846153846
 40
0.3846153846153846
 40
0.4615384615384616
 40
0.4615384615384616
 40
0.4615384615384616
 40
0.5384615384615385
 40
0.5384615384615385
 40
0.5384615384615385
 40
0.6153846153846154
 40
0.6153846153846154
 40
0.6153846153846154
 40
0.6923076923076923
 40
0.6923076923076923
 40
0.6923076923076923
 40
0.7692307692307693
 40
0.7692307692307693
 40
0.7692307692307693
 40
0.8461538461538463
 40
0.8461538461538463
 40
0.8461538461538463
 40
0.9230769230769231
 40
0.9230769230769231
 40
0.9230769230769231
 40
1.0
 40
1.0
 40
1.0
 40
1.0
 10
-3115.9544
 20
-948.8101
 30
0.0
 10
-3115.9966
 20
-949.0464
 30
0.0
 10
-3115.9031
 20
-949.3018
 30
0.0
 10
-3115.7934
 20
-949.5636
 30
0.0
 10
-3115.515
 20
-950.2285
 30
0.0
 10
-3115.1896
 20
-950.8757
 30
0.0
 10
-3114.8305
 20
-951.5016
 30
0.0
 10
-3114.3161
 20
-952.3979
 30
0.0
 10
-3114.097
 20
-952.7363
 30
0.0
 10
-3113.4277
 20
-953.5271
 30
0.0
 10
-3112.8402
 20
-954.2213
 30
0.0
 10
-3111.3298
 20
-955.5565
 30
0.0
 10
-3110.5522
 20
-956.0393
 30
0.0
 10
-3110.0493
 20
-956.3514
 30
0.0
 10
-3109.4244
 20
-956.6307
 30
0.0
 10
-3108.8367
 20
-956.727
 30
0.0
 10
-3108.0813
 20
-956.8507
 30
0.0
 10
-3107.6723
 20
-956.3174
 30
0.0
 10
-3108.1874
 20
-955.6979
 30
0.0
 10
-3108.5587
 20
-955.2513
 30
0.0
 10
-3109.0935
 20
-954.9366
 30
0.0
 10
-3109.5161
 20
-954.5377
 30
0.0
 10
-3109.945
 20
-954.1332
 30
0.0
 10
-3111.0952
 20
-952.9857
 30
0.0
 10
-3111.4524
 20
-952.5177
 30
0.0
 10
-3111.9053
 20
-951.9244
 30
0.0
 10
-3111.945
 20
-951.8347
 30
0.0
 10
-3112.334
 20
-951.1987
 30
0.0
 10
-3112.6987
 20
-950.6026
 30
0.0
 10
-3113.0538
 20
-949.9947
 30
0.0
 10
-3113.3544
 20
-949.3641
 30
0.0
 10
-3113.5165
 20
-949.0243
 30
0.0
 10
-3113.6283
 20
-948.6625
 30
0.0
 10
-3113.7979
 20
-948.3258
 30
0.0
 10
-3113.8769
 20
-948.1688
 30
0.0
 10
-3113.9735
 20
-948.0583
 30
0.0
 10
-3114.0869
 20
-947.9891
 30
0.0
 10
-3114.7094
 20
-948.2628
 30
0.0
 10
-3115.332
 20
-948.5365
 30
0.0
 10
-3115.9544
 20
-948.8101
 30
0.0
  0
SPLINE
  5
98
330
1F
100
AcDbEntity
  8
Layer 1
 62
     1
370
     9
100
AcDbSpline
210
0.0
220
0.0
230
1.0
 70
    11
 71
     3
 72
    53
 73
    49
 74
     0
 42
0.0000000001
 43
0.0000000001
 40
0.0
 40
0.0
 40
0.0
 40
0.0
 40
0.0625
 40
0.0625
 40
0.0625
 40
0.125
 40
0.125
 40
0.125
 40
0.1875
 40
0.1875
 40
0.1875
 40
0.25
 40
0.25
 40
0.25
 40
0.3125
 40
0.3125
 40
0.3125
 40
0.375
 40
0.375
 40
0.375
 40
0.4375
 40
0.4375
 40
0.4375
 40
0.5
 40
0.5
 40
0.5
 40
0.5625
 40
0.5625
 40
0.5625
 40
0.625
 40
0.625
 40
0.625
 40
0.6875
 40
0.6875
 40
0.6875
 40
0.75
 40
0.75
 40
0.75
 40
0.8125
 40
0.8125
 40
0.8125
 40
0.875
 40
0.875
 40
0.875
 40
0.9375
 40
0.9375
 40
0.9375
 40
1.0
 40
1.0
 40
1.0
 40
1.0
 10
-3118.362
 20
-949.8686
 30
0.0
 10
-3117.753
 20
-949.6008
 30
0.0
 10
-3117.1438
 20
-949.333
 30
0.0
 10
-3116.5348
 20
-949.0654
 30
0.0
 10
-3116.5099
 20
-949.297
 30
0.0
 10
-3116.4335
 20
-949.5381
 30
0.0
 10
-3116.3307
 20
-949.7839
 30
0.0
 10
-3116.043
 20
-950.471
 30
0.0
 10
-3115.7075
 20
-951.1388
 30
0.0
 10
-3115.3363
 20
-951.7856
 30
0.0
 10
-3114.8732
 20
-952.5926
 30
0.0
 10
-3114.4777
 20
-953.1828
 30
0.0
 10
-3113.8737
 20
-953.8965
 30
0.0
 10
-3113.4583
 20
-954.3872
 30
0.0
 10
-3112.9314
 20
-954.8682
 30
0.0
 10
-3112.4472
 20
-955.2929
 30
0.0
 10
-3111.9642
 20
-955.7166
 30
0.0
 10
-3111.4079
 20
-956.1874
 30
0.0
 10
-3110.8614
 20
-956.5266
 30
0.0
 10
-3110.2896
 20
-956.8817
 30
0.0
 10
-3109.6001
 20
-957.1851
 30
0.0
 10
-3108.9318
 20
-957.2947
 30
0.0
 10
-3108.7072
 20
-957.3315
 30
0.0
 10
-3108.4986
 20
-957.3271
 30
0.0
 10
-3108.312
 20
-957.2895
 30
0.0
 10
-3108.1721
 20
-957.3682
 30
0.0
 10
-3108.057
 20
-957.4457
 30
0.0
 10
-3108.0213
 20
-957.5194
 30
0.0
 10
-3107.9687
 20
-957.6276
 30
0.0
 10
-3108.0866
 20
-957.7276
 30
0.0
 10
-3108.3432
 20
-957.9211
 30
0.0
 10
-3108.5998
 20
-958.1147
 30
0.0
 10
-3108.9063
 20
-958.3276
 30
0.0
 10
-3109.205
 20
-958.5814
 30
0.0
 10
-3109.5038
 20
-958.8353
 30
0.0
 10
-3109.568
 20
-958.9724
 30
0.0
 10
-3110.0539
 20
-958.8913
 30
0.0
 10
-3110.5398
 20
-958.8102
 30
0.0
 10
-3111.3099
 20
-958.4273
 30
0.0
 10
-3112.1535
 20
-957.7967
 30
0.0
 10
-3113.9396
 20
-956.4616
 30
0.0
 10
-3115.7768
 20
-954.3313
 30
0.0
 10
-3117.0353
 20
-952.4984
 30
0.0
 10
-3117.6349
 20
-951.6249
 30
0.0
 10
-3117.862
 20
-951.0656
 30
0.0
 10
-3118.1232
 20
-950.5815
 30
0.0
 10
-3118.2983
 20
-950.2567
 30
0.0
 10
-3118.4123
 20
-950.0415
 30
0.0
 10
-3118.362
 20
-949.8686
 30
0.0
  0
SPLINE
  5
99
330
1F
100
AcDbEntity
  8
Layer 1
 62
     1
370
     9
100
AcDbSpline
210
0.0
220
0.0
230
1.0
 70
    11
 71
     3
 72
    80
 73
    76
 74
     0
 42
0.0000000001
 43
0.0000000001
 40
0.0
 40
0.0
 40
0.0
 40
0.0
 40
0.04
 40
0.04
 40
0.04
 40
0.08
 40
0.08
 40
0.08
 40
0.12
 40
0.12
 40
0.12
 40
0.16
 40
0.16
 40
0.16
 40
0.2
 40
0.2
 40
0.2
 40
0.24
 40
0.24
 40
0.24
 40
0.28
 40
0.28
 40
0.28
 40
0.32
 40
0.32
 40
0.32
 40
0.36
 40
0.36
 40
0.36
 40
0.4
 40
0.4
 40
0.4
 40
0.44
 40
0.44
 40
0.44
 40
0.48
 40
0.48
 40
0.48
 40
0.52
 40
0.52
 40
0.52
 40
0.56
 40
0.56
 40
0.56
 40
0.6
 40
0.6
 40
0.6
 40
0.64
 40
0.64
 40
0.64
 40
0.68
 40
0.68
 40
0.68
 40
0.72
 40
0.72
 40
0.72
 40
0.76
 40
0.76
 40
0.76
 40
0.8
 40
0.8
 40
0.8
 40
0.84
 40
0.84
 40
0.84
 40
0.88
 40
0.88
 40
0.88
 40
0.92
 40
0.92
 40
0.92
 40
0.96
 40
0.96
 40
0.96
 40
1.0
 40
1.0
 40
1.0
 40
1.0
 10
-3107.0097
 20
-960.7082
 30
0.0
 10
-3106.924
 20
-960.6086
 30
0.0
 10
-3106.8313
 20
-960.4976
 30
0.0
 10
-3106.7315
 20
-960.4209
 30
0.0
 10
-3106.5914
 20
-960.3131
 30
0.0
 10
-3106.1204
 20
-960.215
 30
0.0
 10
-3105.9423
 20
-960.1595
 30
0.0
 10
-3105.4116
 20
-959.9939
 30
0.0
 10
-3104.8513
 20
-959.7366
 30
0.0
 10
-3104.4251
 20
-959.3788
 30
0.0
 10
-3103.9931
 20
-959.0159
 30
0.0
 10
-3103.7075
 20
-958.5532
 30
0.0
 10
-3103.5321
 20
-958.0234
 30
0.0
 10
-3103.4393
 20
-957.7429
 30
0.0
 10
-3103.3894
 20
-957.3647
 30
0.0
 10
-3103.2659
 20
-957.11
 30
0.0
 10
-3103.193
 20
-956.9592
 30
0.0
 10
-3103.0642
 20
-956.8906
 30
0.0
 10
-3102.9105
 20
-956.8346
 30
0.0
 10
-3102.3859
 20
-956.6433
 30
0.0
 10
-3101.8722
 20
-956.6346
 30
0.0
 10
-3101.3871
 20
-956.2873
 30
0.0
 10
-3101.0209
 20
-956.0252
 30
0.0
 10
-3100.8445
 20
-955.6673
 30
0.0
 10
-3100.8102
 20
-955.28
 30
0.0
 10
-3099.9457
 20
-956.0532
 30
0.0
 10
-3099.0732
 20
-956.8116
 30
0.0
 10
-3098.0969
 20
-957.3768
 30
0.0
 10
-3097.0396
 20
-957.9889
 30
0.0
 10
-3095.8605
 20
-958.3745
 30
0.0
 10
-3094.6912
 20
-958.4276
 30
0.0
 10
-3093.5219
 20
-958.4806
 30
0.0
 10
-3092.3622
 20
-958.201
 30
0.0
 10
-3091.6704
 20
-957.8684
 30
0.0
 10
-3090.9786
 20
-957.5358
 30
0.0
 10
-3090.5218
 20
-957.1504
 30
0.0
 10
-3090.4829
 20
-956.8612
 30
0.0
 10
-3090.4384
 20
-956.5317
 30
0.0
 10
-3091.2451
 20
-956.1333
 30
0.0
 10
-3091.115
 20
-955.0777
 30
0.0
 10
-3091.0662
 20
-954.6826
 30
0.0
 10
-3090.8714
 20
-954.2489
 30
0.0
 10
-3090.4865
 20
-953.9259
 30
0.0
 10
-3090.1015
 20
-953.603
 30
0.0
 10
-3089.5266
 20
-953.3909
 30
0.0
 10
-3088.9469
 20
-953.3764
 30
0.0
 10
-3088.3671
 20
-953.362
 30
0.0
 10
-3087.7823
 20
-953.5451
 30
0.0
 10
-3087.339
 20
-953.762
 30
0.0
 10
-3086.8956
 20
-953.9789
 30
0.0
 10
-3086.5936
 20
-954.2295
 30
0.0
 10
-3086.3402
 20
-954.5765
 30
0.0
 10
-3086.0868
 20
-954.9235
 30
0.0
 10
-3085.8821
 20
-955.367
 30
0.0
 10
-3085.8529
 20
-955.9309
 30
0.0
 10
-3085.8237
 20
-956.4949
 30
0.0
 10
-3086.0176
 20
-957.1562
 30
0.0
 10
-3086.2623
 20
-957.7142
 30
0.0
 10
-3086.7821
 20
-958.8999
 30
0.0
 10
-3088.9437
 20
-960.1434
 30
0.0
 10
-3089.8828
 20
-960.6014
 30
0.0
 10
-3090.7414
 20
-961.0202
 30
0.0
 10
-3091.7044
 20
-961.2353
 30
0.0
 10
-3092.8109
 20
-961.5282
 30
0.0
 10
-3093.9174
 20
-961.8212
 30
0.0
 10
-3095.251
 20
-962.1094
 30
0.0
 10
-3096.7696
 20
-962.2479
 30
0.0
 10
-3098.2882
 20
-962.3866
 30
0.0
 10
-3099.9917
 20
-962.3754
 30
0.0
 10
-3101.4438
 20
-962.2545
 30
0.0
 10
-3102.8958
 20
-962.1336
 30
0.0
 10
-3104.0964
 20
-961.903
 30
0.0
 10
-3105.0211
 20
-961.6051
 30
0.0
 10
-3105.8352
 20
-961.3428
 30
0.0
 10
-3106.4352
 20
-961.0286
 30
0.0
 10
-3107.0097
 20
-960.7082
 30
0.0
  0
SPLINE
  5
9A
330
1F
100
AcDbEntity
  8
Layer 1
 62
     1
370
     9
100
AcDbSpline
210
0.0
220
0.0
230
1.0
 70
    11
 71
     3
 72
   329
 73
   325
 74
     0
 42
0.0000000001
 43
0.0000000001
 40
0.0
 40
0.0
 40
0.0
 40
0.0
 40
0.0092592592592593
 40
0.0092592592592593
 40
0.0092592592592593
 40
0.0185185185185185
 40
0.0185185185185185
 40
0.0185185185185185
 40
0.0277777777777778
 40
0.0277777777777778
 40
0.0277777777777778
 40
0.037037037037037
 40
0.037037037037037
 40
0.037037037037037
 40
0.0462962962962963
 40
0.0462962962962963
 40
0.0462962962962963
 40
0.0555555555555556
 40
0.0555555555555556
 40
0.0555555555555556
 40
0.0648148148148148
 40
0.0648148148148148
 40
0.0648148148148148
 40
0.0740740740740741
 40
0.0740740740740741
 40
0.0740740740740741
 40
0.0833333333333333
 40
0.0833333333333333
 40
0.0833333333333333
 40
0.0925925925925926
 40
0.0925925925925926
 40
0.0925925925925926
 40
0.1018518518518518
 40
0.1018518518518518
 40
0.1018518518518518
 40
0.1111111111111111
 40
0.1111111111111111
 40
0.1111111111111111
 40
0.1203703703703704
 40
0.1203703703703704
 40
0.1203703703703704
 40
0.1296296296296296
 40
0.1296296296296296
 40
0.1296296296296296
 40
0.1388888888888889
 40
0.1388888888888889
 40
0.1388888888888889
 40
0.1481481481481481
 40
0.1481481481481481
 40
0.1481481481481481
 40
0.1574074074074074
 40
0.1574074074074074
 40
0.1574074074074074
 40
0.1666666666666667
 40
0.1666666666666667
 40
0.1666666666666667
 40
0.1759259259259259
 40
0.1759259259259259
 40
0.1759259259259259
 40
0.1851851851851852
 40
0.1851851851851852
 40
0.1851851851851852
 40
0.1944444444444444
 40
0.1944444444444444
 40
0.1944444444444444
 40
0.2037037037037037
 40
0.2037037037037037
 40
0.2037037037037037
 40
0.212962962962963
 40
0.212962962962963
 40
0.212962962962963
 40
0.2222222222222222
 40
0.2222222222222222
 40
0.2222222222222222
 40
0.2314814814814815
 40
0.2314814814814815
 40
0.2314814814814815
 40
0.2407407407407407
 40
0.2407407407407407
 40
0.2407407407407407
 40
0.25
 40
0.25
 40
0.25
 40
0.2592592592592592
 40
0.2592592592592592
 40
0.2592592592592592
 40
0.2685185185185185
 40
0.2685185185185185
 40
0.2685185185185185
 40
0.2777777777777778
 40
0.2777777777777778
 40
0.2777777777777778
 40
0.287037037037037
 40
0.287037037037037
 40
0.287037037037037
 40
0.2962962962962963
 40
0.2962962962962963
 40
0.2962962962962963
 40
0.3055555555555555
 40
0.3055555555555555
 40
0.3055555555555555
 40
0.3148148148148148
 40
0.3148148148148148
 40
0.3148148148148148
 40
0.3240740740740741
 40
0.3240740740740741
 40
0.3240740740740741
 40
0.3333333333333333
 40
0.3333333333333333
 40
0.3333333333333333
 40
0.3425925925925926
 40
0.3425925925925926
 40
0.3425925925925926
 40
0.3518518518518519
 40
0.3518518518518519
 40
0.3518518518518519
 40
0.3611111111111111
 40
0.3611111111111111
 40
0.3611111111111111
 40
0.3703703703703703
 40
0.3703703703703703
 40
0.3703703703703703
 40
0.3796296296296296
 40
0.3796296296296296
 40
0.3796296296296296
 40
0.3888888888888888
 40
0.3888888888888888
 40
0.3888888888888888
 40
0.3981481481481481
 40
0.3981481481481481
 40
0.3981481481481481
 40
0.4074074074074074
 40
0.4074074074074074
 40
0.4074074074074074
 40
0.4166666666666666
 40
0.4166666666666666
 40
0.4166666666666666
 40
0.4259259259259259
 40
0.4259259259259259
 40
0.4259259259259259
 40
0.4351851851851852
 40
0.4351851851851852
 40
0.4351851851851852
 40
0.4444444444444444
 40
0.4444444444444444
 40
0.4444444444444444
 40
0.4537037037037037
 40
0.4537037037037037
 40
0.4537037037037037
 40
0.4629629629629629
 40
0.4629629629629629
 40
0.4629629629629629
 40
0.4722222222222222
 40
0.4722222222222222
 40
0.4722222222222222
 40
0.4814814814814815
 40
0.4814814814814815
 40
0.4814814814814815
 40
0.4907407407407407
 40
0.4907407407407407
 40
0.4907407407407407
 40
0.5
 40
0.5
 40
0.5
 40
0.5092592592592592
 40
0.5092592592592592
 40
0.5092592592592592
 40
0.5185185185185185
 40
0.5185185185185185
 40
0.5185185185185185
 40
0.5277777777777778
 40
0.5277777777777778
 40
0.5277777777777778
 40
0.537037037037037
 40
0.537037037037037
 40
0.537037037037037
 40
0.5462962962962963
 40
0.5462962962962963
 40
0.5462962962962963
 40
0.5555555555555556
 40
0.5555555555555556
 40
0.5555555555555556
 40
0.5648148148148148
 40
0.5648148148148148
 40
0.5648148148148148
 40
0.5740740740740741
 40
0.5740740740740741
 40
0.5740740740740741
 40
0.5833333333333333
 40
0.5833333333333333
 40
0.5833333333333333
 40
0.5925925925925926
 40
0.5925925925925926
 40
0.5925925925925926
 40
0.6018518518518519
 40
0.6018518518518519
 40
0.6018518518518519
 40
0.611111111111111
 40
0.611111111111111
 40
0.611111111111111
 40
0.6203703703703703
 40
0.6203703703703703
 40
0.6203703703703703
 40
0.6296296296296295
 40
0.6296296296296295
 40
0.6296296296296295
 40
0.6388888888888888
 40
0.6388888888888888
 40
0.6388888888888888
 40
0.6481481481481481
 40
0.6481481481481481
 40
0.6481481481481481
 40
0.6574074074074073
 40
0.6574074074074073
 40
0.6574074074074073
 40
0.6666666666666666
 40
0.6666666666666666
 40
0.6666666666666666
 40
0.6759259259259259
 40
0.6759259259259259
 40
0.6759259259259259
 40
0.6851851851851851
 40
0.6851851851851851
 40
0.6851851851851851
 40
0.6944444444444444
 40
0.6944444444444444
 40
0.6944444444444444
 40
0.7037037037037037
 40
0.7037037037037037
 40
0.7037037037037037
 40
0.7129629629629629
 40
0.7129629629629629
 40
0.7129629629629629
 40
0.7222222222222222
 40
0.7222222222222222
 40
0.7222222222222222
 40
0.7314814814814814
 40
0.7314814814814814
 40
0.7314814814814814
 40
0.7407407407407407
 40
0.7407407407407407
 40
0.7407407407407407
 40
0.75
 40
0.75
 40
0.75
 40
0.7592592592592592
 40
0.7592592592592592
 40
0.7592592592592592
 40
0.7685185185185185
 40
0.7685185185185185
 40
0.7685185185185185
 40
0.7777777777777777
 40
0.7777777777777777
 40
0.7777777777777777
 40
0.787037037037037
 40
0.787037037037037
 40
0.787037037037037
 40
0.7962962962962963
 40
0.7962962962962963
 40
0.7962962962962963
 40
0.8055555555555555
 40
0.8055555555555555
 40
0.8055555555555555
 40
0.8148148148148148
 40
0.8148148148148148
 40
0.8148148148148148
 40
0.8240740740740741
 40
0.8240740740740741
 40
0.8240740740740741
 40
0.8333333333333333
 40
0.8333333333333333
 40
0.8333333333333333
 40
0.8425925925925926
 40
0.8425925925925926
 40
0.8425925925925926
 40
0.8518518518518519
 40
0.8518518518518519
 40
0.8518518518518519
 40
0.861111111111111
 40
0.861111111111111
 40
0.861111111111111
 40
0.8703703703703703
 40
0.8703703703703703
 40
0.8703703703703703
 40
0.8796296296296295
 40
0.8796296296296295
 40
0.8796296296296295
 40
0.8888888888888888
 40
0.8888888888888888
 40
0.8888888888888888
 40
0.8981481481481481
 40
0.8981481481481481
 40
0.8981481481481481
 40
0.9074074074074073
 40
0.9074074074074073
 40
0.9074074074074073
 40
0.9166666666666666
 40
0.9166666666666666
 40
0.9166666666666666
 40
0.9259259259259258
 40
0.9259259259259258
 40
0.9259259259259258
 40
0.9351851851851851
 40
0.9351851851851851
 40
0.9351851851851851
 40
0.9444444444444444
 40
0.9444444444444444
 40
0.9444444444444444
 40
0.9537037037037036
 40
0.9537037037037036
 40
0.9537037037037036
 40
0.9629629629629629
 40
0.9629629629629629
 40
0.9629629629629629
 40
0.9722222222222222
 40
0.9722222222222222
 40
0.9722222222222222
 40
0.9814814814814814
 40
0.9814814814814814
 40
0.9814814814814814
 40
0.9907407407407407
 40
0.9907407407407407
 40
0.9907407407407407
 40
1.0
 40
1.0
 40
1.0
 40
1.0
 10
-3059.5739
 20
-946.9566
 30
0.0
 10
-3060.1998
 20
-946.9569
 30
0.0
 10
-3060.8259
 20
-946.932
 30
0.0
 10
-3061.4018
 20
-946.8547
 30
0.0
 10
-3061.4023
 20
-946.8605
 30
0.0
 10
-3061.4027
 20
-946.8664
 30
0.0
 10
-3061.4024
 20
-946.8726
 30
0.0
 10
-3061.3941
 20
-947.111
 30
0.0
 10
-3061.3828
 20
-947.3491
 30
0.0
 10
-3061.3715
 20
-947.5873
 30
0.0
 10
-3061.3522
 20
-947.9921
 30
0.0
 10
-3061.3324
 20
-948.3944
 30
0.0
 10
-3061.3303
 20
-948.7995
 30
0.0
 10
-3061.328
 20
-949.2319
 30
0.0
 10
-3061.3604
 20
-949.5979
 30
0.0
 10
-3061.5246
 20
-950.0038
 30
0.0
 10
-3061.7485
 20
-950.5572
 30
0.0
 10
-3062.169
 20
-951.0615
 30
0.0
 10
-3062.6835
 20
-951.3455
 30
0.0
 10
-3063.2679
 20
-951.6682
 30
0.0
 10
-3064.0303
 20
-951.7496
 30
0.0
 10
-3064.6819
 20
-951.6585
 30
0.0
 10
-3065.3487
 20
-951.5655
 30
0.0
 10
-3065.9297
 20
-951.2875
 30
0.0
 10
-3066.475
 20
-950.889
 30
0.0
 10
-3067.0298
 20
-950.4836
 30
0.0
 10
-3067.535
 20
-949.9644
 30
0.0
 10
-3067.8673
 20
-949.3483
 30
0.0
 10
-3068.1803
 20
-948.7679
 30
0.0
 10
-3068.36
 20
-948.0647
 30
0.0
 10
-3068.4208
 20
-947.4056
 30
0.0
 10
-3068.4634
 20
-946.9441
 30
0.0
 10
-3068.4083
 20
-946.4956
 30
0.0
 10
-3068.4446
 20
-946.0587
 30
0.0
 10
-3068.4689
 20
-945.7658
 30
0.0
 10
-3068.5734
 20
-945.5803
 30
0.0
 10
-3068.8585
 20
-945.501
 30
0.0
 10
-3069.1446
 20
-945.4215
 30
0.0
 10
-3069.5065
 20
-945.4603
 30
0.0
 10
-3069.792
 20
-945.5243
 30
0.0
 10
-3070.1861
 20
-945.6127
 30
0.0
 10
-3070.6147
 20
-945.7852
 30
0.0
 10
-3070.936
 20
-946.0409
 30
0.0
 10
-3071.2478
 20
-946.289
 30
0.0
 10
-3071.4639
 20
-946.6195
 30
0.0
 10
-3071.6453
 20
-946.9748
 30
0.0
 10
-3071.7349
 20
-947.1503
 30
0.0
 10
-3071.8359
 20
-947.4917
 30
0.0
 10
-3072.0693
 20
-947.373
 30
0.0
 10
-3072.4684
 20
-947.17
 30
0.0
 10
-3072.995
 20
-946.3174
 30
0.0
 10
-3073.2019
 20
-945.9246
 30
0.0
 10
-3073.6355
 20
-945.1021
 30
0.0
 10
-3073.9181
 20
-944.1751
 30
0.0
 10
-3074.0848
 20
-943.2572
 30
0.0
 10
-3074.2524
 20
-942.334
 30
0.0
 10
-3074.2368
 20
-941.9399
 30
0.0
 10
-3074.2421
 20
-941.0016
 30
0.0
 10
-3074.2436
 20
-940.7373
 30
0.0
 10
-3074.2347
 20
-940.477
 30
0.0
 10
-3074.2228
 20
-940.2131
 30
0.0
 10
-3074.2164
 20
-940.0693
 30
0.0
 10
-3074.2062
 20
-939.9064
 30
0.0
 10
-3074.2321
 20
-939.7646
 30
0.0
 10
-3074.2754
 20
-939.5276
 30
0.0
 10
-3074.4186
 20
-939.3478
 30
0.0
 10
-3074.6185
 20
-939.2293
 30
0.0
 10
-3074.8251
 20
-939.1069
 30
0.0
 10
-3075.0425
 20
-939.0818
 30
0.0
 10
-3075.2766
 20
-939.1086
 30
0.0
 10
-3075.5885
 20
-939.1443
 30
0.0
 10
-3075.9165
 20
-939.2668
 30
0.0
 10
-3076.1885
 20
-939.4256
 30
0.0
 10
-3076.5413
 20
-939.6312
 30
0.0
 10
-3076.8265
 20
-939.9124
 30
0.0
 10
-3077.0416
 20
-940.2667
 30
0.0
 10
-3077.3235
 20
-940.7308
 30
0.0
 10
-3077.4595
 20
-941.2745
 30
0.0
 10
-3077.5069
 20
-941.8158
 30
0.0
 10
-3077.5693
 20
-942.5281
 30
0.0
 10
-3077.5907
 20
-942.7027
 30
0.0
 10
-3077.4442
 20
-943.4008
 30
0.0
 10
-3077.282
 20
-944.1743
 30
0.0
 10
-3077.0116
 20
-944.899
 30
0.0
 10
-3076.6406
 20
-945.5917
 30
0.0
 10
-3076.2459
 20
-946.3289
 30
0.0
 10
-3075.7463
 20
-947.031
 30
0.0
 10
-3075.2266
 20
-947.6802
 30
0.0
 10
-3074.7731
 20
-948.2471
 30
0.0
 10
-3074.2816
 20
-948.8058
 30
0.0
 10
-3073.766
 20
-949.3135
 30
0.0
 10
-3073.6248
 20
-949.4525
 30
0.0
 10
-3073.1111
 20
-949.8983
 30
0.0
 10
-3073.0167
 20
-950.0637
 30
0.0
 10
-3073.1105
 20
-950.0424
 30
0.0
 10
-3073.278
 20
-949.9409
 30
0.0
 10
-3073.3246
 20
-949.9108
 30
0.0
 10
-3073.9913
 20
-949.4779
 30
0.0
 10
-3074.7675
 20
-948.6646
 30
0.0
 10
-3075.3125
 20
-948.0801
 30
0.0
 10
-3076.1995
 20
-947.129
 30
0.0
 10
-3077.066
 20
-946.0987
 30
0.0
 10
-3077.86
 20
-945.0636
 30
0.0
 10
-3078.3743
 20
-944.3931
 30
0.0
 10
-3078.8332
 20
-943.7332
 30
0.0
 10
-3079.2144
 20
-942.9728
 30
0.0
 10
-3079.5286
 20
-942.3459
 30
0.0
 10
-3079.8056
 20
-941.6639
 30
0.0
 10
-3079.9798
 20
-940.9816
 30
0.0
 10
-3080.1385
 20
-940.3601
 30
0.0
 10
-3080.2057
 20
-939.7372
 30
0.0
 10
-3080.1543
 20
-939.096
 30
0.0
 10
-3080.1044
 20
-938.4729
 30
0.0
 10
-3079.9472
 20
-937.8537
 30
0.0
 10
-3079.6825
 20
-937.2905
 30
0.0
 10
-3079.4676
 20
-936.8332
 30
0.0
 10
-3079.1036
 20
-936.2599
 30
0.0
 10
-3078.7005
 20
-935.9572
 30
0.0
 10
-3078.4682
 20
-935.7827
 30
0.0
 10
-3078.1708
 20
-935.6747
 30
0.0
 10
-3077.8941
 20
-935.8047
 30
0.0
 10
-3077.6713
 20
-935.9094
 30
0.0
 10
-3077.4975
 20
-936.1861
 30
0.0
 10
-3077.351
 20
-936.3805
 30
0.0
 10
-3077.134
 20
-936.6687
 30
0.0
 10
-3076.8793
 20
-936.9728
 30
0.0
 10
-3076.6049
 20
-937.2038
 30
0.0
 10
-3076.343
 20
-937.4241
 30
0.0
 10
-3076.0603
 20
-937.5735
 30
0.0
 10
-3075.7217
 20
-937.6098
 30
0.0
 10
-3075.3962
 20
-937.6444
 30
0.0
 10
-3075.0366
 20
-937.5741
 30
0.0
 10
-3074.7473
 20
-937.4155
 30
0.0
 10
-3074.4138
 20
-937.2326
 30
0.0
 10
-3074.2037
 20
-936.9452
 30
0.0
 10
-3074.0408
 20
-936.5996
 30
0.0
 10
-3073.8354
 20
-936.1636
 30
0.0
 10
-3073.6961
 20
-935.6319
 30
0.0
 10
-3073.6401
 20
-935.1496
 30
0.0
 10
-3073.5814
 20
-934.6438
 30
0.0
 10
-3073.6126
 20
-934.1423
 30
0.0
 10
-3073.7324
 20
-933.6485
 30
0.0
 10
-3073.842
 20
-933.1969
 30
0.0
 10
-3074.0348
 20
-932.7085
 30
0.0
 10
-3074.3414
 20
-932.3605
 30
0.0
 10
-3074.6344
 20
-932.0283
 30
0.0
 10
-3075.0147
 20
-931.846
 30
0.0
 10
-3075.4371
 20
-931.7596
 30
0.0
 10
-3075.8904
 20
-931.6669
 30
0.0
 10
-3076.3662
 20
-931.6899
 30
0.0
 10
-3076.8224
 20
-931.7475
 30
0.0
 10
-3077.387
 20
-931.8189
 30
0.0
 10
-3077.953
 20
-931.9489
 30
0.0
 10
-3078.483
 20
-932.1643
 30
0.0
 10
-3079.0458
 20
-932.3927
 30
0.0
 10
-3079.5917
 20
-932.7272
 30
0.0
 10
-3080.014
 20
-933.1774
 30
0.0
 10
-3080.3894
 20
-933.5776
 30
0.0
 10
-3080.6902
 20
-934.0945
 30
0.0
 10
-3080.8933
 20
-934.6095
 30
0.0
 10
-3081.025
 20
-934.9433
 30
0.0
 10
-3081.0828
 20
-935.234
 30
0.0
 10
-3081.1738
 20
-935.573
 30
0.0
 10
-3081.2125
 20
-935.7173
 30
0.0
 10
-3081.2692
 20
-935.9049
 30
0.0
 10
-3081.4103
 20
-935.9761
 30
0.0
 10
-3081.6002
 20
-936.0717
 30
0.0
 10
-3081.791
 20
-936.0355
 30
0.0
 10
-3081.9839
 20
-936.1961
 30
0.0
 10
-3082.2438
 20
-936.4128
 30
0.0
 10
-3082.2867
 20
-936.8892
 30
0.0
 10
-3082.3037
 20
-937.207
 30
0.0
 10
-3082.34
 20
-937.886
 30
0.0
 10
-3082.2724
 20
-938.6299
 30
0.0
 10
-3082.1501
 20
-939.2966
 30
0.0
 10
-3082.0015
 20
-940.1064
 30
0.0
 10
-3081.751
 20
-940.9149
 30
0.0
 10
-3081.4606
 20
-941.6821
 30
0.0
 10
-3081.22
 20
-942.3171
 30
0.0
 10
-3080.9368
 20
-942.9758
 30
0.0
 10
-3080.607
 20
-943.5674
 30
0.0
 10
-3080.5103
 20
-943.7408
 30
0.0
 10
-3080.1716
 20
-944.2304
 30
0.0
 10
-3080.1265
 20
-944.3877
 30
0.0
 10
-3080.1247
 20
-944.3936
 30
0.0
 10
-3080.1218
 20
-944.406
 30
0.0
 10
-3080.1208
 20
-944.4163
 30
0.0
 10
-3080.1563
 20
-944.4141
 30
0.0
 10
-3080.2205
 20
-944.381
 30
0.0
 10
-3080.2416
 20
-944.3687
 30
0.0
 10
-3080.5637
 20
-944.1811
 30
0.0
 10
-3080.9161
 20
-943.6697
 30
0.0
 10
-3081.1083
 20
-943.3556
 30
0.0
 10
-3081.5711
 20
-942.5994
 30
0.0
 10
-3081.9393
 20
-941.7074
 30
0.0
 10
-3082.2203
 20
-940.8638
 30
0.0
 10
-3082.5693
 20
-939.8164
 30
0.0
 10
-3082.8495
 20
-938.6541
 30
0.0
 10
-3082.9823
 20
-937.5556
 30
0.0
 10
-3083.0964
 20
-936.6101
 30
0.0
 10
-3083.0873
 20
-935.7064
 30
0.0
 10
-3082.9311
 20
-934.767
 30
0.0
 10
-3082.7952
 20
-933.9493
 30
0.0
 10
-3082.5618
 20
-933.1276
 30
0.0
 10
-3082.267
 20
-932.3559
 30
0.0
 10
-3082.0461
 20
-931.7779
 30
0.0
 10
-3081.7745
 20
-931.2405
 30
0.0
 10
-3081.5392
 20
-930.674
 30
0.0
 10
-3081.4201
 20
-930.3875
 30
0.0
 10
-3081.2764
 20
-929.9993
 30
0.0
 10
-3081.3063
 20
-929.6821
 30
0.0
 10
-3081.329
 20
-929.4405
 30
0.0
 10
-3081.4501
 20
-929.2422
 30
0.0
 10
-3081.6698
 20
-929.1477
 30
0.0
 10
-3081.91
 20
-929.0445
 30
0.0
 10
-3082.1852
 20
-929.1019
 30
0.0
 10
-3082.4183
 20
-929.1968
 30
0.0
 10
-3082.7881
 20
-929.3475
 30
0.0
 10
-3083.1243
 20
-929.6156
 30
0.0
 10
-3083.3858
 20
-929.9216
 30
0.0
 10
-3083.7086
 20
-930.2992
 30
0.0
 10
-3083.9549
 20
-930.7551
 30
0.0
 10
-3084.224
 20
-931.1735
 30
0.0
 10
-3084.3309
 20
-931.3395
 30
0.0
 10
-3084.613
 20
-931.7651
 30
0.0
 10
-3084.7867
 20
-931.8548
 30
0.0
 10
-3084.7916
 20
-931.8572
 30
0.0
 10
-3084.8023
 20
-931.8622
 30
0.0
 10
-3084.8103
 20
-931.8643
 30
0.0
 10
-3084.8337
 20
-931.8225
 30
0.0
 10
-3084.8242
 20
-931.6882
 30
0.0
 10
-3084.8201
 20
-931.6509
 30
0.0
 10
-3084.7766
 20
-931.2627
 30
0.0
 10
-3084.5628
 20
-930.7862
 30
0.0
 10
-3084.3806
 20
-930.4492
 30
0.0
 10
-3084.0703
 20
-929.8758
 30
0.0
 10
-3083.6475
 20
-929.3117
 30
0.0
 10
-3083.1555
 20
-928.8922
 30
0.0
 10
-3082.6397
 20
-928.4524
 30
0.0
 10
-3082.0194
 20
-928.1466
 30
0.0
 10
-3081.4017
 20
-927.891
 30
0.0
 10
-3080.9403
 20
-927.7001
 30
0.0
 10
-3080.3348
 20
-927.5105
 30
0.0
 10
-3079.9172
 20
-927.2486
 30
0.0
 10
-3079.5809
 20
-927.0377
 30
0.0
 10
-3079.4238
 20
-926.7925
 30
0.0
 10
-3079.2944
 20
-926.4173
 30
0.0
 10
-3079.1704
 20
-926.0576
 30
0.0
 10
-3079.0875
 20
-925.6569
 30
0.0
 10
-3079.0773
 20
-925.2749
 30
0.0
 10
-3079.0677
 20
-924.909
 30
0.0
 10
-3079.1249
 20
-924.5126
 30
0.0
 10
-3079.2579
 20
-924.1721
 30
0.0
 10
-3079.3781
 20
-923.8642
 30
0.0
 10
-3079.5555
 20
-923.6224
 30
0.0
 10
-3079.8719
 20
-923.5192
 30
0.0
 10
-3080.2295
 20
-923.4024
 30
0.0
 10
-3080.6992
 20
-923.4851
 30
0.0
 10
-3081.0543
 20
-923.578
 30
0.0
 10
-3081.5835
 20
-923.7164
 30
0.0
 10
-3082.1171
 20
-923.9429
 30
0.0
 10
-3082.5962
 20
-924.2114
 30
0.0
 10
-3083.1093
 20
-924.4992
 30
0.0
 10
-3083.5965
 20
-924.856
 30
0.0
 10
-3084.0416
 20
-925.245
 30
0.0
 10
-3084.5241
 20
-925.6666
 30
0.0
 10
-3084.8777
 20
-926.0815
 30
0.0
 10
-3085.2049
 20
-926.6463
 30
0.0
 10
-3085.6517
 20
-927.4178
 30
0.0
 10
-3085.9933
 20
-928.3245
 30
0.0
 10
-3086.2129
 20
-929.1921
 30
0.0
 10
-3086.482
 20
-930.2561
 30
0.0
 10
-3086.5941
 20
-931.3735
 30
0.0
 10
-3086.5841
 20
-932.4718
 30
0.0
 10
-3086.5731
 20
-933.6729
 30
0.0
 10
-3086.4145
 20
-934.8721
 30
0.0
 10
-3086.1129
 20
-936.0323
 30
0.0
 10
-3085.7877
 20
-937.2822
 30
0.0
 10
-3085.2978
 20
-938.4896
 30
0.0
 10
-3084.7555
 20
-939.6545
 30
0.0
 10
-3084.1465
 20
-940.9624
 30
0.0
 10
-3083.4633
 20
-942.2162
 30
0.0
 10
-3082.6665
 20
-943.4131
 30
0.0
 10
-3081.8106
 20
-944.6987
 30
0.0
 10
-3080.8205
 20
-945.9556
 30
0.0
 10
-3079.7784
 20
-947.0842
 30
0.0
 10
-3078.8194
 20
-948.1229
 30
0.0
 10
-3077.8155
 20
-949.0128
 30
0.0
 10
-3076.6918
 20
-949.8564
 30
0.0
 10
-3075.4833
 20
-950.7637
 30
0.0
 10
-3074.1559
 20
-951.6368
 30
0.0
 10
-3072.7988
 20
-952.2885
 30
0.0
 10
-3071.7678
 20
-952.7836
 30
0.0
 10
-3070.4543
 20
-953.2738
 30
0.0
 10
-3069.3219
 20
-953.4349
 30
0.0
 10
-3069.0079
 20
-953.4795
 30
0.0
 10
-3068.7163
 20
-953.4896
 30
0.0
 10
-3068.4009
 20
-953.4664
 30
0.0
 10
-3068.2043
 20
-953.4519
 30
0.0
 10
-3068.011
 20
-953.4268
 30
0.0
 10
-3067.8142
 20
-953.4538
 30
0.0
 10
-3067.3483
 20
-953.5179
 30
0.0
 10
-3066.7431
 20
-953.8138
 30
0.0
 10
-3066.2674
 20
-953.9529
 30
0.0
 10
-3065.5477
 20
-954.1633
 30
0.0
 10
-3064.8179
 20
-954.226
 30
0.0
 10
-3064.0723
 20
-954.1843
 30
0.0
 10
-3063.2052
 20
-954.1357
 30
0.0
 10
-3062.2082
 20
-953.9442
 30
0.0
 10
-3061.427
 20
-953.5435
 30
0.0
 10
-3060.6887
 20
-953.1648
 30
0.0
 10
-3060.1172
 20
-952.5808
 30
0.0
 10
-3059.7106
 20
-951.8447
 30
0.0
 10
-3059.38
 20
-951.2461
 30
0.0
 10
-3059.1424
 20
-950.5145
 30
0.0
 10
-3059.0706
 20
-949.8283
 30
0.0
 10
-3059.0178
 20
-949.3237
 30
0.0
 10
-3059.0675
 20
-948.9155
 30
0.0
 10
-3059.1952
 20
-948.4304
 30
0.0
 10
-3059.3243
 20
-947.9403
 30
0.0
 10
-3059.463
 20
-947.4749
 30
0.0
 10
-3059.5697
 20
-946.9756
 30
0.0
 10
-3059.5711
 20
-946.9692
 30
0.0
 10
-3059.5725
 20
-946.9628
 30
0.0
 10
-3059.5739
 20
-946.9566
 30
0.0
  0
SPLINE
  5
9B
330
1F
100
AcDbEntity
  8
Layer 1
 62
     1
370
     9
100
AcDbSpline
210
0.0
220
0.0
230
1.0
 70
    11
 71
     3
 72
    98
 73
    94
 74
     0
 42
0.0000000001
 43
0.0000000001
 40
0.0
 40
0.0
 40
0.0
 40
0.0
 40
0.032258064516129
 40
0.032258064516129
 40
0.032258064516129
 40
0.0645161290322581
 40
0.0645161290322581
 40
0.0645161290322581
 40
0.0967741935483871
 40
0.0967741935483871
 40
0.0967741935483871
 40
0.1290322580645161
 40
0.1290322580645161
 40
0.1290322580645161
 40
0.1612903225806452
 40
0.1612903225806452
 40
0.1612903225806452
 40
0.1935483870967742
 40
0.1935483870967742
 40
0.1935483870967742
 40
0.2258064516129032
 40
0.2258064516129032
 40
0.2258064516129032
 40
0.2580645161290323
 40
0.2580645161290323
 40
0.2580645161290323
 40
0.2903225806451613
 40
0.2903225806451613
 40
0.2903225806451613
 40
0.3225806451612903
 40
0.3225806451612903
 40
0.3225806451612903
 40
0.3548387096774194
 40
0.3548387096774194
 40
0.3548387096774194
 40
0.3870967741935484
 40
0.3870967741935484
 40
0.3870967741935484
 40
0.4193548387096774
 40
0.4193548387096774
 40
0.4193548387096774
 40
0.4516129032258064
 40
0.4516129032258064
 40
0.4516129032258064
 40
0.4838709677419355
 40
0.4838709677419355
 40
0.4838709677419355
 40
0.5161290322580645
 40
0.5161290322580645
 40
0.5161290322580645
 40
0.5483870967741935
 40
0.5483870967741935
 40
0.5483870967741935
 40
0.5806451612903225
 40
0.5806451612903225
 40
0.5806451612903225
 40
0.6129032258064516
 40
0.6129032258064516
 40
0.6129032258064516
 40
0.6451612903225806
 40
0.6451612903225806
 40
0.6451612903225806
 40
0.6774193548387096
 40
0.6774193548387096
 40
0.6774193548387096
 40
0.7096774193548387
 40
0.7096774193548387
 40
0.7096774193548387
 40
0.7419354838709677
 40
0.7419354838709677
 40
0.7419354838709677
 40
0.7741935483870968
 40
0.7741935483870968
 40
0.7741935483870968
 40
0.8064516129032258
 40
0.8064516129032258
 40
0.8064516129032258
 40
0.8387096774193548
 40
0.8387096774193548
 40
0.8387096774193548
 40
0.8709677419354839
 40
0.8709677419354839
 40
0.8709677419354839
 40
0.9032258064516129
 40
0.9032258064516129
 40
0.9032258064516129
 40
0.9354838709677419
 40
0.9354838709677419
 40
0.9354838709677419
 40
0.967741935483871
 40
0.967741935483871
 40
0.967741935483871
 40
1.0
 40
1.0
 40
1.0
 40
1.0
 10
-3100.6644
 20
-940.1354
 30
0.0
 10
-3100.5845
 20
-940.1674
 30
0.0
 10
-3100.4408
 20
-940.2283
 30
0.0
 10
-3100.1711
 20
-940.3461
 30
0.0
 10
-3099.6259
 20
-940.5847
 30
0.0
 10
-3098.5655
 20
-941.0566
 30
0.0
 10
-3097.9154
 20
-941.3737
 30
0.0
 10
-3097.2654
 20
-941.6907
 30
0.0
 10
-3097.0259
 20
-941.8528
 30
0.0
 10
-3096.9722
 20
-941.9339
 30
0.0
 10
-3096.9187
 20
-942.015
 30
0.0
 10
-3097.0511
 20
-942.015
 30
0.0
 10
-3097.3568
 20
-941.9573
 30
0.0
 10
-3097.6626
 20
-941.8996
 30
0.0
 10
-3098.1415
 20
-941.7842
 30
0.0
 10
-3098.5182
 20
-941.6844
 30
0.0
 10
-3098.8948
 20
-941.5847
 30
0.0
 10
-3099.169
 20
-941.5005
 30
0.0
 10
-3099.4952
 20
-941.3789
 30
0.0
 10
-3099.8214
 20
-941.2573
 30
0.0
 10
-3100.1997
 20
-941.0983
 30
0.0
 10
-3100.4691
 20
-940.9331
 30
0.0
 10
-3100.7019
 20
-940.7904
 30
0.0
 10
-3100.8536
 20
-940.643
 30
0.0
 10
-3100.9941
 20
-940.4949
 30
0.0
 10
-3101.0361
 20
-940.5569
 30
0.0
 10
-3101.0843
 20
-940.727
 30
0.0
 10
-3101.2512
 20
-941.159
 30
0.0
 10
-3101.4118
 20
-941.5746
 30
0.0
 10
-3101.6813
 20
-941.8947
 30
0.0
 10
-3101.9623
 20
-942.1382
 30
0.0
 10
-3103.1463
 20
-943.1639
 30
0.0
 10
-3104.8318
 20
-943.6823
 30
0.0
 10
-3105.3852
 20
-945.5712
 30
0.0
 10
-3105.7302
 20
-946.7491
 30
0.0
 10
-3105.4834
 20
-947.3547
 30
0.0
 10
-3105.0635
 20
-948.3235
 30
0.0
 10
-3104.9755
 20
-948.418
 30
0.0
 10
-3104.8857
 20
-948.5057
 30
0.0
 10
-3104.7313
 20
-948.5932
 30
0.0
 10
-3103.7048
 20
-947.8124
 30
0.0
 10
-3103.7663
 20
-945.8647
 30
0.0
 10
-3101.8715
 20
-944.7074
 30
0.0
 10
-3100.4088
 20
-943.8139
 30
0.0
 10
-3097.7767
 20
-943.2527
 30
0.0
 10
-3096.1035
 20
-944.2952
 30
0.0
 10
-3093.6081
 20
-945.85
 30
0.0
 10
-3096.4178
 20
-950.0376
 30
0.0
 10
-3099.7627
 20
-948.9337
 30
0.0
 10
-3101.0523
 20
-948.508
 30
0.0
 10
-3100.935
 20
-947.2338
 30
0.0
 10
-3100.4446
 20
-946.8209
 30
0.0
 10
-3100.0236
 20
-947.5244
 30
0.0
 10
-3100.2877
 20
-948.422
 30
0.0
 10
-3098.5935
 20
-948.3383
 30
0.0
 10
-3097.5457
 20
-948.2865
 30
0.0
 10
-3096.882
 20
-947.5093
 30
0.0
 10
-3096.9193
 20
-946.531
 30
0.0
 10
-3096.9949
 20
-944.5498
 30
0.0
 10
-3099.958
 20
-944.2992
 30
0.0
 10
-3101.4223
 20
-945.392
 30
0.0
 10
-3104.5709
 20
-947.742
 30
0.0
 10
-3101.7938
 20
-952.6181
 30
0.0
 10
-3096.428
 20
-950.7838
 30
0.0
 10
-3093.1724
 20
-949.6708
 30
0.0
 10
-3091.0323
 20
-945.7662
 30
0.0
 10
-3093.5045
 20
-942.4563
 30
0.0
 10
-3094.4162
 20
-941.2357
 30
0.0
 10
-3095.8854
 20
-940.4038
 30
0.0
 10
-3097.3762
 20
-939.5102
 30
0.0
 10
-3098.3246
 20
-938.9416
 30
0.0
 10
-3100.8878
 20
-937.4093
 30
0.0
 10
-3099.8174
 20
-935.7071
 30
0.0
 10
-3099.1811
 20
-935.6385
 30
0.0
 10
-3098.3785
 20
-936.0716
 30
0.0
 10
-3097.9592
 20
-935.215
 30
0.0
 10
-3096.8922
 20
-932.7174
 30
0.0
 10
-3101.189
 20
-933.0553
 30
0.0
 10
-3102.8145
 20
-933.8846
 30
0.0
 10
-3102.978
 20
-933.9679
 30
0.0
 10
-3103.0771
 20
-934.1191
 30
0.0
 10
-3103.0875
 20
-934.3008
 30
0.0
 10
-3103.0978
 20
-934.4825
 30
0.0
 10
-3103.0164
 20
-934.6436
 30
0.0
 10
-3102.8637
 20
-934.7447
 30
0.0
 10
-3102.4688
 20
-935.0057
 30
0.0
 10
-3101.6428
 20
-934.9537
 30
0.0
 10
-3101.1524
 20
-935.1907
 30
0.0
 10
-3101.6951
 20
-936.1342
 30
0.0
 10
-3102.1112
 20
-935.9229
 30
0.0
 10
-3101.9194
 20
-937.6349
 30
0.0
 10
-3101.8108
 20
-938.6031
 30
0.0
 10
-3101.2263
 20
-939.5621
 30
0.0
 10
-3100.6644
 20
-940.1354
 30
0.0
  0
ENDSEC
  0
SECTION
  2
OBJECTS
  0
DICTIONARY
  5
C
330
0
100
AcDbDictionary
281
     1
  3
ACAD_DETAILVIEWSTYLE
350
D7
  3
ACAD_GROUP
350
D
  3
ACAD_LAYOUT
350
1A
  3
ACAD_MATERIAL
350
43
  3
ACAD_MLEADERSTYLE
350
5B
  3
ACAD_MLINESTYLE
350
17
  3
ACAD_PLOTSETTINGS
350
19
  3
ACAD_PLOTSTYLENAME
350
E
  3
ACAD_SCALELIST
350
47
  3
ACAD_SECTIONVIEWSTYLE
350
D8
  3
ACAD_TABLESTYLE
350
59
  3
ACAD_VISUALSTYLE
350
2A
  3
ACDB_RECOMPOSE_DATA
350
D4
  3
AcDbVariableDictionary
350
9C
  0
SUN
  5
5D
330
29
100
AcDbSun
 90
        1
290
     0
 63
     7
421
 16777215
 40
1.0
291
     1
 91
  2455826
 92
 54000000
292
     0
 70
     2
 71
   256
280
     1
  0
DICTIONARY
  5
D7
102
{ACAD_REACTORS
330
C
102
}
330
C
100
AcDbDictionary
281
     1
  0
DICTIONARY
  5
D
102
{ACAD_REACTORS
330
C
102
}
330
C
100
AcDbDictionary
281
     1
  0
DICTIONARY
  5
1A
102
{ACAD_REACTORS
330
C
102
}
330
C
100
AcDbDictionary
281
     1
  3
Layout1
350
1E
  3
Layout2
350
26
  3
Model
350
22
  0
DICTIONARY
  5
43
102
{ACAD_REACTORS
330
C
102
}
330
C
100
AcDbDictionary
281
     1
  3
ByBlock
350
45
  3
ByLayer
350
44
  3
Global
350
46
  0
DICTIONARY
  5
5B
102
{ACAD_REACTORS
330
C
102
}
330
C
100
AcDbDictionary
281
     1
  3
Standard
350
5C
  0
DICTIONARY
  5
17
102
{ACAD_REACTORS
330
C
102
}
330
C
100
AcDbDictionary
281
     1
  3
Standard
350
18
  0
DICTIONARY
  5
19
102
{ACAD_REACTORS
330
C
102
}
330
C
100
AcDbDictionary
281
     1
  0
ACDBDICTIONARYWDFLT
  5
E
102
{ACAD_REACTORS
330
C
102
}
330
C
100
AcDbDictionary
281
     1
  3
Normal
350
F
100
AcDbDictionaryWithDefault
340
F
  0
DICTIONARY
  5
47
102
{ACAD_REACTORS
330
C
102
}
330
C
100
AcDbDictionary
281
     1
  3
A0
350
48
  3
A1
350
49
  3
A2
350
4A
  3
A3
350
4B
  3
A4
350
4C
  3
A5
350
4D
  3
A6
350
4E
  3
A7
350
4F
  3
A8
350
50
  3
A9
350
51
  3
B1
350
52
  3
B2
350
53
  3
B3
350
54
  3
B4
350
55
  3
B5
350
56
  3
B6
350
57
  3
B7
350
58
  0
DICTIONARY
  5
D8
102
{ACAD_REACTORS
330
C
102
}
330
C
100
AcDbDictionary
281
     1
  0
DICTIONARY
  5
59
102
{ACAD_REACTORS
330
C
102
}
330
C
100
AcDbDictionary
281
     1
  3
Standard
350
5A
  0
DICTIONARY
  5
2A
102
{ACAD_REACTORS
330
C
102
}
330
C
100
AcDbDictionary
281
     1
  3
2dWireframe
350
2F
  3
Basic
350
32
  3
Brighten
350
36
  3
ColorChange
350
3A
  3
Conceptual
350
34
  3
Dim
350
35
  3
EdgeColorOff
350
3D
  3
Facepattern
350
39
  3
Flat
350
2B
  3
FlatWithEdges
350
2C
  3
Gouraud
350
2D
  3
GouraudWithEdges
350
2E
  3
Hidden
350
31
  3
JitterOff
350
3B
  3
Linepattern
350
38
  3
OverhangOff
350
3C
  3
Realistic
350
33
  3
Shaded
350
42
  3
Shaded with edges
350
41
  3
Shades of Gray
350
3E
  3
Sketchy
350
3F
  3
Thicken
350
37
  3
Wireframe
350
30
  3
X-Ray
350
40
  0
XRECORD
  5
D4
102
{ACAD_REACTORS
330
C
102
}
330
C
100
AcDbXrecord
280
     1
 90
        1
330
5A
  0
DICTIONARY
  5
9C
102
{ACAD_REACTORS
330
C
102
}
330
C
100
AcDbDictionary
281
     1
  3
CANNOSCALE
350
9D
  3
CMLEADERSTYLE
350
D6
  3
CTABLESTYLE
350
D5
  3
XCLIPFRAME
350
9E
  0
LAYOUT
  5
1E
102
{ACAD_REACTORS
330
1A
102
}
330
1A
100
AcDbPlotSettings
  1

  2
none_device
  4

  6

 40
0.0
 41
0.0
 42
0.0
 43
0.0
 44
0.0
 45
0.0
 46
0.0
 47
0.0
 48
0.0
 49
0.0
140
0.0
141
0.0
142
1.0
143
1.0
 70
   688
 72
     0
 73
     0
 74
     5
  7

 75
    16
 76
     0
 77
     2
 78
   300
147
1.0
148
0.0
149
0.0
100
AcDbLayout
  1
Layout1
 70
     1
 71
     1
 10
0.0
 20
0.0
 11
12.0
 21
9.0
 12
0.0
 22
0.0
 32
0.0
 14
1.000000000000000E+20
 24
1.000000000000000E+20
 34
1.000000000000000E+20
 15
-1.000000000000000E+20
 25
-1.000000000000000E+20
 35
-1.000000000000000E+20
146
0.0
 13
0.0
 23
0.0
 33
0.0
 16
1.0
 26
0.0
 36
0.0
 17
0.0
 27
1.0
 37
0.0
 76
     0
330
1B
  0
LAYOUT
  5
26
102
{ACAD_REACTORS
330
1A
102
}
330
1A
100
AcDbPlotSettings
  1

  2
none_device
  4

  6

 40
0.0
 41
0.0
 42
0.0
 43
0.0
 44
0.0
 45
0.0
 46
0.0
 47
0.0
 48
0.0
 49
0.0
140
0.0
141
0.0
142
1.0
143
1.0
 70
   688
 72
     0
 73
     0
 74
     5
  7

 75
    16
 76
     0
 77
     2
 78
   300
147
1.0
148
0.0
149
0.0
100
AcDbLayout
  1
Layout2
 70
     1
 71
     2
 10
0.0
 20
0.0
 11
0.0
 21
0.0
 12
0.0
 22
0.0
 32
0.0
 14
0.0
 24
0.0
 34
0.0
 15
0.0
 25
0.0
 35
0.0
146
0.0
 13
0.0
 23
0.0
 33
0.0
 16
1.0
 26
0.0
 36
0.0
 17
0.0
 27
1.0
 37
0.0
 76
     0
330
23
  0
LAYOUT
  5
22
102
{ACAD_REACTORS
330
1A
102
}
330
1A
100
AcDbPlotSettings
  1

  2
none_device
  4
Letter_(8.50_x_11.00_Inches)
  6

 40
6.35
 41
6.35
 42
6.35000508
 43
6.35000508
 44
215.9
 45
279.4
 46
0.0
 47
0.0
 48
0.0
 49
0.0
140
0.0
141
0.0
142
1.0
143
1.0
 70
  1712
 72
     0
 73
     0
 74
     0
  7

 75
     0
 76
     0
 77
     2
 78
   300
147
1.0
148
0.0
149
0.0
100
AcDbLayout
  1
Model
 70
     1
 71
     0
 10
0.0
 20
0.0
 11
12.0
 21
9.0
 12
0.0
 22
0.0
 32
0.0
 14
-3157.6652
 24
-965.3234
 34
0.0
 15
-2955.3121
 25
-908.6097
 35
0.0
146
0.0
 13
0.0
 23
0.0
 33
0.0
 16
1.0
 26
0.0
 36
0.0
 17
0.0
 27
1.0
 37
0.0
 76
     0
330
1F
331
29
  0
MATERIAL
  5
45
102
{ACAD_REACTORS
330
43
102
}
330
43
100
AcDbMaterial
  1
ByBlock
 72
     1
 94
      127
  0
MATERIAL
  5
44
102
{ACAD_REACTORS
330
43
102
}
330
43
100
AcDbMaterial
  1
ByLayer
 72
     1
 94
      127
  0
MATERIAL
  5
46
102
{ACAD_REACTORS
330
43
102
}
330
43
100
AcDbMaterial
  1
Global
 72
     1
 94
      127
  0
MLEADERSTYLE
  5
5C
102
{ACAD_REACTORS
330
5B
102
}
102
{ACAD_XDICTIONARY
360
D2
102
}
330
5B
100
AcDbMLeaderStyle
170
     2
171
     1
172
     0
 90
        2
 40
0.0
 41
0.0
173
     1
 91
-1056964608
340
14
 92
       -2
290
     1
 42
0.09
291
     1
 43
0.36
  3
Standard
341
0
 44
0.18
300

342
11
174
     1
178
     6
175
     1
176
     0
 93
-1056964608
 45
0.18
292
     0
297
     0
 46
0.18
343
0
 94
-1056964608
 47
1.0
 49
1.0
140
1.0
293
     1
141
0.0
294
     1
177
     0
142
1.0
295
     0
296
     0
143
0.125
1001
ACAD_MLEADERVER
1070
     2
  0
MLINESTYLE
  5
18
102
{ACAD_REACTORS
330
17
102
}
330
17
100
AcDbMlineStyle
  2
Standard
 70
     0
  3

 62
   256
 51
90.0
 52
90.0
 71
     2
 49
0.5
 62
   256
  6
BYLAYER
 49
-0.5
 62
   256
  6
BYLAYER
  0
ACDBPLACEHOLDER
  5
F
102
{ACAD_REACTORS
330
E
102
}
330
E
  0
SCALE
  5
48
102
{ACAD_REACTORS
330
47
102
}
330
47
100
AcDbScale
 70
     0
300
1:1
140
1.0
141
1.0
290
     1
  0
SCALE
  5
49
102
{ACAD_REACTORS
330
47
102
}
330
47
100
AcDbScale
 70
     0
300
1/128" = 1'-0"
140
0.0078125
141
12.0
290
     0
  0
SCALE
  5
4A
102
{ACAD_REACTORS
330
47
102
}
330
47
100
AcDbScale
 70
     0
300
1/64" = 1'-0"
140
0.015625
141
12.0
290
     0
  0
SCALE
  5
4B
102
{ACAD_REACTORS
330
47
102
}
330
47
100
AcDbScale
 70
     0
300
1/32" = 1'-0"
140
0.03125
141
12.0
290
     0
  0
SCALE
  5
4C
102
{ACAD_REACTORS
330
47
102
}
330
47
100
AcDbScale
 70
     0
300
1/16" = 1'-0"
140
0.0625
141
12.0
290
     0
  0
SCALE
  5
4D
102
{ACAD_REACTORS
330
47
102
}
330
47
100
AcDbScale
 70
     0
300
3/32" = 1'-0"
140
0.09375
141
12.0
290
     0
  0
SCALE
  5
4E
102
{ACAD_REACTORS
330
47
102
}
330
47
100
AcDbScale
 70
     0
300
1/8" = 1'-0"
140
0.125
141
12.0
290
     0
  0
SCALE
  5
4F
102
{ACAD_REACTORS
330
47
102
}
330
47
100
AcDbScale
 70
     0
300
3/16" = 1'-0"
140
0.1875
141
12.0
290
     0
  0
SCALE
  5
50
102
{ACAD_REACTORS
330
47
102
}
330
47
100
AcDbScale
 70
     0
300
1/4" = 1'-0"
140
0.25
141
12.0
290
     0
  0
SCALE
  5
51
102
{ACAD_REACTORS
330
47
102
}
330
47
100
AcDbScale
 70
     0
300
3/8" = 1'-0"
140
0.375
141
12.0
290
     0
  0
SCALE
  5
52
102
{ACAD_REACTORS
330
47
102
}
330
47
100
AcDbScale
 70
     0
300
1/2" = 1'-0"
140
0.5
141
12.0
290
     0
  0
SCALE
  5
53
102
{ACAD_REACTORS
330
47
102
}
330
47
100
AcDbScale
 70
     0
300
3/4" = 1'-0"
140
0.75
141
12.0
290
     0
  0
SCALE
  5
54
102
{ACAD_REACTORS
330
47
102
}
330
47
100
AcDbScale
 70
     0
300
1" = 1'-0"
140
1.0
141
12.0
290
     0
  0
SCALE
  5
55
102
{ACAD_REACTORS
330
47
102
}
330
47
100
AcDbScale
 70
     0
300
1-1/2" = 1'-0"
140
1.5
141
12.0
290
     0
  0
SCALE
  5
56
102
{ACAD_REACTORS
330
47
102
}
330
47
100
AcDbScale
 70
     0
300
3" = 1'-0"
140
3.0
141
12.0
290
     0
  0
SCALE
  5
57
102
{ACAD_REACTORS
330
47
102
}
330
47
100
AcDbScale
 70
     0
300
6" = 1'-0"
140
6.0
141
12.0
290
     0
  0
SCALE
  5
58
102
{ACAD_REACTORS
330
47
102
}
330
47
100
AcDbScale
 70
     0
300
1'-0" = 1'-0"
140
12.0
141
12.0
290
     0
  0
TABLESTYLE
  5
5A
102
{ACAD_REACTORS
330
59
102
}
102
{ACAD_XDICTIONARY
360
CF
102
}
330
59
100
AcDbTableStyle
  3
Standard
 70
     0
 71
     0
 40
0.06
 41
0.06
280
     0
281
     0
  7
Standard
140
0.18
170
     2
 62
     0
 63
   257
283
     0
 90
        4
 91
        0
  1

274
    -2
284
     1
 64
     0
275
    -2
285
     1
 65
     0
276
    -2
286
     1
 66
     0
277
    -2
287
     1
 67
     0
278
    -2
288
     1
 68
     0
279
    -2
289
     1
 69
     0
  7
Standard
140
0.25
170
     5
 62
     0
 63
   257
283
     0
 90
        4
 91
        0
  1

274
    -2
284
     1
 64
     0
275
    -2
285
     1
 65
     0
276
    -2
286
     1
 66
     0
277
    -2
287
     1
 67
     0
278
    -2
288
     1
 68
     0
279
    -2
289
     1
 69
     0
  7
Standard
140
0.18
170
     5
 62
     0
 63
   257
283
     0
 90
        4
 91
        0
  1

274
    -2
284
     1
 64
     0
275
    -2
285
     1
 65
     0
276
    -2
286
     1
 66
     0
277
    -2
287
     1
 67
     0
278
    -2
288
     1
 68
     0
279
    -2
289
     1
 69
     0
  0
VISUALSTYLE
  5
2F
102
{ACAD_REACTORS
330
2A
102
}
102
{ACAD_XDICTIONARY
360
A7
102
}
330
2A
100
AcDbVisualStyle
  2
2dWireframe
 70
     4
 71
     0
 72
     2
 73
     0
 90
        0
 40
0.6
 41
30.0
 62
     5
 63
     7
421
 16777215
 74
     1
 91
        4
 64
     7
 65
   257
 75
     1
175
     1
 42
1.0
 92
        0
 66
   257
 43
1.0
 76
     1
 77
     6
 78
     2
 67
     7
 79
     5
170
     0
171
     0
290
     0
174
     0
 93
        1
 44
0.0
173
     0
291
     0
 45
0.0
  0
VISUALSTYLE
  5
32
102
{ACAD_REACTORS
330
2A
102
}
102
{ACAD_XDICTIONARY
360
AD
102
}
330
2A
100
AcDbVisualStyle
  2
Basic
 70
     7
 71
     1
 72
     0
 73
     1
 90
        0
 40
0.6
 41
30.0
 62
     5
 63
     7
421
 16777215
 74
     0
 91
        4
 64
     7
 65
   257
 75
     1
175
     1
 42
1.0
 92
        8
 66
     7
 43
1.0
 76
     1
 77
     6
 78
     2
 67
     7
 79
     5
170
     0
171
     0
290
     0
174
     0
 93
        1
 44
0.0
173
     0
291
     1
 45
0.0
  0
VISUALSTYLE
  5
36
102
{ACAD_REACTORS
330
2A
102
}
102
{ACAD_XDICTIONARY
360
B5
102
}
330
2A
100
AcDbVisualStyle
  2
Brighten
 70
    12
 71
     2
 72
     2
 73
     0
 90
        0
 40
0.6
 41
30.0
 62
     5
 63
     7
421
 16777215
 74
     1
 91
        4
 64
     7
 65
   257
 75
     1
175
     1
 42
1.0
 92
        8
 66
     7
 43
1.0
 76
     1
 77
     6
 78
     2
 67
     7
 79
     5
170
     0
171
     0
290
     0
174
     0
 93
        1
 44
50.0
173
     0
291
     1
 45
0.0
  0
VISUALSTYLE
  5
3A
102
{ACAD_REACTORS
330
2A
102
}
102
{ACAD_XDICTIONARY
360
BD
102
}
330
2A
100
AcDbVisualStyle
  2
ColorChange
 70
    16
 71
     2
 72
     2
 73
     3
 90
        0
 40
0.6
 41
30.0
 62
     5
 63
     8
421
  8421504
 74
     1
 91
        4
 64
     7
 65
   257
 75
     1
175
     1
 42
1.0
 92
        8
 66
     8
424
  8421504
 43
1.0
 76
     1
 77
     6
 78
     2
 67
     7
 79
     5
170
     0
171
     0
290
     0
174
     0
 93
        1
 44
0.0
173
     0
291
     1
 45
0.0
  0
VISUALSTYLE
  5
34
102
{ACAD_REACTORS
330
2A
102
}
102
{ACAD_XDICTIONARY
360
B1
102
}
330
2A
100
AcDbVisualStyle
  2
Conceptual
 70
     9
 71
     3
 72
     2
 73
     0
 90
        0
 40
0.6
 41
30.0
 62
     5
 63
     7
421
 16777215
 74
     2
 91
        2
 64
     7
 65
   257
 75
     1
175
     1
 42
179.0
 92
        8
 66
     7
 43
1.0
 76
     1
 77
     6
 78
     2
 67
     7
 79
     3
170
     0
171
     0
290
     0
174
     0
 93
        1
 44
0.0
173
     0
291
     0
 45
0.0
  0
VISUALSTYLE
  5
35
102
{ACAD_REACTORS
330
2A
102
}
102
{ACAD_XDICTIONARY
360
B3
102
}
330
2A
100
AcDbVisualStyle
  2
Dim
 70
    11
 71
     2
 72
     2
 73
     0
 90
        0
 40
0.6
 41
30.0
 62
     5
 63
     7
421
 16777215
 74
     1
 91
        4
 64
     7
 65
   257
 75
     1
175
     1
 42
1.0
 92
        8
 66
     7
 43
1.0
 76
     1
 77
     6
 78
     2
 67
     7
 79
     5
170
     0
171
     0
290
     0
174
     0
 93
        1
 44
-50.0
173
     0
291
     1
 45
0.0
  0
VISUALSTYLE
  5
3D
102
{ACAD_REACTORS
330
2A
102
}
102
{ACAD_XDICTIONARY
360
C3
102
}
330
2A
100
AcDbVisualStyle
  2
EdgeColorOff
 70
    22
 71
     2
 72
     2
 73
     0
 90
        0
 40
0.6
 41
30.0
 62
     5
 63
     7
421
 16777215
 74
     1
 91
        4
 64
     7
 65
   257
 75
     1
175
     1
 42
1.0
 92
        8
 66
     7
 43
1.0
 76
     1
 77
     6
 78
     2
 67
     7
 79
     5
170
     0
171
     0
290
     0
174
     0
 93
        1
 44
0.0
173
     0
291
     1
 45
0.0
  0
VISUALSTYLE
  5
39
102
{ACAD_REACTORS
330
2A
102
}
102
{ACAD_XDICTIONARY
360
BB
102
}
330
2A
100
AcDbVisualStyle
  2
Facepattern
 70
    15
 71
     2
 72
     2
 73
     0
 90
        0
 40
0.6
 41
30.0
 62
     5
 63
     7
421
 16777215
 74
     1
 91
        4
 64
     7
 65
   257
 75
     1
175
     1
 42
1.0
 92
        8
 66
     7
 43
1.0
 76
     1
 77
     6
 78
     2
 67
     7
 79
     5
170
     0
171
     0
290
     0
174
     0
 93
        1
 44
0.0
173
     0
291
     1
 45
0.0
  0
VISUALSTYLE
  5
2B
102
{ACAD_REACTORS
330
2A
102
}
102
{ACAD_XDICTIONARY
360
9F
102
}
330
2A
100
AcDbVisualStyle
  2
Flat
 70
     0
 71
     2
 72
     1
 73
     1
 90
        2
 40
0.6
 41
30.0
 62
     5
 63
     7
421
 16777215
 74
     0
 91
        0
 64
     7
 65
   257
 75
     1
175
     1
 42
1.0
 92
        8
 66
     7
 43
1.0
 76
     1
 77
     6
 78
     2
 67
     7
 79
     5
170
     0
171
     0
290
     0
174
     0
 93
       13
 44
0.0
173
     0
291
     1
 45
0.0
  0
VISUALSTYLE
  5
2C
102
{ACAD_REACTORS
330
2A
102
}
102
{ACAD_XDICTIONARY
360
A1
102
}
330
2A
100
AcDbVisualStyle
  2
FlatWithEdges
 70
     1
 71
     2
 72
     1
 73
     1
 90
        2
 40
0.6
 41
30.0
 62
     5
 63
     7
421
 16777215
 74
     1
 91
        0
 64
     7
 65
   257
 75
     1
175
     1
 42
1.0
 92
        0
 66
   257
 43
1.0
 76
     1
 77
     6
 78
     2
 67
     7
 79
     5
170
     0
171
     0
290
     0
174
     0
 93
       13
 44
0.0
173
     0
291
     1
 45
0.0
  0
VISUALSTYLE
  5
2D
102
{ACAD_REACTORS
330
2A
102
}
102
{ACAD_XDICTIONARY
360
A3
102
}
330
2A
100
AcDbVisualStyle
  2
Gouraud
 70
     2
 71
     2
 72
     2
 73
     1
 90
        2
 40
0.6
 41
30.0
 62
     5
 63
     7
421
 16777215
 74
     0
 91
        0
 64
     7
 65
   257
 75
     1
175
     1
 42
1.0
 92
        0
 66
     7
 43
1.0
 76
     1
 77
     6
 78
     2
 67
     7
 79
     5
170
     0
171
     0
290
     0
174
     0
 93
       13
 44
0.0
173
     0
291
     1
 45
0.0
  0
VISUALSTYLE
  5
2E
102
{ACAD_REACTORS
330
2A
102
}
102
{ACAD_XDICTIONARY
360
A5
102
}
330
2A
100
AcDbVisualStyle
  2
GouraudWithEdges
 70
     3
 71
     2
 72
     2
 73
     1
 90
        2
 40
0.6
 41
30.0
 62
     5
 63
     7
421
 16777215
 74
     1
 91
        0
 64
     7
 65
   257
 75
     1
175
     1
 42
1.0
 92
        0
 66
   257
 43
1.0
 76
     1
 77
     6
 78
     2
 67
     7
 79
     5
170
     0
171
     0
290
     0
174
     0
 93
       13
 44
0.0
173
     0
291
     1
 45
0.0
  0
VISUALSTYLE
  5
31
102
{ACAD_REACTORS
330
2A
102
}
102
{ACAD_XDICTIONARY
360
AB
102
}
330
2A
100
AcDbVisualStyle
  2
Hidden
 70
     6
 71
     1
 72
     2
 73
     2
 90
        0
 40
0.6
 41
30.0
 62
     5
 63
     7
421
 16777215
 74
     2
 91
        2
 64
     7
 65
   257
 75
     2
175
     1
 42
40.0
 92
        0
 66
   257
 43
1.0
 76
     1
 77
     6
 78
     2
 67
     7
 79
     3
170
     0
171
     0
290
     0
174
     0
 93
        1
 44
0.0
173
     0
291
     0
 45
0.0
  0
VISUALSTYLE
  5
3B
102
{ACAD_REACTORS
330
2A
102
}
102
{ACAD_XDICTIONARY
360
BF
102
}
330
2A
100
AcDbVisualStyle
  2
JitterOff
 70
    20
 71
     2
 72
     2
 73
     0
 90
        0
 40
0.6
 41
30.0
 62
     5
 63
     7
421
 16777215
 74
     1
 91
        4
 64
     7
 65
   257
 75
     1
175
     1
 42
1.0
 92
       10
 66
     7
 43
1.0
 76
     1
 77
     6
 78
     2
 67
     7
 79
     5
170
     0
171
     0
290
     0
174
     0
 93
        1
 44
0.0
173
     0
291
     1
 45
0.0
  0
VISUALSTYLE
  5
38
102
{ACAD_REACTORS
330
2A
102
}
102
{ACAD_XDICTIONARY
360
B9
102
}
330
2A
100
AcDbVisualStyle
  2
Linepattern
 70
    14
 71
     2
 72
     2
 73
     0
 90
        0
 40
0.6
 41
30.0
 62
     5
 63
     7
421
 16777215
 74
     1
 91
        4
 64
     7
 65
   257
 75
     7
175
     7
 42
1.0
 92
        8
 66
     7
 43
1.0
 76
     1
 77
     6
 78
     2
 67
     7
 79
     5
170
     0
171
     0
290
     0
174
     0
 93
        1
 44
0.0
173
     0
291
     1
 45
0.0
  0
VISUALSTYLE
  5
3C
102
{ACAD_REACTORS
330
2A
102
}
102
{ACAD_XDICTIONARY
360
C1
102
}
330
2A
100
AcDbVisualStyle
  2
OverhangOff
 70
    21
 71
     2
 72
     2
 73
     0
 90
        0
 40
0.6
 41
30.0
 62
     5
 63
     7
421
 16777215
 74
     1
 91
        4
 64
     7
 65
   257
 75
     1
175
     1
 42
1.0
 92
        9
 66
     7
 43
1.0
 76
     1
 77
     6
 78
     2
 67
     7
 79
     5
170
     0
171
     0
290
     0
174
     0
 93
        1
 44
0.0
173
     0
291
     1
 45
0.0
  0
VISUALSTYLE
  5
33
102
{ACAD_REACTORS
330
2A
102
}
102
{ACAD_XDICTIONARY
360
AF
102
}
330
2A
100
AcDbVisualStyle
  2
Realistic
 70
     8
 71
     2
 72
     3
 73
     0
 90
        2
 40
0.6
 41
30.0
 62
     5
 63
     7
421
 16777215
 74
     0
 91
        0
 64
     7
 65
   257
 75
     1
175
     1
 42
1.0
 92
        8
 66
   257
 43
1.0
 76
     1
 77
     6
 78
     2
 67
     7
 79
     3
170
     0
171
     0
290
     0
174
     0
 93
       13
 44
0.0
173
     0
291
     0
 45
0.0
  0
VISUALSTYLE
  5
42
102
{ACAD_REACTORS
330
2A
102
}
102
{ACAD_XDICTIONARY
360
CD
102
}
330
2A
100
AcDbVisualStyle
  2
Shaded
 70
    27
 71
     2
 72
     2
 73
     1
 90
        2
 40
0.6
 41
30.0
 62
     5
 63
     7
421
 16777215
 74
     0
 91
        4
 64
     7
 65
   257
 75
     1
175
     1
 42
1.0
 92
        8
 66
   257
 43
1.0
 76
     1
 77
     6
 78
     2
 67
     8
425
  7895160
 79
     3
170
     0
171
     0
290
     0
174
     0
 93
        5
 44
0.0
173
     0
291
     0
 45
0.0
  0
VISUALSTYLE
  5
41
102
{ACAD_REACTORS
330
2A
102
}
102
{ACAD_XDICTIONARY
360
CB
102
}
330
2A
100
AcDbVisualStyle
  2
Shaded with edges
 70
    26
 71
     2
 72
     2
 73
     1
 90
        2
 40
0.6
 41
30.0
 62
     5
 63
     7
421
 16777215
 74
     1
 91
       10
 64
     7
 65
   257
 75
     2
175
     1
 42
1.0
 92
        8
 66
   257
 43
1.0
 76
     1
 77
     6
 78
     2
 67
     7
 79
     3
170
     0
171
     0
290
     0
174
     0
 93
        5
 44
0.0
173
     0
291
     0
 45
0.0
  0
VISUALSTYLE
  5
3E
102
{ACAD_REACTORS
330
2A
102
}
102
{ACAD_XDICTIONARY
360
C5
102
}
330
2A
100
AcDbVisualStyle
  2
Shades of Gray
 70
    23
 71
     2
 72
     2
 73
     3
 90
        0
 40
0.6
 41
30.0
 62
     5
 63
     7
421
 16777215
 74
     2
 91
        2
 64
     7
 65
     7
 75
     1
175
     1
 42
40.0
 92
        8
 66
     7
 43
1.0
 76
     1
 77
     6
 78
     2
 67
     7
 79
     3
170
     0
171
     0
290
     0
174
     0
 93
        1
 44
0.0
173
     0
291
     0
 45
0.0
  0
VISUALSTYLE
  5
3F
102
{ACAD_REACTORS
330
2A
102
}
102
{ACAD_XDICTIONARY
360
C7
102
}
330
2A
100
AcDbVisualStyle
  2
Sketchy
 70
    24
 71
     1
 72
     2
 73
     2
 90
        0
 40
0.6
 41
30.0
 62
     5
 63
     7
421
 16777215
 74
     2
 91
        2
 64
     7
 65
     7
 75
     1
175
     1
 42
40.0
 92
       11
 66
     7
 43
1.0
 76
     1
 77
     6
 78
     2
 67
     7
 79
     6
170
     0
171
     0
290
     0
174
     0
 93
        1
 44
0.0
173
     0
291
     0
 45
0.0
  0
VISUALSTYLE
  5
37
102
{ACAD_REACTORS
330
2A
102
}
102
{ACAD_XDICTIONARY
360
B7
102
}
330
2A
100
AcDbVisualStyle
  2
Thicken
 70
    13
 71
     2
 72
     2
 73
     0
 90
        0
 40
0.6
 41
30.0
 62
     5
 63
     7
421
 16777215
 74
     1
 91
        4
 64
     7
 65
   257
 75
     1
175
     1
 42
1.0
 92
       12
 66
     7
 43
1.0
 76
     1
 77
     6
 78
     2
 67
     7
 79
     5
170
     0
171
     0
290
     0
174
     0
 93
        1
 44
0.0
173
     0
291
     1
 45
0.0
  0
VISUALSTYLE
  5
30
102
{ACAD_REACTORS
330
2A
102
}
102
{ACAD_XDICTIONARY
360
A9
102
}
330
2A
100
AcDbVisualStyle
  2
Wireframe
 70
     5
 71
     0
 72
     2
 73
     0
 90
        0
 40
0.6
 41
30.0
 62
     5
 63
     7
421
 16777215
 74
     1
 91
        4
 64
     7
 65
   257
 75
     1
175
     1
 42
1.0
 92
        0
 66
   257
 43
1.0
 76
     1
 77
     6
 78
     2
 67
     7
 79
     3
170
     0
171
     0
290
     0
174
     0
 93
        1
 44
0.0
173
     0
291
     0
 45
0.0
  0
VISUALSTYLE
  5
40
102
{ACAD_REACTORS
330
2A
102
}
102
{ACAD_XDICTIONARY
360
C9
102
}
330
2A
100
AcDbVisualStyle
  2
X-Ray
 70
    25
 71
     2
 72
     2
 73
     1
 90
        1
 40
0.5
 41
30.0
 62
     5
 63
     7
421
 16777215
 74
     1
 91
        0
 64
     7
 65
   257
 75
     1
175
     1
 42
1.0
 92
        8
 66
     7
 43
1.0
 76
     1
 77
     6
 78
     2
 67
     7
 79
     3
170
     0
171
     0
290
     0
174
     0
 93
       13
 44
0.0
173
     0
291
     0
 45
0.0
  0
DICTIONARYVAR
  5
9D
102
{ACAD_REACTORS
330
9C
102
}
330
9C
100
DictionaryVariables
280
     0
  1
1:1
  0
DICTIONARYVAR
  5
D6
102
{ACAD_REACTORS
330
9C
102
}
330
9C
100
DictionaryVariables
280
     0
  1
Standard
  0
DICTIONARYVAR
  5
D5
102
{ACAD_REACTORS
330
9C
102
}
330
9C
100
DictionaryVariables
280
     0
  1
Standard
  0
DICTIONARYVAR
  5
9E
102
{ACAD_REACTORS
330
9C
102
}
330
9C
100
DictionaryVariables
280
     0
  1
2
  0
DICTIONARY
  5
D2
330
5C
100
AcDbDictionary
280
     1
281
     1
  3
ACAD_XREC_ROUNDTRIP
360
D3
  0
DICTIONARY
  5
CF
330
5A
100
AcDbDictionary
280
     1
281
     1
  3
ACAD_ROUNDTRIP_2008_TABLESTYLE_CELLSTYLEMAP
360
D0
  0
DICTIONARY
  5
A7
330
2F
100
AcDbDictionary
280
     1
281
     1
  3
ACAD_XREC_ROUNDTRIP
360
A8
  0
DICTIONARY
  5
AD
330
32
100
AcDbDictionary
280
     1
281
     1
  3
ACAD_XREC_ROUNDTRIP
360
AE
  0
DICTIONARY
  5
B5
330
36
100
AcDbDictionary
280
     1
281
     1
  3
ACAD_XREC_ROUNDTRIP
360
B6
  0
DICTIONARY
  5
BD
330
3A
100
AcDbDictionary
280
     1
281
     1
  3
ACAD_XREC_ROUNDTRIP
360
BE
  0
DICTIONARY
  5
B1
330
34
100
AcDbDictionary
280
     1
281
     1
  3
ACAD_XREC_ROUNDTRIP
360
B2
  0
DICTIONARY
  5
B3
330
35
100
AcDbDictionary
280
     1
281
     1
  3
ACAD_XREC_ROUNDTRIP
360
B4
  0
DICTIONARY
  5
C3
330
3D
100
AcDbDictionary
280
     1
281
     1
  3
ACAD_XREC_ROUNDTRIP
360
C4
  0
DICTIONARY
  5
BB
330
39
100
AcDbDictionary
280
     1
281
     1
  3
ACAD_XREC_ROUNDTRIP
360
BC
  0
DICTIONARY
  5
9F
330
2B
100
AcDbDictionary
280
     1
281
     1
  3
ACAD_XREC_ROUNDTRIP
360
A0
  0
DICTIONARY
  5
A1
330
2C
100
AcDbDictionary
280
     1
281
     1
  3
ACAD_XREC_ROUNDTRIP
360
A2
  0
DICTIONARY
  5
A3
330
2D
100
AcDbDictionary
280
     1
281
     1
  3
ACAD_XREC_ROUNDTRIP
360
A4
  0
DICTIONARY
  5
A5
330
2E
100
AcDbDictionary
280
     1
281
     1
  3
ACAD_XREC_ROUNDTRIP
360
A6
  0
DICTIONARY
  5
AB
330
31
100
AcDbDictionary
280
     1
281
     1
  3
ACAD_XREC_ROUNDTRIP
360
AC
  0
DICTIONARY
  5
BF
330
3B
100
AcDbDictionary
280
     1
281
     1
  3
ACAD_XREC_ROUNDTRIP
360
C0
  0
DICTIONARY
  5
B9
330
38
100
AcDbDictionary
280
     1
281
     1
  3
ACAD_XREC_ROUNDTRIP
360
BA
  0
DICTIONARY
  5
C1
330
3C
100
AcDbDictionary
280
     1
281
     1
  3
ACAD_XREC_ROUNDTRIP
360
C2
  0
DICTIONARY
  5
AF
330
33
100
AcDbDictionary
280
     1
281
     1
  3
ACAD_XREC_ROUNDTRIP
360
B0
  0
DICTIONARY
  5
CD
330
42
100
AcDbDictionary
280
     1
281
     1
  3
ACAD_XREC_ROUNDTRIP
360
CE
  0
DICTIONARY
  5
CB
330
41
100
AcDbDictionary
280
     1
281
     1
  3
ACAD_XREC_ROUNDTRIP
360
CC
  0
DICTIONARY
  5
C5
330
3E
100
AcDbDictionary
280
     1
281
     1
  3
ACAD_XREC_ROUNDTRIP
360
C6
  0
DICTIONARY
  5
C7
330
3F
100
AcDbDictionary
280
     1
281
     1
  3
ACAD_XREC_ROUNDTRIP
360
C8
  0
DICTIONARY
  5
B7
330
37
100
AcDbDictionary
280
     1
281
     1
  3
ACAD_XREC_ROUNDTRIP
360
B8
  0
DICTIONARY
  5
A9
330
30
100
AcDbDictionary
280
     1
281
     1
  3
ACAD_XREC_ROUNDTRIP
360
AA
  0
DICTIONARY
  5
C9
330
40
100
AcDbDictionary
280
     1
281
     1
  3
ACAD_XREC_ROUNDTRIP
360
CA
  0
XRECORD
  5
D3
102
{ACAD_REACTORS
330
D2
102
}
330
D2
100
AcDbXrecord
280
     1
102
ACAD_ROUNDTRIP_2010_MLEADER_STYLE
  0
CELLSTYLEMAP
  5
D0
102
{ACAD_REACTORS
330
CF
102
}
330
CF
100
AcDbCellStyleMap
 90
        3
300
CELLSTYLE
  1
TABLEFORMAT_BEGIN
 90
        5
170
     1
 91
        0
 92
    32768
 62
   257
 93
        1
300
CONTENTFORMAT
  1
CONTENTFORMAT_BEGIN
 90
        0
 91
        0
 92
        4
 93
        0
300

 40
0.0
140
1.0
 94
        5
 62
     0
340
11
144
0.25
309
CONTENTFORMAT_END
171
     1
301
MARGIN
  1
CELLMARGIN_BEGIN
 40
0.06
 40
0.06
 40
0.06
 40
0.06
 40
0.06
 40
0.06
309
CELLMARGIN_END
 94
        6
 95
        1
302
GRIDFORMAT
  1
GRIDFORMAT_BEGIN
 90
        0
 91
        1
 62
     0
 92
       -2
340
14
 93
        0
 40
0.045
309
GRIDFORMAT_END
 95
        2
302
GRIDFORMAT
  1
GRIDFORMAT_BEGIN
 90
        0
 91
        1
 62
     0
 92
       -2
340
14
 93
        0
 40
0.045
309
GRIDFORMAT_END
 95
        4
302
GRIDFORMAT
  1
GRIDFORMAT_BEGIN
 90
        0
 91
        1
 62
     0
 92
       -2
340
14
 93
        0
 40
0.045
309
GRIDFORMAT_END
 95
        8
302
GRIDFORMAT
  1
GRIDFORMAT_BEGIN
 90
        0
 91
        1
 62
     0
 92
       -2
340
14
 93
        0
 40
0.045
309
GRIDFORMAT_END
 95
       16
302
GRIDFORMAT
  1
GRIDFORMAT_BEGIN
 90
        0
 91
        1
 62
     0
 92
       -2
340
14
 93
        0
 40
0.045
309
GRIDFORMAT_END
 95
       32
302
GRIDFORMAT
  1
GRIDFORMAT_BEGIN
 90
        0
 91
        1
 62
     0
 92
       -2
340
14
 93
        0
 40
0.045
309
GRIDFORMAT_END
309
TABLEFORMAT_END
  1
CELLSTYLE_BEGIN
 90
        1
 91
        1
300
_TITLE
309
CELLSTYLE_END
300
CELLSTYLE
  1
TABLEFORMAT_BEGIN
 90
        5
170
     1
 91
        0
 92
        0
 62
   257
 93
        1
300
CONTENTFORMAT
  1
CONTENTFORMAT_BEGIN
 90
        0
 91
        0
 92
        4
 93
        0
300

 40
0.0
140
1.0
 94
        5
 62
     0
340
11
144
0.18
309
CONTENTFORMAT_END
171
     1
301
MARGIN
  1
CELLMARGIN_BEGIN
 40
0.06
 40
0.06
 40
0.06
 40
0.06
 40
0.06
 40
0.06
309
CELLMARGIN_END
 94
        6
 95
        1
302
GRIDFORMAT
  1
GRIDFORMAT_BEGIN
 90
        0
 91
        1
 62
     0
 92
       -2
340
14
 93
        0
 40
0.045
309
GRIDFORMAT_END
 95
        2
302
GRIDFORMAT
  1
GRIDFORMAT_BEGIN
 90
        0
 91
        1
 62
     0
 92
       -2
340
14
 93
        0
 40
0.045
309
GRIDFORMAT_END
 95
        4
302
GRIDFORMAT
  1
GRIDFORMAT_BEGIN
 90
        0
 91
        1
 62
     0
 92
       -2
340
14
 93
        0
 40
0.045
309
GRIDFORMAT_END
 95
        8
302
GRIDFORMAT
  1
GRIDFORMAT_BEGIN
 90
        0
 91
        1
 62
     0
 92
       -2
340
14
 93
        0
 40
0.045
309
GRIDFORMAT_END
 95
       16
302
GRIDFORMAT
  1
GRIDFORMAT_BEGIN
 90
        0
 91
        1
 62
     0
 92
       -2
340
14
 93
        0
 40
0.045
309
GRIDFORMAT_END
 95
       32
302
GRIDFORMAT
  1
GRIDFORMAT_BEGIN
 90
        0
 91
        1
 62
     0
 92
       -2
340
14
 93
        0
 40
0.045
309
GRIDFORMAT_END
309
TABLEFORMAT_END
  1
CELLSTYLE_BEGIN
 90
        2
 91
        1
300
_HEADER
309
CELLSTYLE_END
300
CELLSTYLE
  1
TABLEFORMAT_BEGIN
 90
        5
170
     1
 91
        0
 92
        0
 62
   257
 93
        1
300
CONTENTFORMAT
  1
CONTENTFORMAT_BEGIN
 90
        0
 91
        0
 92
        4
 93
        0
300

 40
0.0
140
1.0
 94
        2
 62
     0
340
11
144
0.18
309
CONTENTFORMAT_END
171
     1
301
MARGIN
  1
CELLMARGIN_BEGIN
 40
0.06
 40
0.06
 40
0.06
 40
0.06
 40
0.06
 40
0.06
309
CELLMARGIN_END
 94
        6
 95
        1
302
GRIDFORMAT
  1
GRIDFORMAT_BEGIN
 90
        0
 91
        1
 62
     0
 92
       -2
340
14
 93
        0
 40
0.045
309
GRIDFORMAT_END
 95
        2
302
GRIDFORMAT
  1
GRIDFORMAT_BEGIN
 90
        0
 91
        1
 62
     0
 92
       -2
340
14
 93
        0
 40
0.045
309
GRIDFORMAT_END
 95
        4
302
GRIDFORMAT
  1
GRIDFORMAT_BEGIN
 90
        0
 91
        1
 62
     0
 92
       -2
340
14
 93
        0
 40
0.045
309
GRIDFORMAT_END
 95
        8
302
GRIDFORMAT
  1
GRIDFORMAT_BEGIN
 90
        0
 91
        1
 62
     0
 92
       -2
340
14
 93
        0
 40
0.045
309
GRIDFORMAT_END
 95
       16
302
GRIDFORMAT
  1
GRIDFORMAT_BEGIN
 90
        0
 91
        1
 62
     0
 92
       -2
340
14
 93
        0
 40
0.045
309
GRIDFORMAT_END
 95
       32
302
GRIDFORMAT
  1
GRIDFORMAT_BEGIN
 90
        0
 91
        1
 62
     0
 92
       -2
340
14
 93
        0
 40
0.045
309
GRIDFORMAT_END
309
TABLEFORMAT_END
  1
CELLSTYLE_BEGIN
 90
        3
 91
        2
300
_DATA
309
CELLSTYLE_END
  0
XRECORD
  5
A8
102
{ACAD_REACTORS
330
A7
102
}
330
A7
100
AcDbXrecord
280
     1
102
RTVSPropertyOp0
 70
     1
102
RTVSPropertyOp1
 70
     1
102
RTVSPropertyOp2
 70
     1
102
RTVSPropertyOp3
 70
     1
102
RTVSPropertyOp4
 70
     1
102
RTVSPropertyOp5
 70
     1
102
RTVSPropertyOp6
 70
     1
102
RTVSPropertyOp7
 70
     1
102
RTVSPropertyOp8
 70
     1
102
RTVSPropertyOp9
 70
     1
102
RTVSPropertyOp10
 70
     1
102
RTVSPropertyOp11
 70
     1
102
RTVSPropertyOp12
 70
     1
102
RTVSPropertyOp13
 70
     1
102
RTVSPropertyOp14
 70
     1
102
RTVSPropertyOp15
 70
     1
102
RTVSPropertyOp16
 70
     1
102
RTVSPropertyOp17
 70
     1
102
RTVSPropertyOp18
 70
     1
102
RTVSPropertyOp19
 70
     1
102
RTVSPropertyOp20
 70
     1
102
RTVSPropertyOp21
 70
     1
102
RTVSPropertyOp22
 70
     1
102
RTVSPropertyOp23
 70
     1
102
RTVSPropertyOp24
 70
     1
102
RTVSPropertyOp25
 70
     1
102
RTVSPropertyOp26
 70
     1
102
RTVSPropertyOp27
 70
     1
102
RTVSPropertyOp28
 70
     1
102
RTVSPropertyOp29
 70
     1
102
RTVSPropertyOp30
 70
     1
102
RTVSPropertyOp31
 70
     1
102
RTVSPropertyOp32
 70
     1
102
RTVSPropertyOp33
 70
     1
102
RTVSPropertyOp34
 70
     1
102
RTVSPropertyOp35
 70
     1
102
RTVSPropertyOp36
 70
     1
102
RTVSPropertyOp37
 70
     1
102
RTVSPropertyOp38
 70
     1
102
RTVSPropertyOp39
 70
     1
102
RTVSPropertyOp40
 70
     1
102
RTVSPropertyOp41
 70
     1
102
RTVSPropertyOp42
 70
     1
102
RTVSPropertyOp43
 70
     1
102
RTVSPropertyOp44
 70
     1
102
RTVSPropertyOp45
 70
     1
102
RTVSPropertyOp46
 70
     1
102
RTVSPropertyOp47
 70
     1
102
RTVSPropertyOp48
 70
     1
102
RTVSPropertyOp49
 70
     1
102
RTVSPropertyOp50
 70
     1
102
RTVSPropertyOp51
 70
     0
102
RTVSPropertyOp52
 70
     0
102
RTVSPropertyOp53
 70
     1
102
RTVSPropertyOp54
 70
     1
102
RTVSPropertyOp55
 70
     1
102
RTVSPropertyOp56
 70
     1
102
RTVSPropertyOp57
 70
     1
102
RTVSPost2010Prop28
280
     1
102
RTVSPost2010PropOp28
 70
     1
102
RTVSPost2010Prop29
280
     1
102
RTVSPost2010PropOp29
 70
     1
102
RTVSPost2010Prop30
280
     0
102
RTVSPost2010PropOp30
 70
     1
102
RTVSPost2010Prop31
280
     0
102
RTVSPost2010PropOp31
 70
     1
102
RTVSPost2010Prop32
280
     0
102
RTVSPost2010PropOp32
 70
     1
102
RTVSPost2010Prop33
280
     0
102
RTVSPost2010PropOp33
 70
     1
102
RTVSPost2010Prop34
280
     0
102
RTVSPost2010PropOp34
 70
     1
102
RTVSPost2010Prop35
280
     0
102
RTVSPost2010PropOp35
 70
     1
102
RTVSPost2010Prop36
280
     0
102
RTVSPost2010PropOp36
 70
     1
102
RTVSPost2010Prop37
 90
       50
102
RTVSPost2010PropOp37
 70
     1
102
RTVSPost2010Prop38
140
0.0
102
RTVSPost2010PropOp38
 70
     1
102
RTVSPost2010Prop39
140
1.0
102
RTVSPost2010PropOp39
 70
     1
102
RTVSPost2010Prop40
 90
        0
102
RTVSPost2010PropOp40
 70
     1
102
RTVSPost2010Prop41ColorIndex
 90
       18
102
RTVSPost2010Prop41ColorRGB
 90
        0
102
RTVSPost2010PropOp41
 70
     1
102
RTVSPost2010Prop42
 90
       50
102
RTVSPost2010PropOp42
 70
     1
102
RTVSPost2010Prop43
 90
        3
102
RTVSPost2010PropOp43
 70
     1
102
RTVSPost2010Prop44ColorIndex
 90
        5
102
RTVSPost2010Prop44ColorRGB
 90
      255
102
RTVSPost2010PropOp44
 70
     1
102
RTVSPost2010Prop45
280
     0
102
RTVSPost2010PropOp45
 70
     1
102
RTVSPost2010Prop46
 90
       50
102
RTVSPost2010PropOp46
 70
     1
102
RTVSPost2010Prop47
 90
       50
102
RTVSPost2010PropOp47
 70
     1
102
RTVSPost2010Prop48
 90
       50
102
RTVSPost2010PropOp48
 70
     1
102
RTVSPost2010Prop49
280
     0
102
RTVSPost2010PropOp49
 70
     1
102
RTVSPost2010Prop50
 90
       50
102
RTVSPost2010PropOp50
 70
     1
102
RTVSPost2010Prop51ColorIndex
 90
      256
102
RTVSPost2010Prop51ColorRGB
 90
-16777216
102
RTVSPost2010PropOp51
 70
     0
102
RTVSPost2010Prop52
140
1.0
102
RTVSPost2010PropOp52
 70
     0
102
RTVSPost2010Prop53
 90
        2
102
RTVSPost2010PropOp53
 70
     1
102
RTVSPost2010Prop54
  1
strokes_ogs.tif
102
RTVSPost2010PropOp54
 70
     1
102
RTVSPost2010Prop55
280
     0
102
RTVSPost2010PropOp55
 70
     1
102
RTVSPost2010Prop56
140
1.0
102
RTVSPost2010PropOp56
 70
     1
102
RTVSPost2010Prop57
140
1.0
102
RTVSPost2010PropOp57
 70
     1
  0
XRECORD
  5
AE
102
{ACAD_REACTORS
330
AD
102
}
330
AD
100
AcDbXrecord
280
     1
102
RTVSPropertyOp0
 70
     1
102
RTVSPropertyOp1
 70
     1
102
RTVSPropertyOp2
 70
     1
102
RTVSPropertyOp3
 70
     1
102
RTVSPropertyOp4
 70
     1
102
RTVSPropertyOp5
 70
     1
102
RTVSPropertyOp6
 70
     1
102
RTVSPropertyOp7
 70
     1
102
RTVSPropertyOp8
 70
     1
102
RTVSPropertyOp9
 70
     1
102
RTVSPropertyOp10
 70
     1
102
RTVSPropertyOp11
 70
     1
102
RTVSPropertyOp12
 70
     1
102
RTVSPropertyOp13
 70
     1
102
RTVSPropertyOp14
 70
     1
102
RTVSPropertyOp15
 70
     1
102
RTVSPropertyOp16
 70
     1
102
RTVSPropertyOp17
 70
     1
102
RTVSPropertyOp18
 70
     1
102
RTVSPropertyOp19
 70
     1
102
RTVSPropertyOp20
 70
     1
102
RTVSPropertyOp21
 70
     1
102
RTVSPropertyOp22
 70
     1
102
RTVSPropertyOp23
 70
     1
102
RTVSPropertyOp24
 70
     1
102
RTVSPropertyOp25
 70
     1
102
RTVSPropertyOp26
 70
     1
102
RTVSPropertyOp27
 70
     1
102
RTVSPropertyOp28
 70
     1
102
RTVSPropertyOp29
 70
     1
102
RTVSPropertyOp30
 70
     1
102
RTVSPropertyOp31
 70
     1
102
RTVSPropertyOp32
 70
     1
102
RTVSPropertyOp33
 70
     1
102
RTVSPropertyOp34
 70
     1
102
RTVSPropertyOp35
 70
     1
102
RTVSPropertyOp36
 70
     1
102
RTVSPropertyOp37
 70
     1
102
RTVSPropertyOp38
 70
     1
102
RTVSPropertyOp39
 70
     1
102
RTVSPropertyOp40
 70
     1
102
RTVSPropertyOp41
 70
     1
102
RTVSPropertyOp42
 70
     1
102
RTVSPropertyOp43
 70
     1
102
RTVSPropertyOp44
 70
     1
102
RTVSPropertyOp45
 70
     1
102
RTVSPropertyOp46
 70
     1
102
RTVSPropertyOp47
 70
     1
102
RTVSPropertyOp48
 70
     1
102
RTVSPropertyOp49
 70
     1
102
RTVSPropertyOp50
 70
     1
102
RTVSPropertyOp51
 70
     0
102
RTVSPropertyOp52
 70
     0
102
RTVSPropertyOp53
 70
     1
102
RTVSPropertyOp54
 70
     1
102
RTVSPropertyOp55
 70
     1
102
RTVSPropertyOp56
 70
     1
102
RTVSPropertyOp57
 70
     1
102
RTVSPost2010Prop28
280
     0
102
RTVSPost2010PropOp28
 70
     1
102
RTVSPost2010Prop29
280
     1
102
RTVSPost2010PropOp29
 70
     1
102
RTVSPost2010Prop30
280
     1
102
RTVSPost2010PropOp30
 70
     1
102
RTVSPost2010Prop31
280
     0
102
RTVSPost2010PropOp31
 70
     1
102
RTVSPost2010Prop32
280
     0
102
RTVSPost2010PropOp32
 70
     1
102
RTVSPost2010Prop33
280
     0
102
RTVSPost2010PropOp33
 70
     1
102
RTVSPost2010Prop34
280
     0
102
RTVSPost2010PropOp34
 70
     1
102
RTVSPost2010Prop35
280
     0
102
RTVSPost2010PropOp35
 70
     1
102
RTVSPost2010Prop36
280
     0
102
RTVSPost2010PropOp36
 70
     1
102
RTVSPost2010Prop37
 90
       50
102
RTVSPost2010PropOp37
 70
     1
102
RTVSPost2010Prop38
140
0.0
102
RTVSPost2010PropOp38
 70
     1
102
RTVSPost2010Prop39
140
1.0
102
RTVSPost2010PropOp39
 70
     1
102
RTVSPost2010Prop40
 90
        0
102
RTVSPost2010PropOp40
 70
     1
102
RTVSPost2010Prop41ColorIndex
 90
       18
102
RTVSPost2010Prop41ColorRGB
 90
        0
102
RTVSPost2010PropOp41
 70
     1
102
RTVSPost2010Prop42
 90
       50
102
RTVSPost2010PropOp42
 70
     1
102
RTVSPost2010Prop43
 90
        3
102
RTVSPost2010PropOp43
 70
     1
102
RTVSPost2010Prop44ColorIndex
 90
        5
102
RTVSPost2010Prop44ColorRGB
 90
      255
102
RTVSPost2010PropOp44
 70
     1
102
RTVSPost2010Prop45
280
     0
102
RTVSPost2010PropOp45
 70
     1
102
RTVSPost2010Prop46
 90
       50
102
RTVSPost2010PropOp46
 70
     1
102
RTVSPost2010Prop47
 90
       50
102
RTVSPost2010PropOp47
 70
     1
102
RTVSPost2010Prop48
 90
       50
102
RTVSPost2010PropOp48
 70
     1
102
RTVSPost2010Prop49
280
     0
102
RTVSPost2010PropOp49
 70
     1
102
RTVSPost2010Prop50
 90
       50
102
RTVSPost2010PropOp50
 70
     1
102
RTVSPost2010Prop51ColorIndex
 90
      256
102
RTVSPost2010Prop51ColorRGB
 90
-16777216
102
RTVSPost2010PropOp51
 70
     0
102
RTVSPost2010Prop52
140
1.0
102
RTVSPost2010PropOp52
 70
     0
102
RTVSPost2010Prop53
 90
        2
102
RTVSPost2010PropOp53
 70
     1
102
RTVSPost2010Prop54
  1
strokes_ogs.tif
102
RTVSPost2010PropOp54
 70
     1
102
RTVSPost2010Prop55
280
     0
102
RTVSPost2010PropOp55
 70
     1
102
RTVSPost2010Prop56
140
1.0
102
RTVSPost2010PropOp56
 70
     1
102
RTVSPost2010Prop57
140
1.0
102
RTVSPost2010PropOp57
 70
     1
  0
XRECORD
  5
B6
102
{ACAD_REACTORS
330
B5
102
}
330
B5
100
AcDbXrecord
280
     1
102
RTVSPropertyOp0
 70
     1
102
RTVSPropertyOp1
 70
     1
102
RTVSPropertyOp2
 70
     1
102
RTVSPropertyOp3
 70
     1
102
RTVSPropertyOp4
 70
     1
102
RTVSPropertyOp5
 70
     1
102
RTVSPropertyOp6
 70
     1
102
RTVSPropertyOp7
 70
     1
102
RTVSPropertyOp8
 70
     1
102
RTVSPropertyOp9
 70
     1
102
RTVSPropertyOp10
 70
     1
102
RTVSPropertyOp11
 70
     1
102
RTVSPropertyOp12
 70
     1
102
RTVSPropertyOp13
 70
     1
102
RTVSPropertyOp14
 70
     1
102
RTVSPropertyOp15
 70
     1
102
RTVSPropertyOp16
 70
     1
102
RTVSPropertyOp17
 70
     1
102
RTVSPropertyOp18
 70
     1
102
RTVSPropertyOp19
 70
     1
102
RTVSPropertyOp20
 70
     1
102
RTVSPropertyOp21
 70
     1
102
RTVSPropertyOp22
 70
     1
102
RTVSPropertyOp23
 70
     1
102
RTVSPropertyOp24
 70
     1
102
RTVSPropertyOp25
 70
     1
102
RTVSPropertyOp26
 70
     1
102
RTVSPropertyOp27
 70
     1
102
RTVSPropertyOp28
 70
     1
102
RTVSPropertyOp29
 70
     1
102
RTVSPropertyOp30
 70
     1
102
RTVSPropertyOp31
 70
     1
102
RTVSPropertyOp32
 70
     1
102
RTVSPropertyOp33
 70
     1
102
RTVSPropertyOp34
 70
     1
102
RTVSPropertyOp35
 70
     1
102
RTVSPropertyOp36
 70
     1
102
RTVSPropertyOp37
 70
     1
102
RTVSPropertyOp38
 70
     1
102
RTVSPropertyOp39
 70
     1
102
RTVSPropertyOp40
 70
     1
102
RTVSPropertyOp41
 70
     1
102
RTVSPropertyOp42
 70
     1
102
RTVSPropertyOp43
 70
     1
102
RTVSPropertyOp44
 70
     1
102
RTVSPropertyOp45
 70
     1
102
RTVSPropertyOp46
 70
     1
102
RTVSPropertyOp47
 70
     1
102
RTVSPropertyOp48
 70
     1
102
RTVSPropertyOp49
 70
     1
102
RTVSPropertyOp50
 70
     1
102
RTVSPropertyOp51
 70
     0
102
RTVSPropertyOp52
 70
     0
102
RTVSPropertyOp53
 70
     1
102
RTVSPropertyOp54
 70
     1
102
RTVSPropertyOp55
 70
     1
102
RTVSPropertyOp56
 70
     1
102
RTVSPropertyOp57
 70
     1
102
RTVSPost2010Prop28
280
     0
102
RTVSPost2010PropOp28
 70
     1
102
RTVSPost2010Prop29
280
     1
102
RTVSPost2010PropOp29
 70
     1
102
RTVSPost2010Prop30
280
     1
102
RTVSPost2010PropOp30
 70
     1
102
RTVSPost2010Prop31
280
     0
102
RTVSPost2010PropOp31
 70
     1
102
RTVSPost2010Prop32
280
     0
102
RTVSPost2010PropOp32
 70
     1
102
RTVSPost2010Prop33
280
     0
102
RTVSPost2010PropOp33
 70
     1
102
RTVSPost2010Prop34
280
     0
102
RTVSPost2010PropOp34
 70
     1
102
RTVSPost2010Prop35
280
     0
102
RTVSPost2010PropOp35
 70
     1
102
RTVSPost2010Prop36
280
     0
102
RTVSPost2010PropOp36
 70
     1
102
RTVSPost2010Prop37
 90
       50
102
RTVSPost2010PropOp37
 70
     1
102
RTVSPost2010Prop38
140
0.0
102
RTVSPost2010PropOp38
 70
     1
102
RTVSPost2010Prop39
140
1.0
102
RTVSPost2010PropOp39
 70
     1
102
RTVSPost2010Prop40
 90
        0
102
RTVSPost2010PropOp40
 70
     1
102
RTVSPost2010Prop41ColorIndex
 90
       18
102
RTVSPost2010Prop41ColorRGB
 90
        0
102
RTVSPost2010PropOp41
 70
     1
102
RTVSPost2010Prop42
 90
       50
102
RTVSPost2010PropOp42
 70
     1
102
RTVSPost2010Prop43
 90
        3
102
RTVSPost2010PropOp43
 70
     1
102
RTVSPost2010Prop44ColorIndex
 90
        5
102
RTVSPost2010Prop44ColorRGB
 90
      255
102
RTVSPost2010PropOp44
 70
     1
102
RTVSPost2010Prop45
280
     0
102
RTVSPost2010PropOp45
 70
     1
102
RTVSPost2010Prop46
 90
       50
102
RTVSPost2010PropOp46
 70
     1
102
RTVSPost2010Prop47
 90
       50
102
RTVSPost2010PropOp47
 70
     1
102
RTVSPost2010Prop48
 90
       50
102
RTVSPost2010PropOp48
 70
     1
102
RTVSPost2010Prop49
280
     0
102
RTVSPost2010PropOp49
 70
     1
102
RTVSPost2010Prop50
 90
       50
102
RTVSPost2010PropOp50
 70
     1
102
RTVSPost2010Prop51ColorIndex
 90
      256
102
RTVSPost2010Prop51ColorRGB
 90
-16777216
102
RTVSPost2010PropOp51
 70
     0
102
RTVSPost2010Prop52
140
1.0
102
RTVSPost2010PropOp52
 70
     0
102
RTVSPost2010Prop53
 90
        2
102
RTVSPost2010PropOp53
 70
     1
102
RTVSPost2010Prop54
  1
strokes_ogs.tif
102
RTVSPost2010PropOp54
 70
     1
102
RTVSPost2010Prop55
280
     0
102
RTVSPost2010PropOp55
 70
     1
102
RTVSPost2010Prop56
140
1.0
102
RTVSPost2010PropOp56
 70
     1
102
RTVSPost2010Prop57
140
1.0
102
RTVSPost2010PropOp57
 70
     1
  0
XRECORD
  5
BE
102
{ACAD_REACTORS
330
BD
102
}
330
BD
100
AcDbXrecord
280
     1
102
RTVSPropertyOp0
 70
     1
102
RTVSPropertyOp1
 70
     1
102
RTVSPropertyOp2
 70
     1
102
RTVSPropertyOp3
 70
     1
102
RTVSPropertyOp4
 70
     1
102
RTVSPropertyOp5
 70
     1
102
RTVSPropertyOp6
 70
     1
102
RTVSPropertyOp7
 70
     1
102
RTVSPropertyOp8
 70
     1
102
RTVSPropertyOp9
 70
     1
102
RTVSPropertyOp10
 70
     1
102
RTVSPropertyOp11
 70
     1
102
RTVSPropertyOp12
 70
     1
102
RTVSPropertyOp13
 70
     1
102
RTVSPropertyOp14
 70
     1
102
RTVSPropertyOp15
 70
     1
102
RTVSPropertyOp16
 70
     1
102
RTVSPropertyOp17
 70
     1
102
RTVSPropertyOp18
 70
     1
102
RTVSPropertyOp19
 70
     1
102
RTVSPropertyOp20
 70
     1
102
RTVSPropertyOp21
 70
     1
102
RTVSPropertyOp22
 70
     1
102
RTVSPropertyOp23
 70
     1
102
RTVSPropertyOp24
 70
     1
102
RTVSPropertyOp25
 70
     1
102
RTVSPropertyOp26
 70
     1
102
RTVSPropertyOp27
 70
     1
102
RTVSPropertyOp28
 70
     1
102
RTVSPropertyOp29
 70
     1
102
RTVSPropertyOp30
 70
     1
102
RTVSPropertyOp31
 70
     1
102
RTVSPropertyOp32
 70
     1
102
RTVSPropertyOp33
 70
     1
102
RTVSPropertyOp34
 70
     1
102
RTVSPropertyOp35
 70
     1
102
RTVSPropertyOp36
 70
     1
102
RTVSPropertyOp37
 70
     1
102
RTVSPropertyOp38
 70
     1
102
RTVSPropertyOp39
 70
     1
102
RTVSPropertyOp40
 70
     1
102
RTVSPropertyOp41
 70
     1
102
RTVSPropertyOp42
 70
     1
102
RTVSPropertyOp43
 70
     1
102
RTVSPropertyOp44
 70
     1
102
RTVSPropertyOp45
 70
     1
102
RTVSPropertyOp46
 70
     1
102
RTVSPropertyOp47
 70
     1
102
RTVSPropertyOp48
 70
     1
102
RTVSPropertyOp49
 70
     1
102
RTVSPropertyOp50
 70
     1
102
RTVSPropertyOp51
 70
     0
102
RTVSPropertyOp52
 70
     0
102
RTVSPropertyOp53
 70
     1
102
RTVSPropertyOp54
 70
     1
102
RTVSPropertyOp55
 70
     1
102
RTVSPropertyOp56
 70
     1
102
RTVSPropertyOp57
 70
     1
102
RTVSPost2010Prop28
280
     0
102
RTVSPost2010PropOp28
 70
     1
102
RTVSPost2010Prop29
280
     1
102
RTVSPost2010PropOp29
 70
     1
102
RTVSPost2010Prop30
280
     1
102
RTVSPost2010PropOp30
 70
     1
102
RTVSPost2010Prop31
280
     0
102
RTVSPost2010PropOp31
 70
     1
102
RTVSPost2010Prop32
280
     0
102
RTVSPost2010PropOp32
 70
     1
102
RTVSPost2010Prop33
280
     0
102
RTVSPost2010PropOp33
 70
     1
102
RTVSPost2010Prop34
280
     0
102
RTVSPost2010PropOp34
 70
     1
102
RTVSPost2010Prop35
280
     0
102
RTVSPost2010PropOp35
 70
     1
102
RTVSPost2010Prop36
280
     0
102
RTVSPost2010PropOp36
 70
     1
102
RTVSPost2010Prop37
 90
       50
102
RTVSPost2010PropOp37
 70
     1
102
RTVSPost2010Prop38
140
0.0
102
RTVSPost2010PropOp38
 70
     1
102
RTVSPost2010Prop39
140
1.0
102
RTVSPost2010PropOp39
 70
     1
102
RTVSPost2010Prop40
 90
        0
102
RTVSPost2010PropOp40
 70
     1
102
RTVSPost2010Prop41ColorIndex
 90
       18
102
RTVSPost2010Prop41ColorRGB
 90
        0
102
RTVSPost2010PropOp41
 70
     1
102
RTVSPost2010Prop42
 90
       50
102
RTVSPost2010PropOp42
 70
     1
102
RTVSPost2010Prop43
 90
        3
102
RTVSPost2010PropOp43
 70
     1
102
RTVSPost2010Prop44ColorIndex
 90
        5
102
RTVSPost2010Prop44ColorRGB
 90
      255
102
RTVSPost2010PropOp44
 70
     1
102
RTVSPost2010Prop45
280
     0
102
RTVSPost2010PropOp45
 70
     1
102
RTVSPost2010Prop46
 90
       50
102
RTVSPost2010PropOp46
 70
     1
102
RTVSPost2010Prop47
 90
       50
102
RTVSPost2010PropOp47
 70
     1
102
RTVSPost2010Prop48
 90
       50
102
RTVSPost2010PropOp48
 70
     1
102
RTVSPost2010Prop49
280
     0
102
RTVSPost2010PropOp49
 70
     1
102
RTVSPost2010Prop50
 90
       50
102
RTVSPost2010PropOp50
 70
     1
102
RTVSPost2010Prop51ColorIndex
 90
      256
102
RTVSPost2010Prop51ColorRGB
 90
-16777216
102
RTVSPost2010PropOp51
 70
     0
102
RTVSPost2010Prop52
140
1.0
102
RTVSPost2010PropOp52
 70
     0
102
RTVSPost2010Prop53
 90
        2
102
RTVSPost2010PropOp53
 70
     1
102
RTVSPost2010Prop54
  1
strokes_ogs.tif
102
RTVSPost2010PropOp54
 70
     1
102
RTVSPost2010Prop55
280
     0
102
RTVSPost2010PropOp55
 70
     1
102
RTVSPost2010Prop56
140
1.0
102
RTVSPost2010PropOp56
 70
     1
102
RTVSPost2010Prop57
140
1.0
102
RTVSPost2010PropOp57
 70
     1
  0
XRECORD
  5
B2
102
{ACAD_REACTORS
330
B1
102
}
330
B1
100
AcDbXrecord
280
     1
102
RTVSPropertyOp0
 70
     1
102
RTVSPropertyOp1
 70
     1
102
RTVSPropertyOp2
 70
     1
102
RTVSPropertyOp3
 70
     1
102
RTVSPropertyOp4
 70
     1
102
RTVSPropertyOp5
 70
     1
102
RTVSPropertyOp6
 70
     1
102
RTVSPropertyOp7
 70
     1
102
RTVSPropertyOp8
 70
     1
102
RTVSPropertyOp9
 70
     1
102
RTVSPropertyOp10
 70
     1
102
RTVSPropertyOp11
 70
     1
102
RTVSPropertyOp12
 70
     1
102
RTVSPropertyOp13
 70
     1
102
RTVSPropertyOp14
 70
     1
102
RTVSPropertyOp15
 70
     1
102
RTVSPropertyOp16
 70
     1
102
RTVSPropertyOp17
 70
     1
102
RTVSPropertyOp18
 70
     1
102
RTVSPropertyOp19
 70
     1
102
RTVSPropertyOp20
 70
     1
102
RTVSPropertyOp21
 70
     1
102
RTVSPropertyOp22
 70
     1
102
RTVSPropertyOp23
 70
     1
102
RTVSPropertyOp24
 70
     1
102
RTVSPropertyOp25
 70
     1
102
RTVSPropertyOp26
 70
     1
102
RTVSPropertyOp27
 70
     1
102
RTVSPropertyOp28
 70
     1
102
RTVSPropertyOp29
 70
     1
102
RTVSPropertyOp30
 70
     1
102
RTVSPropertyOp31
 70
     1
102
RTVSPropertyOp32
 70
     1
102
RTVSPropertyOp33
 70
     1
102
RTVSPropertyOp34
 70
     1
102
RTVSPropertyOp35
 70
     1
102
RTVSPropertyOp36
 70
     1
102
RTVSPropertyOp37
 70
     1
102
RTVSPropertyOp38
 70
     1
102
RTVSPropertyOp39
 70
     1
102
RTVSPropertyOp40
 70
     1
102
RTVSPropertyOp41
 70
     1
102
RTVSPropertyOp42
 70
     1
102
RTVSPropertyOp43
 70
     1
102
RTVSPropertyOp44
 70
     1
102
RTVSPropertyOp45
 70
     1
102
RTVSPropertyOp46
 70
     1
102
RTVSPropertyOp47
 70
     1
102
RTVSPropertyOp48
 70
     1
102
RTVSPropertyOp49
 70
     1
102
RTVSPropertyOp50
 70
     1
102
RTVSPropertyOp51
 70
     0
102
RTVSPropertyOp52
 70
     0
102
RTVSPropertyOp53
 70
     1
102
RTVSPropertyOp54
 70
     1
102
RTVSPropertyOp55
 70
     1
102
RTVSPropertyOp56
 70
     1
102
RTVSPropertyOp57
 70
     1
102
RTVSPost2010Prop28
280
     0
102
RTVSPost2010PropOp28
 70
     1
102
RTVSPost2010Prop29
280
     1
102
RTVSPost2010PropOp29
 70
     1
102
RTVSPost2010Prop30
280
     1
102
RTVSPost2010PropOp30
 70
     1
102
RTVSPost2010Prop31
280
     0
102
RTVSPost2010PropOp31
 70
     1
102
RTVSPost2010Prop32
280
     0
102
RTVSPost2010PropOp32
 70
     1
102
RTVSPost2010Prop33
280
     0
102
RTVSPost2010PropOp33
 70
     1
102
RTVSPost2010Prop34
280
     0
102
RTVSPost2010PropOp34
 70
     1
102
RTVSPost2010Prop35
280
     0
102
RTVSPost2010PropOp35
 70
     1
102
RTVSPost2010Prop36
280
     0
102
RTVSPost2010PropOp36
 70
     1
102
RTVSPost2010Prop37
 90
       50
102
RTVSPost2010PropOp37
 70
     1
102
RTVSPost2010Prop38
140
0.0
102
RTVSPost2010PropOp38
 70
     1
102
RTVSPost2010Prop39
140
1.0
102
RTVSPost2010PropOp39
 70
     1
102
RTVSPost2010Prop40
 90
        0
102
RTVSPost2010PropOp40
 70
     1
102
RTVSPost2010Prop41ColorIndex
 90
       18
102
RTVSPost2010Prop41ColorRGB
 90
        0
102
RTVSPost2010PropOp41
 70
     1
102
RTVSPost2010Prop42
 90
       50
102
RTVSPost2010PropOp42
 70
     1
102
RTVSPost2010Prop43
 90
        3
102
RTVSPost2010PropOp43
 70
     1
102
RTVSPost2010Prop44ColorIndex
 90
        5
102
RTVSPost2010Prop44ColorRGB
 90
      255
102
RTVSPost2010PropOp44
 70
     1
102
RTVSPost2010Prop45
280
     0
102
RTVSPost2010PropOp45
 70
     1
102
RTVSPost2010Prop46
 90
       50
102
RTVSPost2010PropOp46
 70
     1
102
RTVSPost2010Prop47
 90
       50
102
RTVSPost2010PropOp47
 70
     1
102
RTVSPost2010Prop48
 90
       50
102
RTVSPost2010PropOp48
 70
     1
102
RTVSPost2010Prop49
280
     0
102
RTVSPost2010PropOp49
 70
     1
102
RTVSPost2010Prop50
 90
       50
102
RTVSPost2010PropOp50
 70
     1
102
RTVSPost2010Prop51ColorIndex
 90
      256
102
RTVSPost2010Prop51ColorRGB
 90
-16777216
102
RTVSPost2010PropOp51
 70
     0
102
RTVSPost2010Prop52
140
1.0
102
RTVSPost2010PropOp52
 70
     0
102
RTVSPost2010Prop53
 90
        2
102
RTVSPost2010PropOp53
 70
     1
102
RTVSPost2010Prop54
  1
strokes_ogs.tif
102
RTVSPost2010PropOp54
 70
     1
102
RTVSPost2010Prop55
280
     0
102
RTVSPost2010PropOp55
 70
     1
102
RTVSPost2010Prop56
140
1.0
102
RTVSPost2010PropOp56
 70
     1
102
RTVSPost2010Prop57
140
1.0
102
RTVSPost2010PropOp57
 70
     1
  0
XRECORD
  5
B4
102
{ACAD_REACTORS
330
B3
102
}
330
B3
100
AcDbXrecord
280
     1
102
RTVSPropertyOp0
 70
     1
102
RTVSPropertyOp1
 70
     1
102
RTVSPropertyOp2
 70
     1
102
RTVSPropertyOp3
 70
     1
102
RTVSPropertyOp4
 70
     1
102
RTVSPropertyOp5
 70
     1
102
RTVSPropertyOp6
 70
     1
102
RTVSPropertyOp7
 70
     1
102
RTVSPropertyOp8
 70
     1
102
RTVSPropertyOp9
 70
     1
102
RTVSPropertyOp10
 70
     1
102
RTVSPropertyOp11
 70
     1
102
RTVSPropertyOp12
 70
     1
102
RTVSPropertyOp13
 70
     1
102
RTVSPropertyOp14
 70
     1
102
RTVSPropertyOp15
 70
     1
102
RTVSPropertyOp16
 70
     1
102
RTVSPropertyOp17
 70
     1
102
RTVSPropertyOp18
 70
     1
102
RTVSPropertyOp19
 70
     1
102
RTVSPropertyOp20
 70
     1
102
RTVSPropertyOp21
 70
     1
102
RTVSPropertyOp22
 70
     1
102
RTVSPropertyOp23
 70
     1
102
RTVSPropertyOp24
 70
     1
102
RTVSPropertyOp25
 70
     1
102
RTVSPropertyOp26
 70
     1
102
RTVSPropertyOp27
 70
     1
102
RTVSPropertyOp28
 70
     1
102
RTVSPropertyOp29
 70
     1
102
RTVSPropertyOp30
 70
     1
102
RTVSPropertyOp31
 70
     1
102
RTVSPropertyOp32
 70
     1
102
RTVSPropertyOp33
 70
     1
102
RTVSPropertyOp34
 70
     1
102
RTVSPropertyOp35
 70
     1
102
RTVSPropertyOp36
 70
     1
102
RTVSPropertyOp37
 70
     1
102
RTVSPropertyOp38
 70
     1
102
RTVSPropertyOp39
 70
     1
102
RTVSPropertyOp40
 70
     1
102
RTVSPropertyOp41
 70
     1
102
RTVSPropertyOp42
 70
     1
102
RTVSPropertyOp43
 70
     1
102
RTVSPropertyOp44
 70
     1
102
RTVSPropertyOp45
 70
     1
102
RTVSPropertyOp46
 70
     1
102
RTVSPropertyOp47
 70
     1
102
RTVSPropertyOp48
 70
     1
102
RTVSPropertyOp49
 70
     1
102
RTVSPropertyOp50
 70
     1
102
RTVSPropertyOp51
 70
     0
102
RTVSPropertyOp52
 70
     0
102
RTVSPropertyOp53
 70
     1
102
RTVSPropertyOp54
 70
     1
102
RTVSPropertyOp55
 70
     1
102
RTVSPropertyOp56
 70
     1
102
RTVSPropertyOp57
 70
     1
102
RTVSPost2010Prop28
280
     0
102
RTVSPost2010PropOp28
 70
     1
102
RTVSPost2010Prop29
280
     1
102
RTVSPost2010PropOp29
 70
     1
102
RTVSPost2010Prop30
280
     1
102
RTVSPost2010PropOp30
 70
     1
102
RTVSPost2010Prop31
280
     0
102
RTVSPost2010PropOp31
 70
     1
102
RTVSPost2010Prop32
280
     0
102
RTVSPost2010PropOp32
 70
     1
102
RTVSPost2010Prop33
280
     0
102
RTVSPost2010PropOp33
 70
     1
102
RTVSPost2010Prop34
280
     0
102
RTVSPost2010PropOp34
 70
     1
102
RTVSPost2010Prop35
280
     0
102
RTVSPost2010PropOp35
 70
     1
102
RTVSPost2010Prop36
280
     0
102
RTVSPost2010PropOp36
 70
     1
102
RTVSPost2010Prop37
 90
       50
102
RTVSPost2010PropOp37
 70
     1
102
RTVSPost2010Prop38
140
0.0
102
RTVSPost2010PropOp38
 70
     1
102
RTVSPost2010Prop39
140
1.0
102
RTVSPost2010PropOp39
 70
     1
102
RTVSPost2010Prop40
 90
        0
102
RTVSPost2010PropOp40
 70
     1
102
RTVSPost2010Prop41ColorIndex
 90
       18
102
RTVSPost2010Prop41ColorRGB
 90
        0
102
RTVSPost2010PropOp41
 70
     1
102
RTVSPost2010Prop42
 90
       50
102
RTVSPost2010PropOp42
 70
     1
102
RTVSPost2010Prop43
 90
        3
102
RTVSPost2010PropOp43
 70
     1
102
RTVSPost2010Prop44ColorIndex
 90
        5
102
RTVSPost2010Prop44ColorRGB
 90
      255
102
RTVSPost2010PropOp44
 70
     1
102
RTVSPost2010Prop45
280
     0
102
RTVSPost2010PropOp45
 70
     1
102
RTVSPost2010Prop46
 90
       50
102
RTVSPost2010PropOp46
 70
     1
102
RTVSPost2010Prop47
 90
       50
102
RTVSPost2010PropOp47
 70
     1
102
RTVSPost2010Prop48
 90
       50
102
RTVSPost2010PropOp48
 70
     1
102
RTVSPost2010Prop49
280
     0
102
RTVSPost2010PropOp49
 70
     1
102
RTVSPost2010Prop50
 90
       50
102
RTVSPost2010PropOp50
 70
     1
102
RTVSPost2010Prop51ColorIndex
 90
      256
102
RTVSPost2010Prop51ColorRGB
 90
-16777216
102
RTVSPost2010PropOp51
 70
     0
102
RTVSPost2010Prop52
140
1.0
102
RTVSPost2010PropOp52
 70
     0
102
RTVSPost2010Prop53
 90
        2
102
RTVSPost2010PropOp53
 70
     1
102
RTVSPost2010Prop54
  1
strokes_ogs.tif
102
RTVSPost2010PropOp54
 70
     1
102
RTVSPost2010Prop55
280
     0
102
RTVSPost2010PropOp55
 70
     1
102
RTVSPost2010Prop56
140
1.0
102
RTVSPost2010PropOp56
 70
     1
102
RTVSPost2010Prop57
140
1.0
102
RTVSPost2010PropOp57
 70
     1
  0
XRECORD
  5
C4
102
{ACAD_REACTORS
330
C3
102
}
330
C3
100
AcDbXrecord
280
     1
102
RTVSPropertyOp0
 70
     0
102
RTVSPropertyOp1
 70
     0
102
RTVSPropertyOp2
 70
     0
102
RTVSPropertyOp3
 70
     0
102
RTVSPropertyOp4
 70
     0
102
RTVSPropertyOp5
 70
     0
102
RTVSPropertyOp6
 70
     0
102
RTVSPropertyOp7
 70
     0
102
RTVSPropertyOp8
 70
     0
102
RTVSPropertyOp9
 70
     0
102
RTVSPropertyOp10
 70
     0
102
RTVSPropertyOp11
 70
     0
102
RTVSPropertyOp12
 70
     0
102
RTVSPropertyOp13
 70
     0
102
RTVSPropertyOp14
 70
     2
102
RTVSPropertyOp15
 70
     0
102
RTVSPropertyOp16
 70
     0
102
RTVSPropertyOp17
 70
     0
102
RTVSPropertyOp18
 70
     0
102
RTVSPropertyOp19
 70
     0
102
RTVSPropertyOp20
 70
     0
102
RTVSPropertyOp21
 70
     0
102
RTVSPropertyOp22
 70
     0
102
RTVSPropertyOp23
 70
     0
102
RTVSPropertyOp24
 70
     0
102
RTVSPropertyOp25
 70
     0
102
RTVSPropertyOp26
 70
     0
102
RTVSPropertyOp27
 70
     0
102
RTVSPropertyOp28
 70
     0
102
RTVSPropertyOp29
 70
     0
102
RTVSPropertyOp30
 70
     0
102
RTVSPropertyOp31
 70
     0
102
RTVSPropertyOp32
 70
     0
102
RTVSPropertyOp33
 70
     0
102
RTVSPropertyOp34
 70
     0
102
RTVSPropertyOp35
 70
     0
102
RTVSPropertyOp36
 70
     0
102
RTVSPropertyOp37
 70
     0
102
RTVSPropertyOp38
 70
     0
102
RTVSPropertyOp39
 70
     0
102
RTVSPropertyOp40
 70
     0
102
RTVSPropertyOp41
 70
     0
102
RTVSPropertyOp42
 70
     0
102
RTVSPropertyOp43
 70
     0
102
RTVSPropertyOp44
 70
     0
102
RTVSPropertyOp45
 70
     0
102
RTVSPropertyOp46
 70
     0
102
RTVSPropertyOp47
 70
     0
102
RTVSPropertyOp48
 70
     0
102
RTVSPropertyOp49
 70
     0
102
RTVSPropertyOp50
 70
     0
102
RTVSPropertyOp51
 70
     0
102
RTVSPropertyOp52
 70
     0
102
RTVSPropertyOp53
 70
     0
102
RTVSPropertyOp54
 70
     0
102
RTVSPropertyOp55
 70
     0
102
RTVSPropertyOp56
 70
     0
102
RTVSPropertyOp57
 70
     0
102
RTVSPost2010Prop28
280
     0
102
RTVSPost2010PropOp28
 70
     0
102
RTVSPost2010Prop29
280
     1
102
RTVSPost2010PropOp29
 70
     0
102
RTVSPost2010Prop30
280
     1
102
RTVSPost2010PropOp30
 70
     0
102
RTVSPost2010Prop31
280
     0
102
RTVSPost2010PropOp31
 70
     0
102
RTVSPost2010Prop32
280
     0
102
RTVSPost2010PropOp32
 70
     0
102
RTVSPost2010Prop33
280
     0
102
RTVSPost2010PropOp33
 70
     0
102
RTVSPost2010Prop34
280
     0
102
RTVSPost2010PropOp34
 70
     0
102
RTVSPost2010Prop35
280
     0
102
RTVSPost2010PropOp35
 70
     0
102
RTVSPost2010Prop36
280
     0
102
RTVSPost2010PropOp36
 70
     0
102
RTVSPost2010Prop37
 90
       50
102
RTVSPost2010PropOp37
 70
     0
102
RTVSPost2010Prop38
140
0.0
102
RTVSPost2010PropOp38
 70
     0
102
RTVSPost2010Prop39
140
1.0
102
RTVSPost2010PropOp39
 70
     0
102
RTVSPost2010Prop40
 90
        0
102
RTVSPost2010PropOp40
 70
     0
102
RTVSPost2010Prop41ColorIndex
 90
       18
102
RTVSPost2010Prop41ColorRGB
 90
        0
102
RTVSPost2010PropOp41
 70
     0
102
RTVSPost2010Prop42
 90
       50
102
RTVSPost2010PropOp42
 70
     0
102
RTVSPost2010Prop43
 90
        3
102
RTVSPost2010PropOp43
 70
     0
102
RTVSPost2010Prop44ColorIndex
 90
        5
102
RTVSPost2010Prop44ColorRGB
 90
      255
102
RTVSPost2010PropOp44
 70
     0
102
RTVSPost2010Prop45
280
     0
102
RTVSPost2010PropOp45
 70
     0
102
RTVSPost2010Prop46
 90
       50
102
RTVSPost2010PropOp46
 70
     0
102
RTVSPost2010Prop47
 90
       50
102
RTVSPost2010PropOp47
 70
     0
102
RTVSPost2010Prop48
 90
       50
102
RTVSPost2010PropOp48
 70
     0
102
RTVSPost2010Prop49
280
     0
102
RTVSPost2010PropOp49
 70
     0
102
RTVSPost2010Prop50
 90
       50
102
RTVSPost2010PropOp50
 70
     0
102
RTVSPost2010Prop51ColorIndex
 90
      256
102
RTVSPost2010Prop51ColorRGB
 90
-16777216
102
RTVSPost2010PropOp51
 70
     0
102
RTVSPost2010Prop52
140
1.0
102
RTVSPost2010PropOp52
 70
     0
102
RTVSPost2010Prop53
 90
        2
102
RTVSPost2010PropOp53
 70
     0
102
RTVSPost2010Prop54
  1
strokes_ogs.tif
102
RTVSPost2010PropOp54
 70
     0
102
RTVSPost2010Prop55
280
     0
102
RTVSPost2010PropOp55
 70
     0
102
RTVSPost2010Prop56
140
1.0
102
RTVSPost2010PropOp56
 70
     0
102
RTVSPost2010Prop57
140
1.0
102
RTVSPost2010PropOp57
 70
     0
  0
XRECORD
  5
BC
102
{ACAD_REACTORS
330
BB
102
}
330
BB
100
AcDbXrecord
280
     1
102
RTVSPropertyOp0
 70
     1
102
RTVSPropertyOp1
 70
     1
102
RTVSPropertyOp2
 70
     1
102
RTVSPropertyOp3
 70
     1
102
RTVSPropertyOp4
 70
     1
102
RTVSPropertyOp5
 70
     1
102
RTVSPropertyOp6
 70
     1
102
RTVSPropertyOp7
 70
     1
102
RTVSPropertyOp8
 70
     1
102
RTVSPropertyOp9
 70
     1
102
RTVSPropertyOp10
 70
     1
102
RTVSPropertyOp11
 70
     1
102
RTVSPropertyOp12
 70
     1
102
RTVSPropertyOp13
 70
     1
102
RTVSPropertyOp14
 70
     1
102
RTVSPropertyOp15
 70
     1
102
RTVSPropertyOp16
 70
     1
102
RTVSPropertyOp17
 70
     1
102
RTVSPropertyOp18
 70
     1
102
RTVSPropertyOp19
 70
     1
102
RTVSPropertyOp20
 70
     1
102
RTVSPropertyOp21
 70
     1
102
RTVSPropertyOp22
 70
     1
102
RTVSPropertyOp23
 70
     1
102
RTVSPropertyOp24
 70
     1
102
RTVSPropertyOp25
 70
     1
102
RTVSPropertyOp26
 70
     1
102
RTVSPropertyOp27
 70
     1
102
RTVSPropertyOp28
 70
     1
102
RTVSPropertyOp29
 70
     1
102
RTVSPropertyOp30
 70
     1
102
RTVSPropertyOp31
 70
     1
102
RTVSPropertyOp32
 70
     1
102
RTVSPropertyOp33
 70
     1
102
RTVSPropertyOp34
 70
     1
102
RTVSPropertyOp35
 70
     1
102
RTVSPropertyOp36
 70
     1
102
RTVSPropertyOp37
 70
     1
102
RTVSPropertyOp38
 70
     1
102
RTVSPropertyOp39
 70
     1
102
RTVSPropertyOp40
 70
     1
102
RTVSPropertyOp41
 70
     1
102
RTVSPropertyOp42
 70
     1
102
RTVSPropertyOp43
 70
     1
102
RTVSPropertyOp44
 70
     1
102
RTVSPropertyOp45
 70
     1
102
RTVSPropertyOp46
 70
     1
102
RTVSPropertyOp47
 70
     1
102
RTVSPropertyOp48
 70
     1
102
RTVSPropertyOp49
 70
     1
102
RTVSPropertyOp50
 70
     1
102
RTVSPropertyOp51
 70
     0
102
RTVSPropertyOp52
 70
     0
102
RTVSPropertyOp53
 70
     1
102
RTVSPropertyOp54
 70
     1
102
RTVSPropertyOp55
 70
     1
102
RTVSPropertyOp56
 70
     1
102
RTVSPropertyOp57
 70
     1
102
RTVSPost2010Prop28
280
     0
102
RTVSPost2010PropOp28
 70
     1
102
RTVSPost2010Prop29
280
     1
102
RTVSPost2010PropOp29
 70
     1
102
RTVSPost2010Prop30
280
     1
102
RTVSPost2010PropOp30
 70
     1
102
RTVSPost2010Prop31
280
     0
102
RTVSPost2010PropOp31
 70
     1
102
RTVSPost2010Prop32
280
     0
102
RTVSPost2010PropOp32
 70
     1
102
RTVSPost2010Prop33
280
     0
102
RTVSPost2010PropOp33
 70
     1
102
RTVSPost2010Prop34
280
     0
102
RTVSPost2010PropOp34
 70
     1
102
RTVSPost2010Prop35
280
     0
102
RTVSPost2010PropOp35
 70
     1
102
RTVSPost2010Prop36
280
     0
102
RTVSPost2010PropOp36
 70
     1
102
RTVSPost2010Prop37
 90
       50
102
RTVSPost2010PropOp37
 70
     1
102
RTVSPost2010Prop38
140
0.0
102
RTVSPost2010PropOp38
 70
     1
102
RTVSPost2010Prop39
140
1.0
102
RTVSPost2010PropOp39
 70
     1
102
RTVSPost2010Prop40
 90
        0
102
RTVSPost2010PropOp40
 70
     1
102
RTVSPost2010Prop41ColorIndex
 90
       18
102
RTVSPost2010Prop41ColorRGB
 90
        0
102
RTVSPost2010PropOp41
 70
     1
102
RTVSPost2010Prop42
 90
       50
102
RTVSPost2010PropOp42
 70
     1
102
RTVSPost2010Prop43
 90
        3
102
RTVSPost2010PropOp43
 70
     1
102
RTVSPost2010Prop44ColorIndex
 90
        5
102
RTVSPost2010Prop44ColorRGB
 90
      255
102
RTVSPost2010PropOp44
 70
     1
102
RTVSPost2010Prop45
280
     0
102
RTVSPost2010PropOp45
 70
     1
102
RTVSPost2010Prop46
 90
       50
102
RTVSPost2010PropOp46
 70
     1
102
RTVSPost2010Prop47
 90
       50
102
RTVSPost2010PropOp47
 70
     1
102
RTVSPost2010Prop48
 90
       50
102
RTVSPost2010PropOp48
 70
     1
102
RTVSPost2010Prop49
280
     0
102
RTVSPost2010PropOp49
 70
     1
102
RTVSPost2010Prop50
 90
       50
102
RTVSPost2010PropOp50
 70
     1
102
RTVSPost2010Prop51ColorIndex
 90
      256
102
RTVSPost2010Prop51ColorRGB
 90
-16777216
102
RTVSPost2010PropOp51
 70
     0
102
RTVSPost2010Prop52
140
1.0
102
RTVSPost2010PropOp52
 70
     0
102
RTVSPost2010Prop53
 90
        2
102
RTVSPost2010PropOp53
 70
     1
102
RTVSPost2010Prop54
  1
strokes_ogs.tif
102
RTVSPost2010PropOp54
 70
     1
102
RTVSPost2010Prop55
280
     0
102
RTVSPost2010PropOp55
 70
     1
102
RTVSPost2010Prop56
140
1.0
102
RTVSPost2010PropOp56
 70
     1
102
RTVSPost2010Prop57
140
1.0
102
RTVSPost2010PropOp57
 70
     1
  0
XRECORD
  5
A0
102
{ACAD_REACTORS
330
9F
102
}
330
9F
100
AcDbXrecord
280
     1
102
RTVSPropertyOp0
 70
     1
102
RTVSPropertyOp1
 70
     1
102
RTVSPropertyOp2
 70
     1
102
RTVSPropertyOp3
 70
     1
102
RTVSPropertyOp4
 70
     1
102
RTVSPropertyOp5
 70
     1
102
RTVSPropertyOp6
 70
     1
102
RTVSPropertyOp7
 70
     1
102
RTVSPropertyOp8
 70
     1
102
RTVSPropertyOp9
 70
     1
102
RTVSPropertyOp10
 70
     1
102
RTVSPropertyOp11
 70
     1
102
RTVSPropertyOp12
 70
     1
102
RTVSPropertyOp13
 70
     1
102
RTVSPropertyOp14
 70
     1
102
RTVSPropertyOp15
 70
     1
102
RTVSPropertyOp16
 70
     1
102
RTVSPropertyOp17
 70
     1
102
RTVSPropertyOp18
 70
     1
102
RTVSPropertyOp19
 70
     1
102
RTVSPropertyOp20
 70
     1
102
RTVSPropertyOp21
 70
     1
102
RTVSPropertyOp22
 70
     1
102
RTVSPropertyOp23
 70
     1
102
RTVSPropertyOp24
 70
     1
102
RTVSPropertyOp25
 70
     1
102
RTVSPropertyOp26
 70
     1
102
RTVSPropertyOp27
 70
     1
102
RTVSPropertyOp28
 70
     1
102
RTVSPropertyOp29
 70
     1
102
RTVSPropertyOp30
 70
     1
102
RTVSPropertyOp31
 70
     1
102
RTVSPropertyOp32
 70
     1
102
RTVSPropertyOp33
 70
     1
102
RTVSPropertyOp34
 70
     1
102
RTVSPropertyOp35
 70
     1
102
RTVSPropertyOp36
 70
     1
102
RTVSPropertyOp37
 70
     1
102
RTVSPropertyOp38
 70
     1
102
RTVSPropertyOp39
 70
     1
102
RTVSPropertyOp40
 70
     1
102
RTVSPropertyOp41
 70
     1
102
RTVSPropertyOp42
 70
     1
102
RTVSPropertyOp43
 70
     1
102
RTVSPropertyOp44
 70
     1
102
RTVSPropertyOp45
 70
     1
102
RTVSPropertyOp46
 70
     1
102
RTVSPropertyOp47
 70
     1
102
RTVSPropertyOp48
 70
     1
102
RTVSPropertyOp49
 70
     1
102
RTVSPropertyOp50
 70
     1
102
RTVSPropertyOp51
 70
     0
102
RTVSPropertyOp52
 70
     0
102
RTVSPropertyOp53
 70
     1
102
RTVSPropertyOp54
 70
     1
102
RTVSPropertyOp55
 70
     1
102
RTVSPropertyOp56
 70
     1
102
RTVSPropertyOp57
 70
     1
102
RTVSPost2010Prop28
280
     0
102
RTVSPost2010PropOp28
 70
     1
102
RTVSPost2010Prop29
280
     1
102
RTVSPost2010PropOp29
 70
     1
102
RTVSPost2010Prop30
280
     1
102
RTVSPost2010PropOp30
 70
     1
102
RTVSPost2010Prop31
280
     0
102
RTVSPost2010PropOp31
 70
     1
102
RTVSPost2010Prop32
280
     0
102
RTVSPost2010PropOp32
 70
     1
102
RTVSPost2010Prop33
280
     0
102
RTVSPost2010PropOp33
 70
     1
102
RTVSPost2010Prop34
280
     0
102
RTVSPost2010PropOp34
 70
     1
102
RTVSPost2010Prop35
280
     0
102
RTVSPost2010PropOp35
 70
     1
102
RTVSPost2010Prop36
280
     0
102
RTVSPost2010PropOp36
 70
     1
102
RTVSPost2010Prop37
 90
       50
102
RTVSPost2010PropOp37
 70
     1
102
RTVSPost2010Prop38
140
0.0
102
RTVSPost2010PropOp38
 70
     1
102
RTVSPost2010Prop39
140
1.0
102
RTVSPost2010PropOp39
 70
     1
102
RTVSPost2010Prop40
 90
        0
102
RTVSPost2010PropOp40
 70
     1
102
RTVSPost2010Prop41ColorIndex
 90
       18
102
RTVSPost2010Prop41ColorRGB
 90
        0
102
RTVSPost2010PropOp41
 70
     1
102
RTVSPost2010Prop42
 90
       50
102
RTVSPost2010PropOp42
 70
     1
102
RTVSPost2010Prop43
 90
        3
102
RTVSPost2010PropOp43
 70
     1
102
RTVSPost2010Prop44ColorIndex
 90
        5
102
RTVSPost2010Prop44ColorRGB
 90
      255
102
RTVSPost2010PropOp44
 70
     1
102
RTVSPost2010Prop45
280
     0
102
RTVSPost2010PropOp45
 70
     1
102
RTVSPost2010Prop46
 90
       50
102
RTVSPost2010PropOp46
 70
     1
102
RTVSPost2010Prop47
 90
       50
102
RTVSPost2010PropOp47
 70
     1
102
RTVSPost2010Prop48
 90
       50
102
RTVSPost2010PropOp48
 70
     1
102
RTVSPost2010Prop49
280
     0
102
RTVSPost2010PropOp49
 70
     1
102
RTVSPost2010Prop50
 90
       50
102
RTVSPost2010PropOp50
 70
     1
102
RTVSPost2010Prop51ColorIndex
 90
      256
102
RTVSPost2010Prop51ColorRGB
 90
-16777216
102
RTVSPost2010PropOp51
 70
     0
102
RTVSPost2010Prop52
140
1.0
102
RTVSPost2010PropOp52
 70
     0
102
RTVSPost2010Prop53
 90
        2
102
RTVSPost2010PropOp53
 70
     1
102
RTVSPost2010Prop54
  1
strokes_ogs.tif
102
RTVSPost2010PropOp54
 70
     1
102
RTVSPost2010Prop55
280
     0
102
RTVSPost2010PropOp55
 70
     1
102
RTVSPost2010Prop56
140
1.0
102
RTVSPost2010PropOp56
 70
     1
102
RTVSPost2010Prop57
140
1.0
102
RTVSPost2010PropOp57
 70
     1
  0
XRECORD
  5
A2
102
{ACAD_REACTORS
330
A1
102
}
330
A1
100
AcDbXrecord
280
     1
102
RTVSPropertyOp0
 70
     1
102
RTVSPropertyOp1
 70
     1
102
RTVSPropertyOp2
 70
     1
102
RTVSPropertyOp3
 70
     1
102
RTVSPropertyOp4
 70
     1
102
RTVSPropertyOp5
 70
     1
102
RTVSPropertyOp6
 70
     1
102
RTVSPropertyOp7
 70
     1
102
RTVSPropertyOp8
 70
     1
102
RTVSPropertyOp9
 70
     1
102
RTVSPropertyOp10
 70
     1
102
RTVSPropertyOp11
 70
     1
102
RTVSPropertyOp12
 70
     1
102
RTVSPropertyOp13
 70
     1
102
RTVSPropertyOp14
 70
     1
102
RTVSPropertyOp15
 70
     1
102
RTVSPropertyOp16
 70
     1
102
RTVSPropertyOp17
 70
     1
102
RTVSPropertyOp18
 70
     1
102
RTVSPropertyOp19
 70
     1
102
RTVSPropertyOp20
 70
     1
102
RTVSPropertyOp21
 70
     1
102
RTVSPropertyOp22
 70
     1
102
RTVSPropertyOp23
 70
     1
102
RTVSPropertyOp24
 70
     1
102
RTVSPropertyOp25
 70
     1
102
RTVSPropertyOp26
 70
     1
102
RTVSPropertyOp27
 70
     1
102
RTVSPropertyOp28
 70
     1
102
RTVSPropertyOp29
 70
     1
102
RTVSPropertyOp30
 70
     1
102
RTVSPropertyOp31
 70
     1
102
RTVSPropertyOp32
 70
     1
102
RTVSPropertyOp33
 70
     1
102
RTVSPropertyOp34
 70
     1
102
RTVSPropertyOp35
 70
     1
102
RTVSPropertyOp36
 70
     1
102
RTVSPropertyOp37
 70
     1
102
RTVSPropertyOp38
 70
     1
102
RTVSPropertyOp39
 70
     1
102
RTVSPropertyOp40
 70
     1
102
RTVSPropertyOp41
 70
     1
102
RTVSPropertyOp42
 70
     1
102
RTVSPropertyOp43
 70
     1
102
RTVSPropertyOp44
 70
     1
102
RTVSPropertyOp45
 70
     1
102
RTVSPropertyOp46
 70
     1
102
RTVSPropertyOp47
 70
     1
102
RTVSPropertyOp48
 70
     1
102
RTVSPropertyOp49
 70
     1
102
RTVSPropertyOp50
 70
     1
102
RTVSPropertyOp51
 70
     0
102
RTVSPropertyOp52
 70
     0
102
RTVSPropertyOp53
 70
     1
102
RTVSPropertyOp54
 70
     1
102
RTVSPropertyOp55
 70
     1
102
RTVSPropertyOp56
 70
     1
102
RTVSPropertyOp57
 70
     1
102
RTVSPost2010Prop28
280
     0
102
RTVSPost2010PropOp28
 70
     1
102
RTVSPost2010Prop29
280
     1
102
RTVSPost2010PropOp29
 70
     1
102
RTVSPost2010Prop30
280
     1
102
RTVSPost2010PropOp30
 70
     1
102
RTVSPost2010Prop31
280
     0
102
RTVSPost2010PropOp31
 70
     1
102
RTVSPost2010Prop32
280
     0
102
RTVSPost2010PropOp32
 70
     1
102
RTVSPost2010Prop33
280
     0
102
RTVSPost2010PropOp33
 70
     1
102
RTVSPost2010Prop34
280
     0
102
RTVSPost2010PropOp34
 70
     1
102
RTVSPost2010Prop35
280
     0
102
RTVSPost2010PropOp35
 70
     1
102
RTVSPost2010Prop36
280
     0
102
RTVSPost2010PropOp36
 70
     1
102
RTVSPost2010Prop37
 90
       50
102
RTVSPost2010PropOp37
 70
     1
102
RTVSPost2010Prop38
140
0.0
102
RTVSPost2010PropOp38
 70
     1
102
RTVSPost2010Prop39
140
1.0
102
RTVSPost2010PropOp39
 70
     1
102
RTVSPost2010Prop40
 90
        0
102
RTVSPost2010PropOp40
 70
     1
102
RTVSPost2010Prop41ColorIndex
 90
       18
102
RTVSPost2010Prop41ColorRGB
 90
        0
102
RTVSPost2010PropOp41
 70
     1
102
RTVSPost2010Prop42
 90
       50
102
RTVSPost2010PropOp42
 70
     1
102
RTVSPost2010Prop43
 90
        3
102
RTVSPost2010PropOp43
 70
     1
102
RTVSPost2010Prop44ColorIndex
 90
        5
102
RTVSPost2010Prop44ColorRGB
 90
      255
102
RTVSPost2010PropOp44
 70
     1
102
RTVSPost2010Prop45
280
     0
102
RTVSPost2010PropOp45
 70
     1
102
RTVSPost2010Prop46
 90
       50
102
RTVSPost2010PropOp46
 70
     1
102
RTVSPost2010Prop47
 90
       50
102
RTVSPost2010PropOp47
 70
     1
102
RTVSPost2010Prop48
 90
       50
102
RTVSPost2010PropOp48
 70
     1
102
RTVSPost2010Prop49
280
     0
102
RTVSPost2010PropOp49
 70
     1
102
RTVSPost2010Prop50
 90
       50
102
RTVSPost2010PropOp50
 70
     1
102
RTVSPost2010Prop51ColorIndex
 90
      256
102
RTVSPost2010Prop51ColorRGB
 90
-16777216
102
RTVSPost2010PropOp51
 70
     0
102
RTVSPost2010Prop52
140
1.0
102
RTVSPost2010PropOp52
 70
     0
102
RTVSPost2010Prop53
 90
        2
102
RTVSPost2010PropOp53
 70
     1
102
RTVSPost2010Prop54
  1
strokes_ogs.tif
102
RTVSPost2010PropOp54
 70
     1
102
RTVSPost2010Prop55
280
     0
102
RTVSPost2010PropOp55
 70
     1
102
RTVSPost2010Prop56
140
1.0
102
RTVSPost2010PropOp56
 70
     1
102
RTVSPost2010Prop57
140
1.0
102
RTVSPost2010PropOp57
 70
     1
  0
XRECORD
  5
A4
102
{ACAD_REACTORS
330
A3
102
}
330
A3
100
AcDbXrecord
280
     1
102
RTVSPropertyOp0
 70
     1
102
RTVSPropertyOp1
 70
     1
102
RTVSPropertyOp2
 70
     1
102
RTVSPropertyOp3
 70
     1
102
RTVSPropertyOp4
 70
     1
102
RTVSPropertyOp5
 70
     1
102
RTVSPropertyOp6
 70
     1
102
RTVSPropertyOp7
 70
     1
102
RTVSPropertyOp8
 70
     1
102
RTVSPropertyOp9
 70
     1
102
RTVSPropertyOp10
 70
     1
102
RTVSPropertyOp11
 70
     1
102
RTVSPropertyOp12
 70
     1
102
RTVSPropertyOp13
 70
     1
102
RTVSPropertyOp14
 70
     1
102
RTVSPropertyOp15
 70
     1
102
RTVSPropertyOp16
 70
     1
102
RTVSPropertyOp17
 70
     1
102
RTVSPropertyOp18
 70
     1
102
RTVSPropertyOp19
 70
     1
102
RTVSPropertyOp20
 70
     1
102
RTVSPropertyOp21
 70
     1
102
RTVSPropertyOp22
 70
     1
102
RTVSPropertyOp23
 70
     1
102
RTVSPropertyOp24
 70
     1
102
RTVSPropertyOp25
 70
     1
102
RTVSPropertyOp26
 70
     1
102
RTVSPropertyOp27
 70
     1
102
RTVSPropertyOp28
 70
     1
102
RTVSPropertyOp29
 70
     1
102
RTVSPropertyOp30
 70
     1
102
RTVSPropertyOp31
 70
     1
102
RTVSPropertyOp32
 70
     1
102
RTVSPropertyOp33
 70
     1
102
RTVSPropertyOp34
 70
     1
102
RTVSPropertyOp35
 70
     1
102
RTVSPropertyOp36
 70
     1
102
RTVSPropertyOp37
 70
     1
102
RTVSPropertyOp38
 70
     1
102
RTVSPropertyOp39
 70
     1
102
RTVSPropertyOp40
 70
     1
102
RTVSPropertyOp41
 70
     1
102
RTVSPropertyOp42
 70
     1
102
RTVSPropertyOp43
 70
     1
102
RTVSPropertyOp44
 70
     1
102
RTVSPropertyOp45
 70
     1
102
RTVSPropertyOp46
 70
     1
102
RTVSPropertyOp47
 70
     1
102
RTVSPropertyOp48
 70
     1
102
RTVSPropertyOp49
 70
     1
102
RTVSPropertyOp50
 70
     1
102
RTVSPropertyOp51
 70
     0
102
RTVSPropertyOp52
 70
     0
102
RTVSPropertyOp53
 70
     1
102
RTVSPropertyOp54
 70
     1
102
RTVSPropertyOp55
 70
     1
102
RTVSPropertyOp56
 70
     1
102
RTVSPropertyOp57
 70
     1
102
RTVSPost2010Prop28
280
     0
102
RTVSPost2010PropOp28
 70
     1
102
RTVSPost2010Prop29
280
     1
102
RTVSPost2010PropOp29
 70
     1
102
RTVSPost2010Prop30
280
     1
102
RTVSPost2010PropOp30
 70
     1
102
RTVSPost2010Prop31
280
     0
102
RTVSPost2010PropOp31
 70
     1
102
RTVSPost2010Prop32
280
     0
102
RTVSPost2010PropOp32
 70
     1
102
RTVSPost2010Prop33
280
     0
102
RTVSPost2010PropOp33
 70
     1
102
RTVSPost2010Prop34
280
     0
102
RTVSPost2010PropOp34
 70
     1
102
RTVSPost2010Prop35
280
     0
102
RTVSPost2010PropOp35
 70
     1
102
RTVSPost2010Prop36
280
     0
102
RTVSPost2010PropOp36
 70
     1
102
RTVSPost2010Prop37
 90
       50
102
RTVSPost2010PropOp37
 70
     1
102
RTVSPost2010Prop38
140
0.0
102
RTVSPost2010PropOp38
 70
     1
102
RTVSPost2010Prop39
140
1.0
102
RTVSPost2010PropOp39
 70
     1
102
RTVSPost2010Prop40
 90
        0
102
RTVSPost2010PropOp40
 70
     1
102
RTVSPost2010Prop41ColorIndex
 90
       18
102
RTVSPost2010Prop41ColorRGB
 90
        0
102
RTVSPost2010PropOp41
 70
     1
102
RTVSPost2010Prop42
 90
       50
102
RTVSPost2010PropOp42
 70
     1
102
RTVSPost2010Prop43
 90
        3
102
RTVSPost2010PropOp43
 70
     1
102
RTVSPost2010Prop44ColorIndex
 90
        5
102
RTVSPost2010Prop44ColorRGB
 90
      255
102
RTVSPost2010PropOp44
 70
     1
102
RTVSPost2010Prop45
280
     0
102
RTVSPost2010PropOp45
 70
     1
102
RTVSPost2010Prop46
 90
       50
102
RTVSPost2010PropOp46
 70
     1
102
RTVSPost2010Prop47
 90
       50
102
RTVSPost2010PropOp47
 70
     1
102
RTVSPost2010Prop48
 90
       50
102
RTVSPost2010PropOp48
 70
     1
102
RTVSPost2010Prop49
280
     0
102
RTVSPost2010PropOp49
 70
     1
102
RTVSPost2010Prop50
 90
       50
102
RTVSPost2010PropOp50
 70
     1
102
RTVSPost2010Prop51ColorIndex
 90
      256
102
RTVSPost2010Prop51ColorRGB
 90
-16777216
102
RTVSPost2010PropOp51
 70
     0
102
RTVSPost2010Prop52
140
1.0
102
RTVSPost2010PropOp52
 70
     0
102
RTVSPost2010Prop53
 90
        2
102
RTVSPost2010PropOp53
 70
     1
102
RTVSPost2010Prop54
  1
strokes_ogs.tif
102
RTVSPost2010PropOp54
 70
     1
102
RTVSPost2010Prop55
280
     0
102
RTVSPost2010PropOp55
 70
     1
102
RTVSPost2010Prop56
140
1.0
102
RTVSPost2010PropOp56
 70
     1
102
RTVSPost2010Prop57
140
1.0
102
RTVSPost2010PropOp57
 70
     1
  0
XRECORD
  5
A6
102
{ACAD_REACTORS
330
A5
102
}
330
A5
100
AcDbXrecord
280
     1
102
RTVSPropertyOp0
 70
     1
102
RTVSPropertyOp1
 70
     1
102
RTVSPropertyOp2
 70
     1
102
RTVSPropertyOp3
 70
     1
102
RTVSPropertyOp4
 70
     1
102
RTVSPropertyOp5
 70
     1
102
RTVSPropertyOp6
 70
     1
102
RTVSPropertyOp7
 70
     1
102
RTVSPropertyOp8
 70
     1
102
RTVSPropertyOp9
 70
     1
102
RTVSPropertyOp10
 70
     1
102
RTVSPropertyOp11
 70
     1
102
RTVSPropertyOp12
 70
     1
102
RTVSPropertyOp13
 70
     1
102
RTVSPropertyOp14
 70
     1
102
RTVSPropertyOp15
 70
     1
102
RTVSPropertyOp16
 70
     1
102
RTVSPropertyOp17
 70
     1
102
RTVSPropertyOp18
 70
     1
102
RTVSPropertyOp19
 70
     1
102
RTVSPropertyOp20
 70
     1
102
RTVSPropertyOp21
 70
     1
102
RTVSPropertyOp22
 70
     1
102
RTVSPropertyOp23
 70
     1
102
RTVSPropertyOp24
 70
     1
102
RTVSPropertyOp25
 70
     1
102
RTVSPropertyOp26
 70
     1
102
RTVSPropertyOp27
 70
     1
102
RTVSPropertyOp28
 70
     1
102
RTVSPropertyOp29
 70
     1
102
RTVSPropertyOp30
 70
     1
102
RTVSPropertyOp31
 70
     1
102
RTVSPropertyOp32
 70
     1
102
RTVSPropertyOp33
 70
     1
102
RTVSPropertyOp34
 70
     1
102
RTVSPropertyOp35
 70
     1
102
RTVSPropertyOp36
 70
     1
102
RTVSPropertyOp37
 70
     1
102
RTVSPropertyOp38
 70
     1
102
RTVSPropertyOp39
 70
     1
102
RTVSPropertyOp40
 70
     1
102
RTVSPropertyOp41
 70
     1
102
RTVSPropertyOp42
 70
     1
102
RTVSPropertyOp43
 70
     1
102
RTVSPropertyOp44
 70
     1
102
RTVSPropertyOp45
 70
     1
102
RTVSPropertyOp46
 70
     1
102
RTVSPropertyOp47
 70
     1
102
RTVSPropertyOp48
 70
     1
102
RTVSPropertyOp49
 70
     1
102
RTVSPropertyOp50
 70
     1
102
RTVSPropertyOp51
 70
     0
102
RTVSPropertyOp52
 70
     0
102
RTVSPropertyOp53
 70
     1
102
RTVSPropertyOp54
 70
     1
102
RTVSPropertyOp55
 70
     1
102
RTVSPropertyOp56
 70
     1
102
RTVSPropertyOp57
 70
     1
102
RTVSPost2010Prop28
280
     0
102
RTVSPost2010PropOp28
 70
     1
102
RTVSPost2010Prop29
280
     1
102
RTVSPost2010PropOp29
 70
     1
102
RTVSPost2010Prop30
280
     1
102
RTVSPost2010PropOp30
 70
     1
102
RTVSPost2010Prop31
280
     0
102
RTVSPost2010PropOp31
 70
     1
102
RTVSPost2010Prop32
280
     0
102
RTVSPost2010PropOp32
 70
     1
102
RTVSPost2010Prop33
280
     0
102
RTVSPost2010PropOp33
 70
     1
102
RTVSPost2010Prop34
280
     0
102
RTVSPost2010PropOp34
 70
     1
102
RTVSPost2010Prop35
280
     0
102
RTVSPost2010PropOp35
 70
     1
102
RTVSPost2010Prop36
280
     0
102
RTVSPost2010PropOp36
 70
     1
102
RTVSPost2010Prop37
 90
       50
102
RTVSPost2010PropOp37
 70
     1
102
RTVSPost2010Prop38
140
0.0
102
RTVSPost2010PropOp38
 70
     1
102
RTVSPost2010Prop39
140
1.0
102
RTVSPost2010PropOp39
 70
     1
102
RTVSPost2010Prop40
 90
        0
102
RTVSPost2010PropOp40
 70
     1
102
RTVSPost2010Prop41ColorIndex
 90
       18
102
RTVSPost2010Prop41ColorRGB
 90
        0
102
RTVSPost2010PropOp41
 70
     1
102
RTVSPost2010Prop42
 90
       50
102
RTVSPost2010PropOp42
 70
     1
102
RTVSPost2010Prop43
 90
        3
102
RTVSPost2010PropOp43
 70
     1
102
RTVSPost2010Prop44ColorIndex
 90
        5
102
RTVSPost2010Prop44ColorRGB
 90
      255
102
RTVSPost2010PropOp44
 70
     1
102
RTVSPost2010Prop45
280
     0
102
RTVSPost2010PropOp45
 70
     1
102
RTVSPost2010Prop46
 90
       50
102
RTVSPost2010PropOp46
 70
     1
102
RTVSPost2010Prop47
 90
       50
102
RTVSPost2010PropOp47
 70
     1
102
RTVSPost2010Prop48
 90
       50
102
RTVSPost2010PropOp48
 70
     1
102
RTVSPost2010Prop49
280
     0
102
RTVSPost2010PropOp49
 70
     1
102
RTVSPost2010Prop50
 90
       50
102
RTVSPost2010PropOp50
 70
     1
102
RTVSPost2010Prop51ColorIndex
 90
      256
102
RTVSPost2010Prop51ColorRGB
 90
-16777216
102
RTVSPost2010PropOp51
 70
     0
102
RTVSPost2010Prop52
140
1.0
102
RTVSPost2010PropOp52
 70
     0
102
RTVSPost2010Prop53
 90
        2
102
RTVSPost2010PropOp53
 70
     1
102
RTVSPost2010Prop54
  1
strokes_ogs.tif
102
RTVSPost2010PropOp54
 70
     1
102
RTVSPost2010Prop55
280
     0
102
RTVSPost2010PropOp55
 70
     1
102
RTVSPost2010Prop56
140
1.0
102
RTVSPost2010PropOp56
 70
     1
102
RTVSPost2010Prop57
140
1.0
102
RTVSPost2010PropOp57
 70
     1
  0
XRECORD
  5
AC
102
{ACAD_REACTORS
330
AB
102
}
330
AB
100
AcDbXrecord
280
     1
102
RTVSPropertyOp0
 70
     1
102
RTVSPropertyOp1
 70
     1
102
RTVSPropertyOp2
 70
     1
102
RTVSPropertyOp3
 70
     1
102
RTVSPropertyOp4
 70
     1
102
RTVSPropertyOp5
 70
     1
102
RTVSPropertyOp6
 70
     1
102
RTVSPropertyOp7
 70
     1
102
RTVSPropertyOp8
 70
     1
102
RTVSPropertyOp9
 70
     1
102
RTVSPropertyOp10
 70
     1
102
RTVSPropertyOp11
 70
     1
102
RTVSPropertyOp12
 70
     1
102
RTVSPropertyOp13
 70
     1
102
RTVSPropertyOp14
 70
     1
102
RTVSPropertyOp15
 70
     1
102
RTVSPropertyOp16
 70
     1
102
RTVSPropertyOp17
 70
     1
102
RTVSPropertyOp18
 70
     1
102
RTVSPropertyOp19
 70
     1
102
RTVSPropertyOp20
 70
     1
102
RTVSPropertyOp21
 70
     1
102
RTVSPropertyOp22
 70
     1
102
RTVSPropertyOp23
 70
     1
102
RTVSPropertyOp24
 70
     1
102
RTVSPropertyOp25
 70
     1
102
RTVSPropertyOp26
 70
     1
102
RTVSPropertyOp27
 70
     1
102
RTVSPropertyOp28
 70
     1
102
RTVSPropertyOp29
 70
     1
102
RTVSPropertyOp30
 70
     1
102
RTVSPropertyOp31
 70
     1
102
RTVSPropertyOp32
 70
     1
102
RTVSPropertyOp33
 70
     1
102
RTVSPropertyOp34
 70
     1
102
RTVSPropertyOp35
 70
     1
102
RTVSPropertyOp36
 70
     1
102
RTVSPropertyOp37
 70
     1
102
RTVSPropertyOp38
 70
     1
102
RTVSPropertyOp39
 70
     1
102
RTVSPropertyOp40
 70
     1
102
RTVSPropertyOp41
 70
     1
102
RTVSPropertyOp42
 70
     1
102
RTVSPropertyOp43
 70
     1
102
RTVSPropertyOp44
 70
     1
102
RTVSPropertyOp45
 70
     1
102
RTVSPropertyOp46
 70
     1
102
RTVSPropertyOp47
 70
     1
102
RTVSPropertyOp48
 70
     1
102
RTVSPropertyOp49
 70
     1
102
RTVSPropertyOp50
 70
     1
102
RTVSPropertyOp51
 70
     0
102
RTVSPropertyOp52
 70
     0
102
RTVSPropertyOp53
 70
     1
102
RTVSPropertyOp54
 70
     1
102
RTVSPropertyOp55
 70
     1
102
RTVSPropertyOp56
 70
     1
102
RTVSPropertyOp57
 70
     1
102
RTVSPost2010Prop28
280
     0
102
RTVSPost2010PropOp28
 70
     1
102
RTVSPost2010Prop29
280
     1
102
RTVSPost2010PropOp29
 70
     1
102
RTVSPost2010Prop30
280
     1
102
RTVSPost2010PropOp30
 70
     1
102
RTVSPost2010Prop31
280
     0
102
RTVSPost2010PropOp31
 70
     1
102
RTVSPost2010Prop32
280
     0
102
RTVSPost2010PropOp32
 70
     1
102
RTVSPost2010Prop33
280
     0
102
RTVSPost2010PropOp33
 70
     1
102
RTVSPost2010Prop34
280
     0
102
RTVSPost2010PropOp34
 70
     1
102
RTVSPost2010Prop35
280
     0
102
RTVSPost2010PropOp35
 70
     1
102
RTVSPost2010Prop36
280
     0
102
RTVSPost2010PropOp36
 70
     1
102
RTVSPost2010Prop37
 90
       50
102
RTVSPost2010PropOp37
 70
     1
102
RTVSPost2010Prop38
140
0.0
102
RTVSPost2010PropOp38
 70
     1
102
RTVSPost2010Prop39
140
1.0
102
RTVSPost2010PropOp39
 70
     1
102
RTVSPost2010Prop40
 90
        0
102
RTVSPost2010PropOp40
 70
     1
102
RTVSPost2010Prop41ColorIndex
 90
       18
102
RTVSPost2010Prop41ColorRGB
 90
        0
102
RTVSPost2010PropOp41
 70
     1
102
RTVSPost2010Prop42
 90
       50
102
RTVSPost2010PropOp42
 70
     1
102
RTVSPost2010Prop43
 90
        3
102
RTVSPost2010PropOp43
 70
     1
102
RTVSPost2010Prop44ColorIndex
 90
        5
102
RTVSPost2010Prop44ColorRGB
 90
      255
102
RTVSPost2010PropOp44
 70
     1
102
RTVSPost2010Prop45
280
     0
102
RTVSPost2010PropOp45
 70
     1
102
RTVSPost2010Prop46
 90
       50
102
RTVSPost2010PropOp46
 70
     1
102
RTVSPost2010Prop47
 90
       50
102
RTVSPost2010PropOp47
 70
     1
102
RTVSPost2010Prop48
 90
       50
102
RTVSPost2010PropOp48
 70
     1
102
RTVSPost2010Prop49
280
     0
102
RTVSPost2010PropOp49
 70
     1
102
RTVSPost2010Prop50
 90
       50
102
RTVSPost2010PropOp50
 70
     1
102
RTVSPost2010Prop51ColorIndex
 90
      256
102
RTVSPost2010Prop51ColorRGB
 90
-16777216
102
RTVSPost2010PropOp51
 70
     0
102
RTVSPost2010Prop52
140
1.0
102
RTVSPost2010PropOp52
 70
     0
102
RTVSPost2010Prop53
 90
        2
102
RTVSPost2010PropOp53
 70
     1
102
RTVSPost2010Prop54
  1
strokes_ogs.tif
102
RTVSPost2010PropOp54
 70
     1
102
RTVSPost2010Prop55
280
     0
102
RTVSPost2010PropOp55
 70
     1
102
RTVSPost2010Prop56
140
1.0
102
RTVSPost2010PropOp56
 70
     1
102
RTVSPost2010Prop57
140
1.0
102
RTVSPost2010PropOp57
 70
     1
  0
XRECORD
  5
C0
102
{ACAD_REACTORS
330
BF
102
}
330
BF
100
AcDbXrecord
280
     1
102
RTVSPropertyOp0
 70
     0
102
RTVSPropertyOp1
 70
     0
102
RTVSPropertyOp2
 70
     0
102
RTVSPropertyOp3
 70
     0
102
RTVSPropertyOp4
 70
     0
102
RTVSPropertyOp5
 70
     0
102
RTVSPropertyOp6
 70
     0
102
RTVSPropertyOp7
 70
     0
102
RTVSPropertyOp8
 70
     0
102
RTVSPropertyOp9
 70
     0
102
RTVSPropertyOp10
 70
     0
102
RTVSPropertyOp11
 70
     0
102
RTVSPropertyOp12
 70
     0
102
RTVSPropertyOp13
 70
     0
102
RTVSPropertyOp14
 70
     2
102
RTVSPropertyOp15
 70
     0
102
RTVSPropertyOp16
 70
     0
102
RTVSPropertyOp17
 70
     0
102
RTVSPropertyOp18
 70
     0
102
RTVSPropertyOp19
 70
     0
102
RTVSPropertyOp20
 70
     0
102
RTVSPropertyOp21
 70
     0
102
RTVSPropertyOp22
 70
     0
102
RTVSPropertyOp23
 70
     0
102
RTVSPropertyOp24
 70
     0
102
RTVSPropertyOp25
 70
     0
102
RTVSPropertyOp26
 70
     0
102
RTVSPropertyOp27
 70
     0
102
RTVSPropertyOp28
 70
     0
102
RTVSPropertyOp29
 70
     0
102
RTVSPropertyOp30
 70
     0
102
RTVSPropertyOp31
 70
     0
102
RTVSPropertyOp32
 70
     0
102
RTVSPropertyOp33
 70
     0
102
RTVSPropertyOp34
 70
     0
102
RTVSPropertyOp35
 70
     0
102
RTVSPropertyOp36
 70
     0
102
RTVSPropertyOp37
 70
     0
102
RTVSPropertyOp38
 70
     0
102
RTVSPropertyOp39
 70
     0
102
RTVSPropertyOp40
 70
     0
102
RTVSPropertyOp41
 70
     0
102
RTVSPropertyOp42
 70
     0
102
RTVSPropertyOp43
 70
     0
102
RTVSPropertyOp44
 70
     0
102
RTVSPropertyOp45
 70
     0
102
RTVSPropertyOp46
 70
     0
102
RTVSPropertyOp47
 70
     0
102
RTVSPropertyOp48
 70
     0
102
RTVSPropertyOp49
 70
     0
102
RTVSPropertyOp50
 70
     0
102
RTVSPropertyOp51
 70
     0
102
RTVSPropertyOp52
 70
     0
102
RTVSPropertyOp53
 70
     0
102
RTVSPropertyOp54
 70
     0
102
RTVSPropertyOp55
 70
     0
102
RTVSPropertyOp56
 70
     0
102
RTVSPropertyOp57
 70
     0
102
RTVSPost2010Prop28
280
     0
102
RTVSPost2010PropOp28
 70
     0
102
RTVSPost2010Prop29
280
     1
102
RTVSPost2010PropOp29
 70
     0
102
RTVSPost2010Prop30
280
     1
102
RTVSPost2010PropOp30
 70
     0
102
RTVSPost2010Prop31
280
     0
102
RTVSPost2010PropOp31
 70
     0
102
RTVSPost2010Prop32
280
     0
102
RTVSPost2010PropOp32
 70
     0
102
RTVSPost2010Prop33
280
     0
102
RTVSPost2010PropOp33
 70
     0
102
RTVSPost2010Prop34
280
     0
102
RTVSPost2010PropOp34
 70
     0
102
RTVSPost2010Prop35
280
     0
102
RTVSPost2010PropOp35
 70
     0
102
RTVSPost2010Prop36
280
     0
102
RTVSPost2010PropOp36
 70
     0
102
RTVSPost2010Prop37
 90
       50
102
RTVSPost2010PropOp37
 70
     0
102
RTVSPost2010Prop38
140
0.0
102
RTVSPost2010PropOp38
 70
     0
102
RTVSPost2010Prop39
140
1.0
102
RTVSPost2010PropOp39
 70
     0
102
RTVSPost2010Prop40
 90
        0
102
RTVSPost2010PropOp40
 70
     0
102
RTVSPost2010Prop41ColorIndex
 90
       18
102
RTVSPost2010Prop41ColorRGB
 90
        0
102
RTVSPost2010PropOp41
 70
     0
102
RTVSPost2010Prop42
 90
       50
102
RTVSPost2010PropOp42
 70
     0
102
RTVSPost2010Prop43
 90
        3
102
RTVSPost2010PropOp43
 70
     0
102
RTVSPost2010Prop44ColorIndex
 90
        5
102
RTVSPost2010Prop44ColorRGB
 90
      255
102
RTVSPost2010PropOp44
 70
     0
102
RTVSPost2010Prop45
280
     0
102
RTVSPost2010PropOp45
 70
     0
102
RTVSPost2010Prop46
 90
       50
102
RTVSPost2010PropOp46
 70
     0
102
RTVSPost2010Prop47
 90
       50
102
RTVSPost2010PropOp47
 70
     0
102
RTVSPost2010Prop48
 90
       50
102
RTVSPost2010PropOp48
 70
     0
102
RTVSPost2010Prop49
280
     0
102
RTVSPost2010PropOp49
 70
     0
102
RTVSPost2010Prop50
 90
       50
102
RTVSPost2010PropOp50
 70
     0
102
RTVSPost2010Prop51ColorIndex
 90
      256
102
RTVSPost2010Prop51ColorRGB
 90
-16777216
102
RTVSPost2010PropOp51
 70
     0
102
RTVSPost2010Prop52
140
1.0
102
RTVSPost2010PropOp52
 70
     0
102
RTVSPost2010Prop53
 90
        2
102
RTVSPost2010PropOp53
 70
     0
102
RTVSPost2010Prop54
  1
strokes_ogs.tif
102
RTVSPost2010PropOp54
 70
     0
102
RTVSPost2010Prop55
280
     0
102
RTVSPost2010PropOp55
 70
     0
102
RTVSPost2010Prop56
140
1.0
102
RTVSPost2010PropOp56
 70
     0
102
RTVSPost2010Prop57
140
1.0
102
RTVSPost2010PropOp57
 70
     0
  0
XRECORD
  5
BA
102
{ACAD_REACTORS
330
B9
102
}
330
B9
100
AcDbXrecord
280
     1
102
RTVSPropertyOp0
 70
     1
102
RTVSPropertyOp1
 70
     1
102
RTVSPropertyOp2
 70
     1
102
RTVSPropertyOp3
 70
     1
102
RTVSPropertyOp4
 70
     1
102
RTVSPropertyOp5
 70
     1
102
RTVSPropertyOp6
 70
     1
102
RTVSPropertyOp7
 70
     1
102
RTVSPropertyOp8
 70
     1
102
RTVSPropertyOp9
 70
     1
102
RTVSPropertyOp10
 70
     1
102
RTVSPropertyOp11
 70
     1
102
RTVSPropertyOp12
 70
     1
102
RTVSPropertyOp13
 70
     1
102
RTVSPropertyOp14
 70
     1
102
RTVSPropertyOp15
 70
     1
102
RTVSPropertyOp16
 70
     1
102
RTVSPropertyOp17
 70
     1
102
RTVSPropertyOp18
 70
     1
102
RTVSPropertyOp19
 70
     1
102
RTVSPropertyOp20
 70
     1
102
RTVSPropertyOp21
 70
     1
102
RTVSPropertyOp22
 70
     1
102
RTVSPropertyOp23
 70
     1
102
RTVSPropertyOp24
 70
     1
102
RTVSPropertyOp25
 70
     1
102
RTVSPropertyOp26
 70
     1
102
RTVSPropertyOp27
 70
     1
102
RTVSPropertyOp28
 70
     1
102
RTVSPropertyOp29
 70
     1
102
RTVSPropertyOp30
 70
     1
102
RTVSPropertyOp31
 70
     1
102
RTVSPropertyOp32
 70
     1
102
RTVSPropertyOp33
 70
     1
102
RTVSPropertyOp34
 70
     1
102
RTVSPropertyOp35
 70
     1
102
RTVSPropertyOp36
 70
     1
102
RTVSPropertyOp37
 70
     1
102
RTVSPropertyOp38
 70
     1
102
RTVSPropertyOp39
 70
     1
102
RTVSPropertyOp40
 70
     1
102
RTVSPropertyOp41
 70
     1
102
RTVSPropertyOp42
 70
     1
102
RTVSPropertyOp43
 70
     1
102
RTVSPropertyOp44
 70
     1
102
RTVSPropertyOp45
 70
     1
102
RTVSPropertyOp46
 70
     1
102
RTVSPropertyOp47
 70
     1
102
RTVSPropertyOp48
 70
     1
102
RTVSPropertyOp49
 70
     1
102
RTVSPropertyOp50
 70
     1
102
RTVSPropertyOp51
 70
     0
102
RTVSPropertyOp52
 70
     0
102
RTVSPropertyOp53
 70
     1
102
RTVSPropertyOp54
 70
     1
102
RTVSPropertyOp55
 70
     1
102
RTVSPropertyOp56
 70
     1
102
RTVSPropertyOp57
 70
     1
102
RTVSPost2010Prop28
280
     0
102
RTVSPost2010PropOp28
 70
     1
102
RTVSPost2010Prop29
280
     1
102
RTVSPost2010PropOp29
 70
     1
102
RTVSPost2010Prop30
280
     1
102
RTVSPost2010PropOp30
 70
     1
102
RTVSPost2010Prop31
280
     0
102
RTVSPost2010PropOp31
 70
     1
102
RTVSPost2010Prop32
280
     0
102
RTVSPost2010PropOp32
 70
     1
102
RTVSPost2010Prop33
280
     0
102
RTVSPost2010PropOp33
 70
     1
102
RTVSPost2010Prop34
280
     0
102
RTVSPost2010PropOp34
 70
     1
102
RTVSPost2010Prop35
280
     0
102
RTVSPost2010PropOp35
 70
     1
102
RTVSPost2010Prop36
280
     0
102
RTVSPost2010PropOp36
 70
     1
102
RTVSPost2010Prop37
 90
       50
102
RTVSPost2010PropOp37
 70
     1
102
RTVSPost2010Prop38
140
0.0
102
RTVSPost2010PropOp38
 70
     1
102
RTVSPost2010Prop39
140
1.0
102
RTVSPost2010PropOp39
 70
     1
102
RTVSPost2010Prop40
 90
        0
102
RTVSPost2010PropOp40
 70
     1
102
RTVSPost2010Prop41ColorIndex
 90
       18
102
RTVSPost2010Prop41ColorRGB
 90
        0
102
RTVSPost2010PropOp41
 70
     1
102
RTVSPost2010Prop42
 90
       50
102
RTVSPost2010PropOp42
 70
     1
102
RTVSPost2010Prop43
 90
        3
102
RTVSPost2010PropOp43
 70
     1
102
RTVSPost2010Prop44ColorIndex
 90
        5
102
RTVSPost2010Prop44ColorRGB
 90
      255
102
RTVSPost2010PropOp44
 70
     1
102
RTVSPost2010Prop45
280
     0
102
RTVSPost2010PropOp45
 70
     1
102
RTVSPost2010Prop46
 90
       50
102
RTVSPost2010PropOp46
 70
     1
102
RTVSPost2010Prop47
 90
       50
102
RTVSPost2010PropOp47
 70
     1
102
RTVSPost2010Prop48
 90
       50
102
RTVSPost2010PropOp48
 70
     1
102
RTVSPost2010Prop49
280
     0
102
RTVSPost2010PropOp49
 70
     1
102
RTVSPost2010Prop50
 90
       50
102
RTVSPost2010PropOp50
 70
     1
102
RTVSPost2010Prop51ColorIndex
 90
      256
102
RTVSPost2010Prop51ColorRGB
 90
-16777216
102
RTVSPost2010PropOp51
 70
     0
102
RTVSPost2010Prop52
140
1.0
102
RTVSPost2010PropOp52
 70
     0
102
RTVSPost2010Prop53
 90
        2
102
RTVSPost2010PropOp53
 70
     1
102
RTVSPost2010Prop54
  1
strokes_ogs.tif
102
RTVSPost2010PropOp54
 70
     1
102
RTVSPost2010Prop55
280
     0
102
RTVSPost2010PropOp55
 70
     1
102
RTVSPost2010Prop56
140
1.0
102
RTVSPost2010PropOp56
 70
     1
102
RTVSPost2010Prop57
140
1.0
102
RTVSPost2010PropOp57
 70
     1
  0
XRECORD
  5
C2
102
{ACAD_REACTORS
330
C1
102
}
330
C1
100
AcDbXrecord
280
     1
102
RTVSPropertyOp0
 70
     0
102
RTVSPropertyOp1
 70
     0
102
RTVSPropertyOp2
 70
     0
102
RTVSPropertyOp3
 70
     0
102
RTVSPropertyOp4
 70
     0
102
RTVSPropertyOp5
 70
     0
102
RTVSPropertyOp6
 70
     0
102
RTVSPropertyOp7
 70
     0
102
RTVSPropertyOp8
 70
     0
102
RTVSPropertyOp9
 70
     0
102
RTVSPropertyOp10
 70
     0
102
RTVSPropertyOp11
 70
     0
102
RTVSPropertyOp12
 70
     0
102
RTVSPropertyOp13
 70
     0
102
RTVSPropertyOp14
 70
     2
102
RTVSPropertyOp15
 70
     0
102
RTVSPropertyOp16
 70
     0
102
RTVSPropertyOp17
 70
     0
102
RTVSPropertyOp18
 70
     0
102
RTVSPropertyOp19
 70
     0
102
RTVSPropertyOp20
 70
     0
102
RTVSPropertyOp21
 70
     0
102
RTVSPropertyOp22
 70
     0
102
RTVSPropertyOp23
 70
     0
102
RTVSPropertyOp24
 70
     0
102
RTVSPropertyOp25
 70
     0
102
RTVSPropertyOp26
 70
     0
102
RTVSPropertyOp27
 70
     0
102
RTVSPropertyOp28
 70
     0
102
RTVSPropertyOp29
 70
     0
102
RTVSPropertyOp30
 70
     0
102
RTVSPropertyOp31
 70
     0
102
RTVSPropertyOp32
 70
     0
102
RTVSPropertyOp33
 70
     0
102
RTVSPropertyOp34
 70
     0
102
RTVSPropertyOp35
 70
     0
102
RTVSPropertyOp36
 70
     0
102
RTVSPropertyOp37
 70
     0
102
RTVSPropertyOp38
 70
     0
102
RTVSPropertyOp39
 70
     0
102
RTVSPropertyOp40
 70
     0
102
RTVSPropertyOp41
 70
     0
102
RTVSPropertyOp42
 70
     0
102
RTVSPropertyOp43
 70
     0
102
RTVSPropertyOp44
 70
     0
102
RTVSPropertyOp45
 70
     0
102
RTVSPropertyOp46
 70
     0
102
RTVSPropertyOp47
 70
     0
102
RTVSPropertyOp48
 70
     0
102
RTVSPropertyOp49
 70
     0
102
RTVSPropertyOp50
 70
     0
102
RTVSPropertyOp51
 70
     0
102
RTVSPropertyOp52
 70
     0
102
RTVSPropertyOp53
 70
     0
102
RTVSPropertyOp54
 70
     0
102
RTVSPropertyOp55
 70
     0
102
RTVSPropertyOp56
 70
     0
102
RTVSPropertyOp57
 70
     0
102
RTVSPost2010Prop28
280
     0
102
RTVSPost2010PropOp28
 70
     0
102
RTVSPost2010Prop29
280
     1
102
RTVSPost2010PropOp29
 70
     0
102
RTVSPost2010Prop30
280
     1
102
RTVSPost2010PropOp30
 70
     0
102
RTVSPost2010Prop31
280
     0
102
RTVSPost2010PropOp31
 70
     0
102
RTVSPost2010Prop32
280
     0
102
RTVSPost2010PropOp32
 70
     0
102
RTVSPost2010Prop33
280
     0
102
RTVSPost2010PropOp33
 70
     0
102
RTVSPost2010Prop34
280
     0
102
RTVSPost2010PropOp34
 70
     0
102
RTVSPost2010Prop35
280
     0
102
RTVSPost2010PropOp35
 70
     0
102
RTVSPost2010Prop36
280
     0
102
RTVSPost2010PropOp36
 70
     0
102
RTVSPost2010Prop37
 90
       50
102
RTVSPost2010PropOp37
 70
     0
102
RTVSPost2010Prop38
140
0.0
102
RTVSPost2010PropOp38
 70
     0
102
RTVSPost2010Prop39
140
1.0
102
RTVSPost2010PropOp39
 70
     0
102
RTVSPost2010Prop40
 90
        0
102
RTVSPost2010PropOp40
 70
     0
102
RTVSPost2010Prop41ColorIndex
 90
       18
102
RTVSPost2010Prop41ColorRGB
 90
        0
102
RTVSPost2010PropOp41
 70
     0
102
RTVSPost2010Prop42
 90
       50
102
RTVSPost2010PropOp42
 70
     0
102
RTVSPost2010Prop43
 90
        3
102
RTVSPost2010PropOp43
 70
     0
102
RTVSPost2010Prop44ColorIndex
 90
        5
102
RTVSPost2010Prop44ColorRGB
 90
      255
102
RTVSPost2010PropOp44
 70
     0
102
RTVSPost2010Prop45
280
     0
102
RTVSPost2010PropOp45
 70
     0
102
RTVSPost2010Prop46
 90
       50
102
RTVSPost2010PropOp46
 70
     0
102
RTVSPost2010Prop47
 90
       50
102
RTVSPost2010PropOp47
 70
     0
102
RTVSPost2010Prop48
 90
       50
102
RTVSPost2010PropOp48
 70
     0
102
RTVSPost2010Prop49
280
     0
102
RTVSPost2010PropOp49
 70
     0
102
RTVSPost2010Prop50
 90
       50
102
RTVSPost2010PropOp50
 70
     0
102
RTVSPost2010Prop51ColorIndex
 90
      256
102
RTVSPost2010Prop51ColorRGB
 90
-16777216
102
RTVSPost2010PropOp51
 70
     0
102
RTVSPost2010Prop52
140
1.0
102
RTVSPost2010PropOp52
 70
     0
102
RTVSPost2010Prop53
 90
        2
102
RTVSPost2010PropOp53
 70
     0
102
RTVSPost2010Prop54
  1
strokes_ogs.tif
102
RTVSPost2010PropOp54
 70
     0
102
RTVSPost2010Prop55
280
     0
102
RTVSPost2010PropOp55
 70
     0
102
RTVSPost2010Prop56
140
1.0
102
RTVSPost2010PropOp56
 70
     0
102
RTVSPost2010Prop57
140
1.0
102
RTVSPost2010PropOp57
 70
     0
  0
XRECORD
  5
B0
102
{ACAD_REACTORS
330
AF
102
}
330
AF
100
AcDbXrecord
280
     1
102
RTVSPropertyOp0
 70
     1
102
RTVSPropertyOp1
 70
     1
102
RTVSPropertyOp2
 70
     1
102
RTVSPropertyOp3
 70
     1
102
RTVSPropertyOp4
 70
     1
102
RTVSPropertyOp5
 70
     1
102
RTVSPropertyOp6
 70
     1
102
RTVSPropertyOp7
 70
     1
102
RTVSPropertyOp8
 70
     1
102
RTVSPropertyOp9
 70
     1
102
RTVSPropertyOp10
 70
     1
102
RTVSPropertyOp11
 70
     1
102
RTVSPropertyOp12
 70
     1
102
RTVSPropertyOp13
 70
     1
102
RTVSPropertyOp14
 70
     1
102
RTVSPropertyOp15
 70
     1
102
RTVSPropertyOp16
 70
     1
102
RTVSPropertyOp17
 70
     1
102
RTVSPropertyOp18
 70
     1
102
RTVSPropertyOp19
 70
     1
102
RTVSPropertyOp20
 70
     1
102
RTVSPropertyOp21
 70
     1
102
RTVSPropertyOp22
 70
     1
102
RTVSPropertyOp23
 70
     1
102
RTVSPropertyOp24
 70
     1
102
RTVSPropertyOp25
 70
     1
102
RTVSPropertyOp26
 70
     1
102
RTVSPropertyOp27
 70
     1
102
RTVSPropertyOp28
 70
     1
102
RTVSPropertyOp29
 70
     1
102
RTVSPropertyOp30
 70
     1
102
RTVSPropertyOp31
 70
     1
102
RTVSPropertyOp32
 70
     1
102
RTVSPropertyOp33
 70
     1
102
RTVSPropertyOp34
 70
     1
102
RTVSPropertyOp35
 70
     1
102
RTVSPropertyOp36
 70
     1
102
RTVSPropertyOp37
 70
     1
102
RTVSPropertyOp38
 70
     1
102
RTVSPropertyOp39
 70
     1
102
RTVSPropertyOp40
 70
     1
102
RTVSPropertyOp41
 70
     1
102
RTVSPropertyOp42
 70
     1
102
RTVSPropertyOp43
 70
     1
102
RTVSPropertyOp44
 70
     1
102
RTVSPropertyOp45
 70
     1
102
RTVSPropertyOp46
 70
     1
102
RTVSPropertyOp47
 70
     1
102
RTVSPropertyOp48
 70
     1
102
RTVSPropertyOp49
 70
     1
102
RTVSPropertyOp50
 70
     1
102
RTVSPropertyOp51
 70
     0
102
RTVSPropertyOp52
 70
     0
102
RTVSPropertyOp53
 70
     1
102
RTVSPropertyOp54
 70
     1
102
RTVSPropertyOp55
 70
     1
102
RTVSPropertyOp56
 70
     1
102
RTVSPropertyOp57
 70
     1
102
RTVSPost2010Prop28
280
     0
102
RTVSPost2010PropOp28
 70
     1
102
RTVSPost2010Prop29
280
     1
102
RTVSPost2010PropOp29
 70
     1
102
RTVSPost2010Prop30
280
     1
102
RTVSPost2010PropOp30
 70
     1
102
RTVSPost2010Prop31
280
     0
102
RTVSPost2010PropOp31
 70
     1
102
RTVSPost2010Prop32
280
     0
102
RTVSPost2010PropOp32
 70
     1
102
RTVSPost2010Prop33
280
     0
102
RTVSPost2010PropOp33
 70
     1
102
RTVSPost2010Prop34
280
     0
102
RTVSPost2010PropOp34
 70
     1
102
RTVSPost2010Prop35
280
     0
102
RTVSPost2010PropOp35
 70
     1
102
RTVSPost2010Prop36
280
     0
102
RTVSPost2010PropOp36
 70
     1
102
RTVSPost2010Prop37
 90
       50
102
RTVSPost2010PropOp37
 70
     1
102
RTVSPost2010Prop38
140
0.0
102
RTVSPost2010PropOp38
 70
     1
102
RTVSPost2010Prop39
140
1.0
102
RTVSPost2010PropOp39
 70
     1
102
RTVSPost2010Prop40
 90
        0
102
RTVSPost2010PropOp40
 70
     1
102
RTVSPost2010Prop41ColorIndex
 90
       18
102
RTVSPost2010Prop41ColorRGB
 90
        0
102
RTVSPost2010PropOp41
 70
     1
102
RTVSPost2010Prop42
 90
       50
102
RTVSPost2010PropOp42
 70
     1
102
RTVSPost2010Prop43
 90
        3
102
RTVSPost2010PropOp43
 70
     1
102
RTVSPost2010Prop44ColorIndex
 90
        5
102
RTVSPost2010Prop44ColorRGB
 90
      255
102
RTVSPost2010PropOp44
 70
     1
102
RTVSPost2010Prop45
280
     0
102
RTVSPost2010PropOp45
 70
     1
102
RTVSPost2010Prop46
 90
       50
102
RTVSPost2010PropOp46
 70
     1
102
RTVSPost2010Prop47
 90
       50
102
RTVSPost2010PropOp47
 70
     1
102
RTVSPost2010Prop48
 90
       50
102
RTVSPost2010PropOp48
 70
     1
102
RTVSPost2010Prop49
280
     0
102
RTVSPost2010PropOp49
 70
     1
102
RTVSPost2010Prop50
 90
       50
102
RTVSPost2010PropOp50
 70
     1
102
RTVSPost2010Prop51ColorIndex
 90
      256
102
RTVSPost2010Prop51ColorRGB
 90
-16777216
102
RTVSPost2010PropOp51
 70
     0
102
RTVSPost2010Prop52
140
1.0
102
RTVSPost2010PropOp52
 70
     0
102
RTVSPost2010Prop53
 90
        2
102
RTVSPost2010PropOp53
 70
     1
102
RTVSPost2010Prop54
  1
strokes_ogs.tif
102
RTVSPost2010PropOp54
 70
     1
102
RTVSPost2010Prop55
280
     0
102
RTVSPost2010PropOp55
 70
     1
102
RTVSPost2010Prop56
140
1.0
102
RTVSPost2010PropOp56
 70
     1
102
RTVSPost2010Prop57
140
1.0
102
RTVSPost2010PropOp57
 70
     1
  0
XRECORD
  5
CE
102
{ACAD_REACTORS
330
CD
102
}
330
CD
100
AcDbXrecord
280
     1
102
RTVSPropertyOp0
 70
     1
102
RTVSPropertyOp1
 70
     1
102
RTVSPropertyOp2
 70
     1
102
RTVSPropertyOp3
 70
     1
102
RTVSPropertyOp4
 70
     1
102
RTVSPropertyOp5
 70
     1
102
RTVSPropertyOp6
 70
     1
102
RTVSPropertyOp7
 70
     1
102
RTVSPropertyOp8
 70
     1
102
RTVSPropertyOp9
 70
     1
102
RTVSPropertyOp10
 70
     1
102
RTVSPropertyOp11
 70
     1
102
RTVSPropertyOp12
 70
     1
102
RTVSPropertyOp13
 70
     1
102
RTVSPropertyOp14
 70
     1
102
RTVSPropertyOp15
 70
     1
102
RTVSPropertyOp16
 70
     1
102
RTVSPropertyOp17
 70
     1
102
RTVSPropertyOp18
 70
     1
102
RTVSPropertyOp19
 70
     1
102
RTVSPropertyOp20
 70
     1
102
RTVSPropertyOp21
 70
     1
102
RTVSPropertyOp22
 70
     1
102
RTVSPropertyOp23
 70
     1
102
RTVSPropertyOp24
 70
     1
102
RTVSPropertyOp25
 70
     1
102
RTVSPropertyOp26
 70
     1
102
RTVSPropertyOp27
 70
     1
102
RTVSPropertyOp28
 70
     1
102
RTVSPropertyOp29
 70
     1
102
RTVSPropertyOp30
 70
     1
102
RTVSPropertyOp31
 70
     1
102
RTVSPropertyOp32
 70
     1
102
RTVSPropertyOp33
 70
     1
102
RTVSPropertyOp34
 70
     1
102
RTVSPropertyOp35
 70
     1
102
RTVSPropertyOp36
 70
     1
102
RTVSPropertyOp37
 70
     1
102
RTVSPropertyOp38
 70
     1
102
RTVSPropertyOp39
 70
     1
102
RTVSPropertyOp40
 70
     1
102
RTVSPropertyOp41
 70
     1
102
RTVSPropertyOp42
 70
     1
102
RTVSPropertyOp43
 70
     1
102
RTVSPropertyOp44
 70
     1
102
RTVSPropertyOp45
 70
     1
102
RTVSPropertyOp46
 70
     1
102
RTVSPropertyOp47
 70
     1
102
RTVSPropertyOp48
 70
     1
102
RTVSPropertyOp49
 70
     1
102
RTVSPropertyOp50
 70
     1
102
RTVSPropertyOp51
 70
     0
102
RTVSPropertyOp52
 70
     0
102
RTVSPropertyOp53
 70
     1
102
RTVSPropertyOp54
 70
     1
102
RTVSPropertyOp55
 70
     1
102
RTVSPropertyOp56
 70
     1
102
RTVSPropertyOp57
 70
     1
102
RTVSPost2010Prop28
280
     0
102
RTVSPost2010PropOp28
 70
     1
102
RTVSPost2010Prop29
280
     1
102
RTVSPost2010PropOp29
 70
     1
102
RTVSPost2010Prop30
280
     1
102
RTVSPost2010PropOp30
 70
     1
102
RTVSPost2010Prop31
280
     0
102
RTVSPost2010PropOp31
 70
     1
102
RTVSPost2010Prop32
280
     0
102
RTVSPost2010PropOp32
 70
     1
102
RTVSPost2010Prop33
280
     0
102
RTVSPost2010PropOp33
 70
     1
102
RTVSPost2010Prop34
280
     0
102
RTVSPost2010PropOp34
 70
     1
102
RTVSPost2010Prop35
280
     0
102
RTVSPost2010PropOp35
 70
     1
102
RTVSPost2010Prop36
280
     0
102
RTVSPost2010PropOp36
 70
     1
102
RTVSPost2010Prop37
 90
       50
102
RTVSPost2010PropOp37
 70
     1
102
RTVSPost2010Prop38
140
0.0
102
RTVSPost2010PropOp38
 70
     1
102
RTVSPost2010Prop39
140
1.0
102
RTVSPost2010PropOp39
 70
     1
102
RTVSPost2010Prop40
 90
        0
102
RTVSPost2010PropOp40
 70
     1
102
RTVSPost2010Prop41ColorIndex
 90
       18
102
RTVSPost2010Prop41ColorRGB
 90
        0
102
RTVSPost2010PropOp41
 70
     1
102
RTVSPost2010Prop42
 90
       50
102
RTVSPost2010PropOp42
 70
     1
102
RTVSPost2010Prop43
 90
        3
102
RTVSPost2010PropOp43
 70
     1
102
RTVSPost2010Prop44ColorIndex
 90
        5
102
RTVSPost2010Prop44ColorRGB
 90
      255
102
RTVSPost2010PropOp44
 70
     1
102
RTVSPost2010Prop45
280
     0
102
RTVSPost2010PropOp45
 70
     1
102
RTVSPost2010Prop46
 90
       50
102
RTVSPost2010PropOp46
 70
     1
102
RTVSPost2010Prop47
 90
       50
102
RTVSPost2010PropOp47
 70
     1
102
RTVSPost2010Prop48
 90
       50
102
RTVSPost2010PropOp48
 70
     1
102
RTVSPost2010Prop49
280
     0
102
RTVSPost2010PropOp49
 70
     1
102
RTVSPost2010Prop50
 90
       50
102
RTVSPost2010PropOp50
 70
     1
102
RTVSPost2010Prop51ColorIndex
 90
      256
102
RTVSPost2010Prop51ColorRGB
 90
-16777216
102
RTVSPost2010PropOp51
 70
     0
102
RTVSPost2010Prop52
140
1.0
102
RTVSPost2010PropOp52
 70
     0
102
RTVSPost2010Prop53
 90
        2
102
RTVSPost2010PropOp53
 70
     1
102
RTVSPost2010Prop54
  1
strokes_ogs.tif
102
RTVSPost2010PropOp54
 70
     1
102
RTVSPost2010Prop55
280
     0
102
RTVSPost2010PropOp55
 70
     1
102
RTVSPost2010Prop56
140
1.0
102
RTVSPost2010PropOp56
 70
     1
102
RTVSPost2010Prop57
140
1.0
102
RTVSPost2010PropOp57
 70
     1
  0
XRECORD
  5
CC
102
{ACAD_REACTORS
330
CB
102
}
330
CB
100
AcDbXrecord
280
     1
102
RTVSPropertyOp0
 70
     1
102
RTVSPropertyOp1
 70
     1
102
RTVSPropertyOp2
 70
     1
102
RTVSPropertyOp3
 70
     1
102
RTVSPropertyOp4
 70
     1
102
RTVSPropertyOp5
 70
     1
102
RTVSPropertyOp6
 70
     1
102
RTVSPropertyOp7
 70
     1
102
RTVSPropertyOp8
 70
     1
102
RTVSPropertyOp9
 70
     1
102
RTVSPropertyOp10
 70
     1
102
RTVSPropertyOp11
 70
     1
102
RTVSPropertyOp12
 70
     1
102
RTVSPropertyOp13
 70
     1
102
RTVSPropertyOp14
 70
     1
102
RTVSPropertyOp15
 70
     1
102
RTVSPropertyOp16
 70
     1
102
RTVSPropertyOp17
 70
     1
102
RTVSPropertyOp18
 70
     1
102
RTVSPropertyOp19
 70
     1
102
RTVSPropertyOp20
 70
     1
102
RTVSPropertyOp21
 70
     1
102
RTVSPropertyOp22
 70
     1
102
RTVSPropertyOp23
 70
     1
102
RTVSPropertyOp24
 70
     1
102
RTVSPropertyOp25
 70
     1
102
RTVSPropertyOp26
 70
     1
102
RTVSPropertyOp27
 70
     1
102
RTVSPropertyOp28
 70
     1
102
RTVSPropertyOp29
 70
     1
102
RTVSPropertyOp30
 70
     1
102
RTVSPropertyOp31
 70
     1
102
RTVSPropertyOp32
 70
     1
102
RTVSPropertyOp33
 70
     1
102
RTVSPropertyOp34
 70
     1
102
RTVSPropertyOp35
 70
     1
102
RTVSPropertyOp36
 70
     1
102
RTVSPropertyOp37
 70
     1
102
RTVSPropertyOp38
 70
     1
102
RTVSPropertyOp39
 70
     1
102
RTVSPropertyOp40
 70
     1
102
RTVSPropertyOp41
 70
     1
102
RTVSPropertyOp42
 70
     1
102
RTVSPropertyOp43
 70
     1
102
RTVSPropertyOp44
 70
     1
102
RTVSPropertyOp45
 70
     1
102
RTVSPropertyOp46
 70
     1
102
RTVSPropertyOp47
 70
     1
102
RTVSPropertyOp48
 70
     1
102
RTVSPropertyOp49
 70
     1
102
RTVSPropertyOp50
 70
     1
102
RTVSPropertyOp51
 70
     0
102
RTVSPropertyOp52
 70
     0
102
RTVSPropertyOp53
 70
     1
102
RTVSPropertyOp54
 70
     1
102
RTVSPropertyOp55
 70
     1
102
RTVSPropertyOp56
 70
     1
102
RTVSPropertyOp57
 70
     1
102
RTVSPost2010Prop28
280
     0
102
RTVSPost2010PropOp28
 70
     1
102
RTVSPost2010Prop29
280
     1
102
RTVSPost2010PropOp29
 70
     1
102
RTVSPost2010Prop30
280
     1
102
RTVSPost2010PropOp30
 70
     1
102
RTVSPost2010Prop31
280
     0
102
RTVSPost2010PropOp31
 70
     1
102
RTVSPost2010Prop32
280
     0
102
RTVSPost2010PropOp32
 70
     1
102
RTVSPost2010Prop33
280
     0
102
RTVSPost2010PropOp33
 70
     1
102
RTVSPost2010Prop34
280
     0
102
RTVSPost2010PropOp34
 70
     1
102
RTVSPost2010Prop35
280
     0
102
RTVSPost2010PropOp35
 70
     1
102
RTVSPost2010Prop36
280
     0
102
RTVSPost2010PropOp36
 70
     1
102
RTVSPost2010Prop37
 90
       50
102
RTVSPost2010PropOp37
 70
     1
102
RTVSPost2010Prop38
140
0.0
102
RTVSPost2010PropOp38
 70
     1
102
RTVSPost2010Prop39
140
1.0
102
RTVSPost2010PropOp39
 70
     1
102
RTVSPost2010Prop40
 90
        0
102
RTVSPost2010PropOp40
 70
     1
102
RTVSPost2010Prop41ColorIndex
 90
       18
102
RTVSPost2010Prop41ColorRGB
 90
        0
102
RTVSPost2010PropOp41
 70
     1
102
RTVSPost2010Prop42
 90
       50
102
RTVSPost2010PropOp42
 70
     1
102
RTVSPost2010Prop43
 90
        3
102
RTVSPost2010PropOp43
 70
     1
102
RTVSPost2010Prop44ColorIndex
 90
        5
102
RTVSPost2010Prop44ColorRGB
 90
      255
102
RTVSPost2010PropOp44
 70
     1
102
RTVSPost2010Prop45
280
     0
102
RTVSPost2010PropOp45
 70
     1
102
RTVSPost2010Prop46
 90
       50
102
RTVSPost2010PropOp46
 70
     1
102
RTVSPost2010Prop47
 90
       50
102
RTVSPost2010PropOp47
 70
     1
102
RTVSPost2010Prop48
 90
       50
102
RTVSPost2010PropOp48
 70
     1
102
RTVSPost2010Prop49
280
     0
102
RTVSPost2010PropOp49
 70
     1
102
RTVSPost2010Prop50
 90
       50
102
RTVSPost2010PropOp50
 70
     1
102
RTVSPost2010Prop51ColorIndex
 90
      256
102
RTVSPost2010Prop51ColorRGB
 90
-16777216
102
RTVSPost2010PropOp51
 70
     0
102
RTVSPost2010Prop52
140
1.0
102
RTVSPost2010PropOp52
 70
     0
102
RTVSPost2010Prop53
 90
        2
102
RTVSPost2010PropOp53
 70
     1
102
RTVSPost2010Prop54
  1
strokes_ogs.tif
102
RTVSPost2010PropOp54
 70
     1
102
RTVSPost2010Prop55
280
     0
102
RTVSPost2010PropOp55
 70
     1
102
RTVSPost2010Prop56
140
1.0
102
RTVSPost2010PropOp56
 70
     1
102
RTVSPost2010Prop57
140
1.0
102
RTVSPost2010PropOp57
 70
     1
  0
XRECORD
  5
C6
102
{ACAD_REACTORS
330
C5
102
}
330
C5
100
AcDbXrecord
280
     1
102
RTVSPropertyOp0
 70
     1
102
RTVSPropertyOp1
 70
     1
102
RTVSPropertyOp2
 70
     1
102
RTVSPropertyOp3
 70
     1
102
RTVSPropertyOp4
 70
     1
102
RTVSPropertyOp5
 70
     1
102
RTVSPropertyOp6
 70
     1
102
RTVSPropertyOp7
 70
     1
102
RTVSPropertyOp8
 70
     1
102
RTVSPropertyOp9
 70
     1
102
RTVSPropertyOp10
 70
     1
102
RTVSPropertyOp11
 70
     1
102
RTVSPropertyOp12
 70
     1
102
RTVSPropertyOp13
 70
     1
102
RTVSPropertyOp14
 70
     1
102
RTVSPropertyOp15
 70
     1
102
RTVSPropertyOp16
 70
     1
102
RTVSPropertyOp17
 70
     1
102
RTVSPropertyOp18
 70
     1
102
RTVSPropertyOp19
 70
     1
102
RTVSPropertyOp20
 70
     1
102
RTVSPropertyOp21
 70
     1
102
RTVSPropertyOp22
 70
     1
102
RTVSPropertyOp23
 70
     1
102
RTVSPropertyOp24
 70
     1
102
RTVSPropertyOp25
 70
     1
102
RTVSPropertyOp26
 70
     1
102
RTVSPropertyOp27
 70
     1
102
RTVSPropertyOp28
 70
     1
102
RTVSPropertyOp29
 70
     1
102
RTVSPropertyOp30
 70
     1
102
RTVSPropertyOp31
 70
     1
102
RTVSPropertyOp32
 70
     1
102
RTVSPropertyOp33
 70
     1
102
RTVSPropertyOp34
 70
     1
102
RTVSPropertyOp35
 70
     1
102
RTVSPropertyOp36
 70
     1
102
RTVSPropertyOp37
 70
     1
102
RTVSPropertyOp38
 70
     1
102
RTVSPropertyOp39
 70
     1
102
RTVSPropertyOp40
 70
     1
102
RTVSPropertyOp41
 70
     1
102
RTVSPropertyOp42
 70
     1
102
RTVSPropertyOp43
 70
     1
102
RTVSPropertyOp44
 70
     1
102
RTVSPropertyOp45
 70
     1
102
RTVSPropertyOp46
 70
     1
102
RTVSPropertyOp47
 70
     1
102
RTVSPropertyOp48
 70
     1
102
RTVSPropertyOp49
 70
     1
102
RTVSPropertyOp50
 70
     1
102
RTVSPropertyOp51
 70
     0
102
RTVSPropertyOp52
 70
     0
102
RTVSPropertyOp53
 70
     1
102
RTVSPropertyOp54
 70
     1
102
RTVSPropertyOp55
 70
     1
102
RTVSPropertyOp56
 70
     1
102
RTVSPropertyOp57
 70
     1
102
RTVSPost2010Prop28
280
     0
102
RTVSPost2010PropOp28
 70
     1
102
RTVSPost2010Prop29
280
     1
102
RTVSPost2010PropOp29
 70
     1
102
RTVSPost2010Prop30
280
     1
102
RTVSPost2010PropOp30
 70
     1
102
RTVSPost2010Prop31
280
     0
102
RTVSPost2010PropOp31
 70
     1
102
RTVSPost2010Prop32
280
     0
102
RTVSPost2010PropOp32
 70
     1
102
RTVSPost2010Prop33
280
     0
102
RTVSPost2010PropOp33
 70
     1
102
RTVSPost2010Prop34
280
     0
102
RTVSPost2010PropOp34
 70
     1
102
RTVSPost2010Prop35
280
     0
102
RTVSPost2010PropOp35
 70
     1
102
RTVSPost2010Prop36
280
     0
102
RTVSPost2010PropOp36
 70
     1
102
RTVSPost2010Prop37
 90
       50
102
RTVSPost2010PropOp37
 70
     1
102
RTVSPost2010Prop38
140
0.0
102
RTVSPost2010PropOp38
 70
     1
102
RTVSPost2010Prop39
140
1.0
102
RTVSPost2010PropOp39
 70
     1
102
RTVSPost2010Prop40
 90
        0
102
RTVSPost2010PropOp40
 70
     1
102
RTVSPost2010Prop41ColorIndex
 90
       18
102
RTVSPost2010Prop41ColorRGB
 90
        0
102
RTVSPost2010PropOp41
 70
     1
102
RTVSPost2010Prop42
 90
       50
102
RTVSPost2010PropOp42
 70
     1
102
RTVSPost2010Prop43
 90
        3
102
RTVSPost2010PropOp43
 70
     1
102
RTVSPost2010Prop44ColorIndex
 90
        5
102
RTVSPost2010Prop44ColorRGB
 90
      255
102
RTVSPost2010PropOp44
 70
     1
102
RTVSPost2010Prop45
280
     0
102
RTVSPost2010PropOp45
 70
     1
102
RTVSPost2010Prop46
 90
       50
102
RTVSPost2010PropOp46
 70
     1
102
RTVSPost2010Prop47
 90
       50
102
RTVSPost2010PropOp47
 70
     1
102
RTVSPost2010Prop48
 90
       50
102
RTVSPost2010PropOp48
 70
     1
102
RTVSPost2010Prop49
280
     0
102
RTVSPost2010PropOp49
 70
     1
102
RTVSPost2010Prop50
 90
       50
102
RTVSPost2010PropOp50
 70
     1
102
RTVSPost2010Prop51ColorIndex
 90
      256
102
RTVSPost2010Prop51ColorRGB
 90
-16777216
102
RTVSPost2010PropOp51
 70
     0
102
RTVSPost2010Prop52
140
1.0
102
RTVSPost2010PropOp52
 70
     0
102
RTVSPost2010Prop53
 90
        2
102
RTVSPost2010PropOp53
 70
     1
102
RTVSPost2010Prop54
  1
strokes_ogs.tif
102
RTVSPost2010PropOp54
 70
     1
102
RTVSPost2010Prop55
280
     0
102
RTVSPost2010PropOp55
 70
     1
102
RTVSPost2010Prop56
140
1.0
102
RTVSPost2010PropOp56
 70
     1
102
RTVSPost2010Prop57
140
1.0
102
RTVSPost2010PropOp57
 70
     1
  0
XRECORD
  5
C8
102
{ACAD_REACTORS
330
C7
102
}
330
C7
100
AcDbXrecord
280
     1
102
RTVSPropertyOp0
 70
     1
102
RTVSPropertyOp1
 70
     1
102
RTVSPropertyOp2
 70
     1
102
RTVSPropertyOp3
 70
     1
102
RTVSPropertyOp4
 70
     1
102
RTVSPropertyOp5
 70
     1
102
RTVSPropertyOp6
 70
     1
102
RTVSPropertyOp7
 70
     1
102
RTVSPropertyOp8
 70
     1
102
RTVSPropertyOp9
 70
     1
102
RTVSPropertyOp10
 70
     1
102
RTVSPropertyOp11
 70
     1
102
RTVSPropertyOp12
 70
     1
102
RTVSPropertyOp13
 70
     1
102
RTVSPropertyOp14
 70
     1
102
RTVSPropertyOp15
 70
     1
102
RTVSPropertyOp16
 70
     1
102
RTVSPropertyOp17
 70
     1
102
RTVSPropertyOp18
 70
     1
102
RTVSPropertyOp19
 70
     1
102
RTVSPropertyOp20
 70
     1
102
RTVSPropertyOp21
 70
     1
102
RTVSPropertyOp22
 70
     1
102
RTVSPropertyOp23
 70
     1
102
RTVSPropertyOp24
 70
     1
102
RTVSPropertyOp25
 70
     1
102
RTVSPropertyOp26
 70
     1
102
RTVSPropertyOp27
 70
     1
102
RTVSPropertyOp28
 70
     1
102
RTVSPropertyOp29
 70
     1
102
RTVSPropertyOp30
 70
     1
102
RTVSPropertyOp31
 70
     1
102
RTVSPropertyOp32
 70
     1
102
RTVSPropertyOp33
 70
     1
102
RTVSPropertyOp34
 70
     1
102
RTVSPropertyOp35
 70
     1
102
RTVSPropertyOp36
 70
     1
102
RTVSPropertyOp37
 70
     1
102
RTVSPropertyOp38
 70
     1
102
RTVSPropertyOp39
 70
     1
102
RTVSPropertyOp40
 70
     1
102
RTVSPropertyOp41
 70
     1
102
RTVSPropertyOp42
 70
     1
102
RTVSPropertyOp43
 70
     1
102
RTVSPropertyOp44
 70
     1
102
RTVSPropertyOp45
 70
     1
102
RTVSPropertyOp46
 70
     1
102
RTVSPropertyOp47
 70
     1
102
RTVSPropertyOp48
 70
     1
102
RTVSPropertyOp49
 70
     1
102
RTVSPropertyOp50
 70
     1
102
RTVSPropertyOp51
 70
     0
102
RTVSPropertyOp52
 70
     0
102
RTVSPropertyOp53
 70
     1
102
RTVSPropertyOp54
 70
     1
102
RTVSPropertyOp55
 70
     1
102
RTVSPropertyOp56
 70
     1
102
RTVSPropertyOp57
 70
     1
102
RTVSPost2010Prop28
280
     0
102
RTVSPost2010PropOp28
 70
     1
102
RTVSPost2010Prop29
280
     1
102
RTVSPost2010PropOp29
 70
     1
102
RTVSPost2010Prop30
280
     1
102
RTVSPost2010PropOp30
 70
     1
102
RTVSPost2010Prop31
280
     0
102
RTVSPost2010PropOp31
 70
     1
102
RTVSPost2010Prop32
280
     0
102
RTVSPost2010PropOp32
 70
     1
102
RTVSPost2010Prop33
280
     0
102
RTVSPost2010PropOp33
 70
     1
102
RTVSPost2010Prop34
280
     0
102
RTVSPost2010PropOp34
 70
     1
102
RTVSPost2010Prop35
280
     0
102
RTVSPost2010PropOp35
 70
     1
102
RTVSPost2010Prop36
280
     0
102
RTVSPost2010PropOp36
 70
     1
102
RTVSPost2010Prop37
 90
       50
102
RTVSPost2010PropOp37
 70
     1
102
RTVSPost2010Prop38
140
0.0
102
RTVSPost2010PropOp38
 70
     1
102
RTVSPost2010Prop39
140
1.0
102
RTVSPost2010PropOp39
 70
     1
102
RTVSPost2010Prop40
 90
        0
102
RTVSPost2010PropOp40
 70
     1
102
RTVSPost2010Prop41ColorIndex
 90
       18
102
RTVSPost2010Prop41ColorRGB
 90
        0
102
RTVSPost2010PropOp41
 70
     1
102
RTVSPost2010Prop42
 90
       50
102
RTVSPost2010PropOp42
 70
     1
102
RTVSPost2010Prop43
 90
        3
102
RTVSPost2010PropOp43
 70
     1
102
RTVSPost2010Prop44ColorIndex
 90
        5
102
RTVSPost2010Prop44ColorRGB
 90
      255
102
RTVSPost2010PropOp44
 70
     1
102
RTVSPost2010Prop45
280
     0
102
RTVSPost2010PropOp45
 70
     1
102
RTVSPost2010Prop46
 90
       50
102
RTVSPost2010PropOp46
 70
     1
102
RTVSPost2010Prop47
 90
       50
102
RTVSPost2010PropOp47
 70
     1
102
RTVSPost2010Prop48
 90
       50
102
RTVSPost2010PropOp48
 70
     1
102
RTVSPost2010Prop49
280
     0
102
RTVSPost2010PropOp49
 70
     1
102
RTVSPost2010Prop50
 90
       50
102
RTVSPost2010PropOp50
 70
     1
102
RTVSPost2010Prop51ColorIndex
 90
      256
102
RTVSPost2010Prop51ColorRGB
 90
-16777216
102
RTVSPost2010PropOp51
 70
     0
102
RTVSPost2010Prop52
140
1.0
102
RTVSPost2010PropOp52
 70
     0
102
RTVSPost2010Prop53
 90
        2
102
RTVSPost2010PropOp53
 70
     1
102
RTVSPost2010Prop54
  1
strokes_ogs.tif
102
RTVSPost2010PropOp54
 70
     1
102
RTVSPost2010Prop55
280
     0
102
RTVSPost2010PropOp55
 70
     1
102
RTVSPost2010Prop56
140
1.0
102
RTVSPost2010PropOp56
 70
     1
102
RTVSPost2010Prop57
140
1.0
102
RTVSPost2010PropOp57
 70
     1
  0
XRECORD
  5
B8
102
{ACAD_REACTORS
330
B7
102
}
330
B7
100
AcDbXrecord
280
     1
102
RTVSPropertyOp0
 70
     1
102
RTVSPropertyOp1
 70
     1
102
RTVSPropertyOp2
 70
     1
102
RTVSPropertyOp3
 70
     1
102
RTVSPropertyOp4
 70
     1
102
RTVSPropertyOp5
 70
     1
102
RTVSPropertyOp6
 70
     1
102
RTVSPropertyOp7
 70
     1
102
RTVSPropertyOp8
 70
     1
102
RTVSPropertyOp9
 70
     1
102
RTVSPropertyOp10
 70
     1
102
RTVSPropertyOp11
 70
     1
102
RTVSPropertyOp12
 70
     1
102
RTVSPropertyOp13
 70
     1
102
RTVSPropertyOp14
 70
     1
102
RTVSPropertyOp15
 70
     1
102
RTVSPropertyOp16
 70
     1
102
RTVSPropertyOp17
 70
     1
102
RTVSPropertyOp18
 70
     1
102
RTVSPropertyOp19
 70
     1
102
RTVSPropertyOp20
 70
     1
102
RTVSPropertyOp21
 70
     1
102
RTVSPropertyOp22
 70
     1
102
RTVSPropertyOp23
 70
     1
102
RTVSPropertyOp24
 70
     1
102
RTVSPropertyOp25
 70
     1
102
RTVSPropertyOp26
 70
     1
102
RTVSPropertyOp27
 70
     1
102
RTVSPropertyOp28
 70
     1
102
RTVSPropertyOp29
 70
     1
102
RTVSPropertyOp30
 70
     1
102
RTVSPropertyOp31
 70
     1
102
RTVSPropertyOp32
 70
     1
102
RTVSPropertyOp33
 70
     1
102
RTVSPropertyOp34
 70
     1
102
RTVSPropertyOp35
 70
     1
102
RTVSPropertyOp36
 70
     1
102
RTVSPropertyOp37
 70
     1
102
RTVSPropertyOp38
 70
     1
102
RTVSPropertyOp39
 70
     1
102
RTVSPropertyOp40
 70
     1
102
RTVSPropertyOp41
 70
     1
102
RTVSPropertyOp42
 70
     1
102
RTVSPropertyOp43
 70
     1
102
RTVSPropertyOp44
 70
     1
102
RTVSPropertyOp45
 70
     1
102
RTVSPropertyOp46
 70
     1
102
RTVSPropertyOp47
 70
     1
102
RTVSPropertyOp48
 70
     1
102
RTVSPropertyOp49
 70
     1
102
RTVSPropertyOp50
 70
     1
102
RTVSPropertyOp51
 70
     0
102
RTVSPropertyOp52
 70
     0
102
RTVSPropertyOp53
 70
     1
102
RTVSPropertyOp54
 70
     1
102
RTVSPropertyOp55
 70
     1
102
RTVSPropertyOp56
 70
     1
102
RTVSPropertyOp57
 70
     1
102
RTVSPost2010Prop28
280
     0
102
RTVSPost2010PropOp28
 70
     1
102
RTVSPost2010Prop29
280
     1
102
RTVSPost2010PropOp29
 70
     1
102
RTVSPost2010Prop30
280
     1
102
RTVSPost2010PropOp30
 70
     1
102
RTVSPost2010Prop31
280
     0
102
RTVSPost2010PropOp31
 70
     1
102
RTVSPost2010Prop32
280
     0
102
RTVSPost2010PropOp32
 70
     1
102
RTVSPost2010Prop33
280
     0
102
RTVSPost2010PropOp33
 70
     1
102
RTVSPost2010Prop34
280
     0
102
RTVSPost2010PropOp34
 70
     1
102
RTVSPost2010Prop35
280
     0
102
RTVSPost2010PropOp35
 70
     1
102
RTVSPost2010Prop36
280
     0
102
RTVSPost2010PropOp36
 70
     1
102
RTVSPost2010Prop37
 90
       50
102
RTVSPost2010PropOp37
 70
     1
102
RTVSPost2010Prop38
140
0.0
102
RTVSPost2010PropOp38
 70
     1
102
RTVSPost2010Prop39
140
1.0
102
RTVSPost2010PropOp39
 70
     1
102
RTVSPost2010Prop40
 90
        0
102
RTVSPost2010PropOp40
 70
     1
102
RTVSPost2010Prop41ColorIndex
 90
       18
102
RTVSPost2010Prop41ColorRGB
 90
        0
102
RTVSPost2010PropOp41
 70
     1
102
RTVSPost2010Prop42
 90
       50
102
RTVSPost2010PropOp42
 70
     1
102
RTVSPost2010Prop43
 90
        3
102
RTVSPost2010PropOp43
 70
     1
102
RTVSPost2010Prop44ColorIndex
 90
        5
102
RTVSPost2010Prop44ColorRGB
 90
      255
102
RTVSPost2010PropOp44
 70
     1
102
RTVSPost2010Prop45
280
     0
102
RTVSPost2010PropOp45
 70
     1
102
RTVSPost2010Prop46
 90
       50
102
RTVSPost2010PropOp46
 70
     1
102
RTVSPost2010Prop47
 90
       50
102
RTVSPost2010PropOp47
 70
     1
102
RTVSPost2010Prop48
 90
       50
102
RTVSPost2010PropOp48
 70
     1
102
RTVSPost2010Prop49
280
     0
102
RTVSPost2010PropOp49
 70
     1
102
RTVSPost2010Prop50
 90
       50
102
RTVSPost2010PropOp50
 70
     1
102
RTVSPost2010Prop51ColorIndex
 90
      256
102
RTVSPost2010Prop51ColorRGB
 90
-16777216
102
RTVSPost2010PropOp51
 70
     0
102
RTVSPost2010Prop52
140
1.0
102
RTVSPost2010PropOp52
 70
     0
102
RTVSPost2010Prop53
 90
        2
102
RTVSPost2010PropOp53
 70
     1
102
RTVSPost2010Prop54
  1
strokes_ogs.tif
102
RTVSPost2010PropOp54
 70
     1
102
RTVSPost2010Prop55
280
     0
102
RTVSPost2010PropOp55
 70
     1
102
RTVSPost2010Prop56
140
1.0
102
RTVSPost2010PropOp56
 70
     1
102
RTVSPost2010Prop57
140
1.0
102
RTVSPost2010PropOp57
 70
     1
  0
XRECORD
  5
AA
102
{ACAD_REACTORS
330
A9
102
}
330
A9
100
AcDbXrecord
280
     1
102
RTVSPropertyOp0
 70
     1
102
RTVSPropertyOp1
 70
     1
102
RTVSPropertyOp2
 70
     1
102
RTVSPropertyOp3
 70
     1
102
RTVSPropertyOp4
 70
     1
102
RTVSPropertyOp5
 70
     1
102
RTVSPropertyOp6
 70
     1
102
RTVSPropertyOp7
 70
     1
102
RTVSPropertyOp8
 70
     1
102
RTVSPropertyOp9
 70
     1
102
RTVSPropertyOp10
 70
     1
102
RTVSPropertyOp11
 70
     1
102
RTVSPropertyOp12
 70
     1
102
RTVSPropertyOp13
 70
     1
102
RTVSPropertyOp14
 70
     1
102
RTVSPropertyOp15
 70
     1
102
RTVSPropertyOp16
 70
     1
102
RTVSPropertyOp17
 70
     1
102
RTVSPropertyOp18
 70
     1
102
RTVSPropertyOp19
 70
     1
102
RTVSPropertyOp20
 70
     1
102
RTVSPropertyOp21
 70
     1
102
RTVSPropertyOp22
 70
     1
102
RTVSPropertyOp23
 70
     1
102
RTVSPropertyOp24
 70
     1
102
RTVSPropertyOp25
 70
     1
102
RTVSPropertyOp26
 70
     1
102
RTVSPropertyOp27
 70
     1
102
RTVSPropertyOp28
 70
     1
102
RTVSPropertyOp29
 70
     1
102
RTVSPropertyOp30
 70
     1
102
RTVSPropertyOp31
 70
     1
102
RTVSPropertyOp32
 70
     1
102
RTVSPropertyOp33
 70
     1
102
RTVSPropertyOp34
 70
     1
102
RTVSPropertyOp35
 70
     1
102
RTVSPropertyOp36
 70
     1
102
RTVSPropertyOp37
 70
     1
102
RTVSPropertyOp38
 70
     1
102
RTVSPropertyOp39
 70
     1
102
RTVSPropertyOp40
 70
     1
102
RTVSPropertyOp41
 70
     1
102
RTVSPropertyOp42
 70
     1
102
RTVSPropertyOp43
 70
     1
102
RTVSPropertyOp44
 70
     1
102
RTVSPropertyOp45
 70
     1
102
RTVSPropertyOp46
 70
     1
102
RTVSPropertyOp47
 70
     1
102
RTVSPropertyOp48
 70
     1
102
RTVSPropertyOp49
 70
     1
102
RTVSPropertyOp50
 70
     1
102
RTVSPropertyOp51
 70
     0
102
RTVSPropertyOp52
 70
     0
102
RTVSPropertyOp53
 70
     1
102
RTVSPropertyOp54
 70
     1
102
RTVSPropertyOp55
 70
     1
102
RTVSPropertyOp56
 70
     1
102
RTVSPropertyOp57
 70
     1
102
RTVSPost2010Prop28
280
     0
102
RTVSPost2010PropOp28
 70
     1
102
RTVSPost2010Prop29
280
     1
102
RTVSPost2010PropOp29
 70
     1
102
RTVSPost2010Prop30
280
     1
102
RTVSPost2010PropOp30
 70
     1
102
RTVSPost2010Prop31
280
     0
102
RTVSPost2010PropOp31
 70
     1
102
RTVSPost2010Prop32
280
     0
102
RTVSPost2010PropOp32
 70
     1
102
RTVSPost2010Prop33
280
     0
102
RTVSPost2010PropOp33
 70
     1
102
RTVSPost2010Prop34
280
     0
102
RTVSPost2010PropOp34
 70
     1
102
RTVSPost2010Prop35
280
     0
102
RTVSPost2010PropOp35
 70
     1
102
RTVSPost2010Prop36
280
     0
102
RTVSPost2010PropOp36
 70
     1
102
RTVSPost2010Prop37
 90
       50
102
RTVSPost2010PropOp37
 70
     1
102
RTVSPost2010Prop38
140
0.0
102
RTVSPost2010PropOp38
 70
     1
102
RTVSPost2010Prop39
140
1.0
102
RTVSPost2010PropOp39
 70
     1
102
RTVSPost2010Prop40
 90
        0
102
RTVSPost2010PropOp40
 70
     1
102
RTVSPost2010Prop41ColorIndex
 90
       18
102
RTVSPost2010Prop41ColorRGB
 90
        0
102
RTVSPost2010PropOp41
 70
     1
102
RTVSPost2010Prop42
 90
       50
102
RTVSPost2010PropOp42
 70
     1
102
RTVSPost2010Prop43
 90
        3
102
RTVSPost2010PropOp43
 70
     1
102
RTVSPost2010Prop44ColorIndex
 90
        5
102
RTVSPost2010Prop44ColorRGB
 90
      255
102
RTVSPost2010PropOp44
 70
     1
102
RTVSPost2010Prop45
280
     0
102
RTVSPost2010PropOp45
 70
     1
102
RTVSPost2010Prop46
 90
       50
102
RTVSPost2010PropOp46
 70
     1
102
RTVSPost2010Prop47
 90
       50
102
RTVSPost2010PropOp47
 70
     1
102
RTVSPost2010Prop48
 90
       50
102
RTVSPost2010PropOp48
 70
     1
102
RTVSPost2010Prop49
280
     0
102
RTVSPost2010PropOp49
 70
     1
102
RTVSPost2010Prop50
 90
       50
102
RTVSPost2010PropOp50
 70
     1
102
RTVSPost2010Prop51ColorIndex
 90
      256
102
RTVSPost2010Prop51ColorRGB
 90
-16777216
102
RTVSPost2010PropOp51
 70
     0
102
RTVSPost2010Prop52
140
1.0
102
RTVSPost2010PropOp52
 70
     0
102
RTVSPost2010Prop53
 90
        2
102
RTVSPost2010PropOp53
 70
     1
102
RTVSPost2010Prop54
  1
strokes_ogs.tif
102
RTVSPost2010PropOp54
 70
     1
102
RTVSPost2010Prop55
280
     0
102
RTVSPost2010PropOp55
 70
     1
102
RTVSPost2010Prop56
140
1.0
102
RTVSPost2010PropOp56
 70
     1
102
RTVSPost2010Prop57
140
1.0
102
RTVSPost2010PropOp57
 70
     1
  0
XRECORD
  5
CA
102
{ACAD_REACTORS
330
C9
102
}
330
C9
100
AcDbXrecord
280
     1
102
RTVSPropertyOp0
 70
     1
102
RTVSPropertyOp1
 70
     1
102
RTVSPropertyOp2
 70
     1
102
RTVSPropertyOp3
 70
     1
102
RTVSPropertyOp4
 70
     1
102
RTVSPropertyOp5
 70
     1
102
RTVSPropertyOp6
 70
     1
102
RTVSPropertyOp7
 70
     1
102
RTVSPropertyOp8
 70
     1
102
RTVSPropertyOp9
 70
     1
102
RTVSPropertyOp10
 70
     1
102
RTVSPropertyOp11
 70
     1
102
RTVSPropertyOp12
 70
     1
102
RTVSPropertyOp13
 70
     1
102
RTVSPropertyOp14
 70
     1
102
RTVSPropertyOp15
 70
     1
102
RTVSPropertyOp16
 70
     1
102
RTVSPropertyOp17
 70
     1
102
RTVSPropertyOp18
 70
     1
102
RTVSPropertyOp19
 70
     1
102
RTVSPropertyOp20
 70
     1
102
RTVSPropertyOp21
 70
     1
102
RTVSPropertyOp22
 70
     1
102
RTVSPropertyOp23
 70
     1
102
RTVSPropertyOp24
 70
     1
102
RTVSPropertyOp25
 70
     1
102
RTVSPropertyOp26
 70
     1
102
RTVSPropertyOp27
 70
     1
102
RTVSPropertyOp28
 70
     1
102
RTVSPropertyOp29
 70
     1
102
RTVSPropertyOp30
 70
     1
102
RTVSPropertyOp31
 70
     1
102
RTVSPropertyOp32
 70
     1
102
RTVSPropertyOp33
 70
     1
102
RTVSPropertyOp34
 70
     1
102
RTVSPropertyOp35
 70
     1
102
RTVSPropertyOp36
 70
     1
102
RTVSPropertyOp37
 70
     1
102
RTVSPropertyOp38
 70
     1
102
RTVSPropertyOp39
 70
     1
102
RTVSPropertyOp40
 70
     1
102
RTVSPropertyOp41
 70
     1
102
RTVSPropertyOp42
 70
     1
102
RTVSPropertyOp43
 70
     1
102
RTVSPropertyOp44
 70
     1
102
RTVSPropertyOp45
 70
     1
102
RTVSPropertyOp46
 70
     1
102
RTVSPropertyOp47
 70
     1
102
RTVSPropertyOp48
 70
     1
102
RTVSPropertyOp49
 70
     1
102
RTVSPropertyOp50
 70
     1
102
RTVSPropertyOp51
 70
     0
102
RTVSPropertyOp52
 70
     0
102
RTVSPropertyOp53
 70
     1
102
RTVSPropertyOp54
 70
     1
102
RTVSPropertyOp55
 70
     1
102
RTVSPropertyOp56
 70
     1
102
RTVSPropertyOp57
 70
     1
102
RTVSPost2010Prop28
280
     0
102
RTVSPost2010PropOp28
 70
     1
102
RTVSPost2010Prop29
280
     1
102
RTVSPost2010PropOp29
 70
     1
102
RTVSPost2010Prop30
280
     1
102
RTVSPost2010PropOp30
 70
     1
102
RTVSPost2010Prop31
280
     0
102
RTVSPost2010PropOp31
 70
     1
102
RTVSPost2010Prop32
280
     0
102
RTVSPost2010PropOp32
 70
     1
102
RTVSPost2010Prop33
280
     0
102
RTVSPost2010PropOp33
 70
     1
102
RTVSPost2010Prop34
280
     0
102
RTVSPost2010PropOp34
 70
     1
102
RTVSPost2010Prop35
280
     0
102
RTVSPost2010PropOp35
 70
     1
102
RTVSPost2010Prop36
280
     0
102
RTVSPost2010PropOp36
 70
     1
102
RTVSPost2010Prop37
 90
       50
102
RTVSPost2010PropOp37
 70
     1
102
RTVSPost2010Prop38
140
0.0
102
RTVSPost2010PropOp38
 70
     1
102
RTVSPost2010Prop39
140
1.0
102
RTVSPost2010PropOp39
 70
     1
102
RTVSPost2010Prop40
 90
        0
102
RTVSPost2010PropOp40
 70
     1
102
RTVSPost2010Prop41ColorIndex
 90
       18
102
RTVSPost2010Prop41ColorRGB
 90
        0
102
RTVSPost2010PropOp41
 70
     1
102
RTVSPost2010Prop42
 90
       50
102
RTVSPost2010PropOp42
 70
     1
102
RTVSPost2010Prop43
 90
        3
102
RTVSPost2010PropOp43
 70
     1
102
RTVSPost2010Prop44ColorIndex
 90
        5
102
RTVSPost2010Prop44ColorRGB
 90
      255
102
RTVSPost2010PropOp44
 70
     1
102
RTVSPost2010Prop45
280
     0
102
RTVSPost2010PropOp45
 70
     1
102
RTVSPost2010Prop46
 90
       50
102
RTVSPost2010PropOp46
 70
     1
102
RTVSPost2010Prop47
 90
       50
102
RTVSPost2010PropOp47
 70
     1
102
RTVSPost2010Prop48
 90
       50
102
RTVSPost2010PropOp48
 70
     1
102
RTVSPost2010Prop49
280
     0
102
RTVSPost2010PropOp49
 70
     1
102
RTVSPost2010Prop50
 90
       50
102
RTVSPost2010PropOp50
 70
     1
102
RTVSPost2010Prop51ColorIndex
 90
      256
102
RTVSPost2010Prop51ColorRGB
 90
-16777216
102
RTVSPost2010PropOp51
 70
     0
102
RTVSPost2010Prop52
140
1.0
102
RTVSPost2010PropOp52
 70
     0
102
RTVSPost2010Prop53
 90
        2
102
RTVSPost2010PropOp53
 70
     1
102
RTVSPost2010Prop54
  1
strokes_ogs.tif
102
RTVSPost2010PropOp54
 70
     1
102
RTVSPost2010Prop55
280
     0
102
RTVSPost2010PropOp55
 70
     1
102
RTVSPost2010Prop56
140
1.0
102
RTVSPost2010PropOp56
 70
     1
102
RTVSPost2010Prop57
140
1.0
102
RTVSPost2010PropOp57
 70
     1
  0
ENDSEC
  0
EOF
